target_at,pair,status,window_start_exclusive,window_end_inclusive,window_minutes,trade_count,total_base_amount,total_quote_notional,vwap,contributing_trades_sha256
2025-06-03T08:00:00Z,BSV_USDT,OK,2025-06-03T07:30:00Z,2025-06-03T08:00:00Z,30,96,243.5674,8325.357751,34.180919741311850436470562152406274402896282507429,89b46b612b896d2f5ef9bd2897a596dc2ed4161809227221bea3daf81e042581
2025-06-03T08:00:00Z,BTC_USDT,OK,2025-06-03T07:30:00Z,2025-06-03T08:00:00Z,30,1419,18.57629,1954938.334715,105238.36216569616430406717380058127860837659188137,ef9de7cc50ae6973ee792a2009807e90ca097e237d757b70bd625f7326afb446
2025-06-03T08:00:00Z,BCH_USDT,OK,2025-06-03T07:30:00Z,2025-06-03T08:00:00Z,30,28,19.9217,8030.134436,403.08479878725209193994488422172806537594683184668,95e5d33a60a38c3919f057d21834b53ab069a0046f948657c164c2daa3283297
2025-06-03T08:00:00Z,LTC_USDT,OK,2025-06-03T07:30:00Z,2025-06-03T08:00:00Z,30,132,365.4998,32703.012532,89.474775449945526645979012847613049309466106411002,9033e628ef77e6b278a6b4f80d402561179a4fae87cdfe93330733ba99ea57f4
2025-06-03T08:00:00Z,DOGE_USDT,OK,2025-06-03T07:30:00Z,2025-06-03T08:00:00Z,30,230,206846.55,40473.1827331,0.19566767119441924460427307102777397060767994438389,6014ab4afa80e0e21be50745717f51f3df03ddac587cacd74a3687708ad9a674
2025-06-03T08:00:00Z,ETC_USDT,OK,2025-06-03T07:30:00Z,2025-06-03T08:00:00Z,30,209,435.7691,7644.9482355,17.543575796218685537822668013863305131088918420329,8b30934b12713a5550ad23519733ee185097b3cd63e10708288aabf904defd77
2025-06-04T08:00:00Z,BSV_USDT,OK,2025-06-04T07:30:00Z,2025-06-04T08:00:00Z,30,80,139.4364,4779.932312,34.280376659179382141248626613997492763725971123752,6d79fcf390a32993fabc60f5e6f3faf1bf0c5fcbef885fb6edb916607f782169
2025-06-04T08:00:00Z,BTC_USDT,OK,2025-06-04T07:30:00Z,2025-06-04T08:00:00Z,30,2686,77.44153,8158556.823163,105351.18331421137986297533119503191633739674306538,50c0b276faed3b5b330053b25d672752790c4acfb1ebae2b32408ed69f19ca51
2025-06-04T08:00:00Z,BCH_USDT,OK,2025-06-04T07:30:00Z,2025-06-04T08:00:00Z,30,25,15.8446,6385.251624,402.99228910796107191093495575779760928013329462404,f95a417258cf4a2d0feb0a47c88ad9f735995217d8c504cc45fd065134cab001
2025-06-04T08:00:00Z,LTC_USDT,OK,2025-06-04T07:30:00Z,2025-06-04T08:00:00Z,30,128,308.9316,27886.88031,90.268785420462005181729547899923478206826365447886,274b32a2942779f9a866f3685eebd5d5b4b35bf341230f8f7a90716c8e2e1bb6
2025-06-04T08:00:00Z,DOGE_USDT,OK,2025-06-04T07:30:00Z,2025-06-04T08:00:00Z,30,215,141445.73,27618.9081969,0.1952615197143102163635480547910495424640955934124,7b5e479fa1faf9597583862432b7e9bb2c7b7e003dabfeced69b7f7ab6ed2fad
2025-06-04T08:00:00Z,ETC_USDT,OK,2025-06-04T07:30:00Z,2025-06-04T08:00:00Z,30,138,210.8345,3722.7215361,17.657079539164605413250677664234269059380699079136,41d3b7e6ada514f8336e264b082495be0576c9e2858769d723bec138f4ef732b
2025-06-05T08:00:00Z,BSV_USDT,OK,2025-06-05T07:30:00Z,2025-06-05T08:00:00Z,30,21,88.9865,2978.330288,33.469462086945772673383041247829726981058924668349,905cb2c32b09fb2c64ee00cc714430b1dde32f274ab3d20232e1774b33ffe57c
2025-06-05T08:00:00Z,BTC_USDT,OK,2025-06-05T07:30:00Z,2025-06-05T08:00:00Z,30,1621,14.51365,1517102.756365,104529.37451054696785439913460776579289151936280674,46257b6a47fb7403cb811ba5df0d1f9aa4727b1675e24d268ed59486202cc0d9
2025-06-05T08:00:00Z,BCH_USDT,OK,2025-06-05T07:30:00Z,2025-06-05T08:00:00Z,30,240,64.164,25763.463153,401.52520343183093323358892837104918645969702636993,91452fddbaa862cbeab62764cfa13097f6da336d071938b16bcac7461c165307
2025-06-05T08:00:00Z,LTC_USDT,OK,2025-06-05T07:30:00Z,2025-06-05T08:00:00Z,30,691,2188.2567,191693.113619,87.600834773635104144774239695004703972801728426103,c763e5452e984e3f2fcc329d2fe9e5363d21fd156cce6e31907663f45544b8ca
2025-06-05T08:00:00Z,DOGE_USDT,OK,2025-06-05T07:30:00Z,2025-06-05T08:00:00Z,30,528,882485.84,166589.1208261,0.18877257092997662149457264946030182195331315457708,b5802ac22af0051391f127f961dfa6b1df742c5e29665a37baa09b799d2e5aab
2025-06-05T08:00:00Z,ETC_USDT,OK,2025-06-05T07:30:00Z,2025-06-05T08:00:00Z,30,181,670.6638,11608.3617283,17.308764433535849109494205591534834592235334604313,2fed3b0c1e686f89bbb63aa78746896779773edd6d4db26805b86ad23ed4a802
2025-06-06T08:00:00Z,BSV_USDT,OK,2025-06-06T07:30:00Z,2025-06-06T08:00:00Z,30,17,98.9469,3199.929349,32.339864604146264309442741510850769453110708875164,606e0ebe6b384fcdbde7b9db4605cee17d8cd4a77c72f7c70bbf21a9dc583f10
2025-06-06T08:00:00Z,BTC_USDT,OK,2025-06-06T07:30:00Z,2025-06-06T08:00:00Z,30,3165,58.25473,6008821.841265,103147.36402117046976271283035729459221594538331909,7ffe3c994790424bce6fa94c79e698bc116bca4c1b8cebf93cbc80d4033483b6
2025-06-06T08:00:00Z,BCH_USDT,OK,2025-06-06T07:30:00Z,2025-06-06T08:00:00Z,30,185,47.4507,18321.700028,386.12075328709587002931463603276663990204570217088,d4c8cac89301563ce97bc33b92db0a5b7aadb2692582b7a86d8a2b0227c86a34
2025-06-06T08:00:00Z,LTC_USDT,OK,2025-06-06T07:30:00Z,2025-06-06T08:00:00Z,30,152,203.2541,17030.508478,83.789249407515026757147826292310954612969676872447,02944664ec1b3bf052bbeca92cfb16870d45375dca15e5b479ffb2aebfa36e7c
2025-06-06T08:00:00Z,DOGE_USDT,OK,2025-06-06T07:30:00Z,2025-06-06T08:00:00Z,30,497,1554006.21,271915.2200385,0.17497691984030102427969061976914493797293126647158,0c62c552ab36b4489d21c0a4ffd88f9a279e933be7ceef071e3eaa923291db80
2025-06-06T08:00:00Z,ETC_USDT,OK,2025-06-06T07:30:00Z,2025-06-06T08:00:00Z,30,158,802.2535,13262.6006159,16.531683085084702029969330143153005876571432845104,5b90870fd595c89da97fc427f84afa4640aea9f1437000a2954fd5af9e5d92df
2025-06-07T08:00:00Z,BSV_USDT,OK,2025-06-07T07:30:00Z,2025-06-07T08:00:00Z,30,42,47.5296,1555.532793,32.727664297616643102403554837406584528378105433246,9ebd9b267262e48566aa7f2d5a0d40d4709daaf4b7836587c170df6b49a7cbfa
2025-06-07T08:00:00Z,BTC_USDT,OK,2025-06-07T07:30:00Z,2025-06-07T08:00:00Z,30,874,25.69841,2697360.840895,104962.16851139817599610248260495493690076545591731,beadd089f1c58f5a627e5fdaea7a8585edbf852da256ecfb4c69726ad06dafe9
2025-06-07T08:00:00Z,BCH_USDT,OK,2025-06-07T07:30:00Z,2025-06-07T08:00:00Z,30,605,236.4451,95714.33525,404.80574666169863532803175028791038596274568599645,024f0dbf79077c0241bc26268c949f75c813940753334c38c75ce61df87eb3b9
2025-06-07T08:00:00Z,LTC_USDT,OK,2025-06-07T07:30:00Z,2025-06-07T08:00:00Z,30,176,535.5672,47224.482372,88.176576855341402535480141427630370194440585607184,d5aede2703b689ca3d6fda905cb21284bb402a09fef37e9233a10f77c0f647fc
2025-06-07T08:00:00Z,DOGE_USDT,OK,2025-06-07T07:30:00Z,2025-06-07T08:00:00Z,30,558,593782.41,110213.7491852,0.18561302478663859375692856917064956504858404276408,9dd3be1876a77c4c1861987d47befc237dc5f91ca85d1f63bf64c0bd22111bd6
2025-06-07T08:00:00Z,ETC_USDT,OK,2025-06-07T07:30:00Z,2025-06-07T08:00:00Z,30,178,605.224,10385.5961513,17.159921204876211121832577690243612282394617530038,41ab8b5b3c7797f9b91c85d0bacb7e57aadb5aab7c0b05af3cbb07eea506b889
2025-06-08T08:00:00Z,BSV_USDT,OK,2025-06-08T07:30:00Z,2025-06-08T08:00:00Z,30,24,55.8337,1823.510463,32.659674408108364661485805167846658917463825610697,996c2d17b75f3241d60ba6503ea1992fb1f17698016864c4f5998bd19f0b27e7
2025-06-08T08:00:00Z,BTC_USDT,OK,2025-06-08T07:30:00Z,2025-06-08T08:00:00Z,30,846,7.292,768884.352239,105442.17666470104223806911684037301151947339550192,4ca5bb56e2930e8b43f0e8552d1880f96f605b40a4eee357ad018e637bbca99a
2025-06-08T08:00:00Z,BCH_USDT,OK,2025-06-08T07:30:00Z,2025-06-08T08:00:00Z,30,40,73.3423,30009.1938,409.16624921770928918236815589366572905403839257836,fbd36a836de0c13432a9444b276462872c8e894e6fd424d731cab69817f0b5b4
2025-06-08T08:00:00Z,LTC_USDT,OK,2025-06-08T07:30:00Z,2025-06-08T08:00:00Z,30,534,1231.3492,107374.053744,87.200327692583062546351595469424920241958982878293,643fb34241ff564e7a407281fa8322d76543c358a81921920eae904d9f67cc0f
2025-06-08T08:00:00Z,DOGE_USDT,OK,2025-06-08T07:30:00Z,2025-06-08T08:00:00Z,30,341,520647.9,95394.0160005,0.18322174352475060400704583654327617570338802864662,69979738f6c2716221c418625fd2bdd0f969adbe15507cb96cef03dde66e7542
2025-06-08T08:00:00Z,ETC_USDT,OK,2025-06-08T07:30:00Z,2025-06-08T08:00:00Z,30,134,407.5224,6906.1767956,16.946741567089318280418450617683837747323828088959,c0bdf9019472f733ea5c98fd01535acd99df8450c041855121f4c06b2eb23a4b
2025-06-09T08:00:00Z,BSV_USDT,OK,2025-06-09T07:30:00Z,2025-06-09T08:00:00Z,30,97,474.6685,15731.27392,33.141600759266730360240883901080438242689371635152,e9f7d75267fe29ba31d186a18a229e02f296d0c0649f117cea8ceb46726888aa
2025-06-09T08:00:00Z,BTC_USDT,OK,2025-06-09T07:30:00Z,2025-06-09T08:00:00Z,30,1009,7.93293,837549.59579,105578.84612495004998153267456034529486583141411811,f9aa4b0d5b0f71d94ed762472f96e319aae973562c8d8a08574834db238bce63
2025-06-09T08:00:00Z,BCH_USDT,OK,2025-06-09T07:30:00Z,2025-06-09T08:00:00Z,30,110,33.0024,13725.563911,415.89593214432889729231813443870748794027101059317,41bb8d744bfc99a9c3784225ca501b9be2645e6f7773e1d8a54682b990f877a9
2025-06-09T08:00:00Z,LTC_USDT,OK,2025-06-09T07:30:00Z,2025-06-09T08:00:00Z,30,100,227.028,19724.716378,86.882306931303627746357277516429691491798368483183,03a03ddbd2b14676dd9290a24a7acdda94c1f61b46a39d0a0e50a724cf7d17c0
2025-06-09T08:00:00Z,DOGE_USDT,OK,2025-06-09T07:30:00Z,2025-06-09T08:00:00Z,30,212,195228.8,35394.5842656,0.18129796559524004655050894130374207084200691701224,3eab5ee70b138ae67ef06d76df7161daeb22406b4672cc6a9de5af110c44c04e
2025-06-09T08:00:00Z,ETC_USDT,OK,2025-06-09T07:30:00Z,2025-06-09T08:00:00Z,30,137,309.2823,5164.7476628,16.699137528400428993188423650496649824448408460491,0a7fa66a6b01dfeedb54ea773844cfdb79176ad3fad94318508f0f82d41071be
2025-06-10T08:00:00Z,BSV_USDT,OK,2025-06-10T07:30:00Z,2025-06-10T08:00:00Z,30,33,144.7435,4928.052741,34.046798239644612711451636861068027234383581991592,de75b08681de52308ec56b029ec175411a24f78d9879e52b683202098819a54d
2025-06-10T08:00:00Z,BTC_USDT,OK,2025-06-10T07:30:00Z,2025-06-10T08:00:00Z,30,2287,21.68036,2368390.924621,109241.30985929200437631109446522105721491709547258,ab3fcbbed4ffc5c6f25d42be107cd8efee60b4d7ff9fb4c1447327c85c80bb62
2025-06-10T08:00:00Z,BCH_USDT,OK,2025-06-10T07:30:00Z,2025-06-10T08:00:00Z,30,126,67.6164,28344.841531,419.20068993616933170059334717612886814441466863069,656ee7faa98e0bd9b2b12df2e125289836687e2be669613645fa4806762628cd
2025-06-10T08:00:00Z,LTC_USDT,OK,2025-06-10T07:30:00Z,2025-06-10T08:00:00Z,30,290,710.6865,64183.741065,90.312312200949363748994809947846202228408728743264,6dacd84c029bd0fb9185f1c623b514d5ccde80c08383be7b9effbf72e9759cb4
2025-06-10T08:00:00Z,DOGE_USDT,OK,2025-06-10T07:30:00Z,2025-06-10T08:00:00Z,30,350,254793.59,48667.668072,0.19100821206687342487697590822437880011031674697939,c0fd0f9e1b93f479be92b26e5c8ccc3612cd7c500977b4c7be867c9b40000418
2025-06-10T08:00:00Z,ETC_USDT,OK,2025-06-10T07:30:00Z,2025-06-10T08:00:00Z,30,99,202.2916,3587.1333433,17.732487870480039705059429061809783500649557371636,679ebbf08c839deeaa03b2af1622d70cf215ffe4733a4da4604537f8d59e429e
2025-06-11T08:00:00Z,BSV_USDT,OK,2025-06-11T07:30:00Z,2025-06-11T08:00:00Z,30,77,103.8734,3566.276955,34.332918292844943941374788925749999518644811857511,a2b085477f9b79c64cdb8e8cf29ad5e160dc0c072064a478a74d43207834f771
2025-06-11T08:00:00Z,BTC_USDT,OK,2025-06-11T07:30:00Z,2025-06-11T08:00:00Z,30,1362,41.9394,4593538.959414,109528.00849354068012417917280647791813902917066052,6dc580d595539f10278774dd70bef113ab454d6c1d2fc3a94a197574608ec0d9
2025-06-11T08:00:00Z,BCH_USDT,OK,2025-06-11T07:30:00Z,2025-06-11T08:00:00Z,30,138,105.1047,46725.180892,444.55843451339473877000743068578284320301565962321,0f00a973a9d7efbce66309fbb60ca2455e8c39f71021bdf1b5007aea6222874c
2025-06-11T08:00:00Z,LTC_USDT,OK,2025-06-11T07:30:00Z,2025-06-11T08:00:00Z,30,165,343.2839,31512.704799,91.797794184347124930706042433099833694501839439601,105902c580187339eb58de5a1fdec8cfe6d944091fa09fc5293e47a8de0700b5
2025-06-11T08:00:00Z,DOGE_USDT,OK,2025-06-11T07:30:00Z,2025-06-11T08:00:00Z,30,2300,4634449.01,933097.6999735,0.20133951154929202684225886002357807794717758692095,06296f03a0fd4ce858e8ef5e9d719140cbb885a6123b250b7d32efc2f2535f28
2025-06-11T08:00:00Z,ETC_USDT,OK,2025-06-11T07:30:00Z,2025-06-11T08:00:00Z,30,196,795.5909,14636.1880441,18.396625758414280505219453867559319745864363204758,7bf5988b1ba4c311b37c3f85df1450622809286ce4930bf0b452c7a01de5fb19
2025-06-12T08:00:00Z,BSV_USDT,OK,2025-06-12T07:30:00Z,2025-06-12T08:00:00Z,30,175,294.8744,9616.133349,32.610946725114150295854777491704942850244036104864,786e93fd2e705e3c7d4712dbd23a61977268530d2abb4ea1f7dac500426c69f2
2025-06-12T08:00:00Z,BTC_USDT,OK,2025-06-12T07:30:00Z,2025-06-12T08:00:00Z,30,2664,58.79626,6326619.916893,107602.42091746992070584081368440781777616467441977,336e47b0ffa2aaad41b51251f5d4517bc1f5770b209c62976c055f0f8435b9ab
2025-06-12T08:00:00Z,BCH_USDT,OK,2025-06-12T07:30:00Z,2025-06-12T08:00:00Z,30,151,47.8897,20564.096931,429.40542394293553728672344992764623708229535787445,866181bf37f549acf690099906e07ba45367b29690cb8981dedca2922963f76f
2025-06-12T08:00:00Z,LTC_USDT,OK,2025-06-12T07:30:00Z,2025-06-12T08:00:00Z,30,426,1349.4796,120804.977159,89.519676443423079533769906562500092628299086551586,953d5497fd3537fba24167a9555800ca054e829f6dd5be27a54d767506580731
2025-06-12T08:00:00Z,DOGE_USDT,OK,2025-06-12T07:30:00Z,2025-06-12T08:00:00Z,30,671,617941.54,117196.7101081,0.18965663015323423636481858785541428401139693570366,2119e34d984d548b234ad3c9be4b30a82edb1ae8bf512192b86e3cc4295816db
2025-06-12T08:00:00Z,ETC_USDT,OK,2025-06-12T07:30:00Z,2025-06-12T08:00:00Z,30,130,482.3469,8557.4456246,17.741268005661485540800614661356795285716566230653,97bf058015abafd04fac644b2dd9489a9c44381dc977fe8a6e77ec51984fddf5
2025-06-13T08:00:00Z,BSV_USDT,OK,2025-06-13T07:30:00Z,2025-06-13T08:00:00Z,30,82,225.0463,6786.729346,30.157035889947979593532530861427181873241195256265,1c067b83a96d154c689e106a8b8593dbefe13af497115bc464319ed167a4ea3d
2025-06-13T08:00:00Z,BTC_USDT,OK,2025-06-13T07:30:00Z,2025-06-13T08:00:00Z,30,3675,94.55094,9903219.698532,104739.5160590894178312769814874394691369541117201,7b9b3e37707b4a18bb555514960161132171b7db8c0f12f9b7d1f269fc94a9c0
2025-06-13T08:00:00Z,BCH_USDT,OK,2025-06-13T07:30:00Z,2025-06-13T08:00:00Z,30,565,301.186,125370.340635,416.25553855424886946936444589057924339112707761981,6b6c48ab85e4498a31268b538b71a2696a6a0840245d2b8085303c6acf4d55a5
2025-06-13T08:00:00Z,LTC_USDT,OK,2025-06-13T07:30:00Z,2025-06-13T08:00:00Z,30,244,376.1261,31517.717649,83.795614420270223204398737551050033486110110412439,1a542343e7f885f84bfde6b4539f7f626a721e2d018169ed9e24fdb42bae1737
2025-06-13T08:00:00Z,DOGE_USDT,OK,2025-06-13T07:30:00Z,2025-06-13T08:00:00Z,30,800,1080068.91,188056.4409533,0.17411522469737602205400023966989291451783386672986,4d3c5fed6f065be725b99932e708f7c43e042a710fd151d23b433b48085e2ecd
2025-06-13T08:00:00Z,ETC_USDT,OK,2025-06-13T07:30:00Z,2025-06-13T08:00:00Z,30,275,3602.419,58904.8014064,16.35145756404238374270177899905591215236206560092,5be33626f4548a970a4e4f5d5b37611b5fa0fe36acd176c7c1075e1c2bca75ae
2025-06-14T08:00:00Z,BSV_USDT,OK,2025-06-14T07:30:00Z,2025-06-14T08:00:00Z,30,62,190.6884,5926.604348,31.080046547141829287990250062405474061348251912544,830bd359ddda3ffbadf64df9ffe00a0ddfeaed6489bd6873c520891423b14f43
2025-06-14T08:00:00Z,BTC_USDT,OK,2025-06-14T07:30:00Z,2025-06-14T08:00:00Z,30,1624,16.59163,1743118.494372,105060.1112953941234224726563936153349610616919495,6f46cb5ebde3a7f7e5110ed50dc96f29353dda195031dc63e9f7ea4c4256be24
2025-06-14T08:00:00Z,BCH_USDT,OK,2025-06-14T07:30:00Z,2025-06-14T08:00:00Z,30,165,208.0628,90354.628204,434.26613601278075657926356849951072464659708511084,f76ddaf9bb828e18780635ddb1b8acc4ffa9c005b5f4908c9594480338bdea3a
2025-06-14T08:00:00Z,LTC_USDT,OK,2025-06-14T07:30:00Z,2025-06-14T08:00:00Z,30,219,659.6083,57003.65558,86.420464357407267313040178542325801540095841729099,54c0de346cfecfcc649bb064b3c9a84945a76897a818975fedd9c648e0df5da5
2025-06-14T08:00:00Z,DOGE_USDT,OK,2025-06-14T07:30:00Z,2025-06-14T08:00:00Z,30,309,374951.59,66244.3359261,0.17667436995293179047460500167501623342896078931149,2658caa37b8bba08b4297ddd378ff42f824e5636554194c64aa00f31a83f24a4
2025-06-14T08:00:00Z,ETC_USDT,OK,2025-06-14T07:30:00Z,2025-06-14T08:00:00Z,30,85,373.0451,6244.5918205,16.739509031213652183073842814179840453607352033306,27d8413ed3c1ed3027e23051ea99730748a93847657ba24b5697d1a503f32cb3
2025-06-15T08:00:00Z,BSV_USDT,OK,2025-06-15T07:30:00Z,2025-06-15T08:00:00Z,30,9,34.523,1072.622986,31.069808127914723517654896735509660226515656229181,7d6e47ee0cb313c12a3f057146e721b543d10328094d42ad53d382a6227989ba
2025-06-15T08:00:00Z,BTC_USDT,OK,2025-06-15T07:30:00Z,2025-06-15T08:00:00Z,30,2015,35.94304,3787499.567252,105375.04805525631666102811559623226082156656754687,c2471db59575ea25130240e876ac63c313f2c4c3064ffc0faf97683534560777
2025-06-15T08:00:00Z,BCH_USDT,OK,2025-06-15T07:30:00Z,2025-06-15T08:00:00Z,30,216,86.9211,38447.259206,442.32366141247637225023613368905823787319764706153,74729a6f7f0d2dd980ad5aba997efe6807d19b9c9ffaa226e8908e83dcf0304e
2025-06-15T08:00:00Z,LTC_USDT,OK,2025-06-15T07:30:00Z,2025-06-15T08:00:00Z,30,137,610.342,52193.722353,85.515534492137195211864823328560053216065746745267,67c2bd5f160b305546a3011b5849afbce3e150ea3cf745eb703a7bca1900e1a9
2025-06-15T08:00:00Z,DOGE_USDT,OK,2025-06-15T07:30:00Z,2025-06-15T08:00:00Z,30,310,359322.56,63086.8109913,0.17557152824275770494343578093176225840091977525708,a3c6770aa4488fb7c626418329bcafb02e22fd47d778b053ef2f1f434dd21a87
2025-06-15T08:00:00Z,ETC_USDT,OK,2025-06-15T07:30:00Z,2025-06-15T08:00:00Z,30,118,663.1214,11009.7706125,16.60294873985366782010051251550621047669401108153,8e4de98201301808721d4eaf7f2145ad9ec21b7839868fe1a291235b6e1f7bc4
2025-06-16T08:00:00Z,BSV_USDT,OK,2025-06-16T07:30:00Z,2025-06-16T08:00:00Z,30,50,141.6033,4468.121523,31.553795165790627760793710316073142363207637110152,46cb0fc33812101959755816c3f5445fafa2b1cddc155d0a5ba97ac25786aedd
2025-06-16T08:00:00Z,BTC_USDT,OK,2025-06-16T07:30:00Z,2025-06-16T08:00:00Z,30,4849,73.07361,7825011.777312,107083.96338037767670161635643839137001716488346477,7e4fb76580301a1f118c1fe0342af87e661e87986ea2c783c9da522773873551
2025-06-16T08:00:00Z,BCH_USDT,OK,2025-06-16T07:30:00Z,2025-06-16T08:00:00Z,30,230,164.4452,75073.872545,456.52820845485304526979200365836156969008520771661,7bbdef3ed6b10689805a71a9de8d5d7f21c567b5bf60992398975b1c26ab69da
2025-06-16T08:00:00Z,LTC_USDT,OK,2025-06-16T07:30:00Z,2025-06-16T08:00:00Z,30,153,289.6018,25361.515947,87.573751085110658842590066774446843907738142511545,87e336cfa7f62e5235d9159ff4b9b6a472f600c4c2127082a8eefcc8617a4481
2025-06-16T08:00:00Z,DOGE_USDT,OK,2025-06-16T07:30:00Z,2025-06-16T08:00:00Z,30,688,1378680.16,245881.5808173,0.1783456293570656735932139619677996961963969946445,dc2b47939deb44bcc61d7b7edd8ca14dfce6bd9c6baabca7ac25a0ecd5572fe7
2025-06-16T08:00:00Z,ETC_USDT,OK,2025-06-16T07:30:00Z,2025-06-16T08:00:00Z,30,122,733.5326,12559.6861719,17.122192213270412248889824392262866026676932967942,ad321bb27a733d7a1161a269d0eae970bfd2695d9d185f12bb49265e80f7128a
2025-06-17T08:00:00Z,BSV_USDT,OK,2025-06-17T07:30:00Z,2025-06-17T08:00:00Z,30,43,175.3377,5644.472878,32.192009351097909918973500850073885992573188766592,f305a96dc1a0c383585f7e1a71e176b6389d527cd112dcba4472ce07bf59ff08
2025-06-17T08:00:00Z,BTC_USDT,OK,2025-06-17T07:30:00Z,2025-06-17T08:00:00Z,30,2258,23.62736,2520074.487193,106659.1649339155961563204691510181416798152650148,8bcd53956ea35054bc5fb749f0dd482f1e47b2401ab30e3fdf09162b6ac0e5b3
2025-06-17T08:00:00Z,BCH_USDT,OK,2025-06-17T07:30:00Z,2025-06-17T08:00:00Z,30,217,107.6939,51228.432297,475.68555226433437734170644762609581415474785479958,3d369c4462ff204eae0f56b4a5dadc078a6034587be2e0fa69ad28a75ef7c536
2025-06-17T08:00:00Z,LTC_USDT,OK,2025-06-17T07:30:00Z,2025-06-17T08:00:00Z,30,1316,6103.0497,526653.287069,86.293461950506482029795693782405212921664393458896,99ef391a4e4cec643b12c8cf7320885c8ba48769810f92bdd7fd2ca025ce3690
2025-06-17T08:00:00Z,DOGE_USDT,OK,2025-06-17T07:30:00Z,2025-06-17T08:00:00Z,30,2044,2898665.24,503429.320878,0.17367625413619683796256514256886041797637867282667,f66d8b973944ed60da039fea1402ad69216b2fbc544ffce4d887190b2d023418
2025-06-17T08:00:00Z,ETC_USDT,OK,2025-06-17T07:30:00Z,2025-06-17T08:00:00Z,30,21,37.398,636.494049,17.019467591849831541793678806353280924113588961977,f06f4c9482c908e6cb88879be92429d9086a0ff0b3241c3e12f4e2815a62e8bf
2025-06-18T08:00:00Z,BSV_USDT,OK,2025-06-18T07:30:00Z,2025-06-18T08:00:00Z,30,100,228.7685,7128.801814,31.161640759108006565589231034867125500232768060288,3faeb5103b7b6a633b743a95c2e0f8f869263c6c833eab526663474ccf5ffa48
2025-06-18T08:00:00Z,BTC_USDT,OK,2025-06-18T07:30:00Z,2025-06-18T08:00:00Z,30,1963,17.7348,1861039.762761,104937.1722692672034643751268692063062453481291021,144a9a2fc0d03ddabaeeb9c3a977970ff4014789433bb414bac90f176076a9f3
2025-06-18T08:00:00Z,BCH_USDT,OK,2025-06-18T07:30:00Z,2025-06-18T08:00:00Z,30,98,34.222,16120.287773,471.05042875927765764712757875051136695692829174215,64b6f59a61b9d5ff74b96902383edecf4dffa0fac00526da23586dd98b095d4e
2025-06-18T08:00:00Z,LTC_USDT,OK,2025-06-18T07:30:00Z,2025-06-18T08:00:00Z,30,135,223.681,19017.198401,85.019283716542755084249444521439013595253955409713,cdcf8ed773314eabe0fd9e4469bd8b321d2f30b03a26a7db9d3c1772048a166c
2025-06-18T08:00:00Z,DOGE_USDT,OK,2025-06-18T07:30:00Z,2025-06-18T08:00:00Z,30,258,118234.87,20222.1878073,0.1710340427261433111906834252873116027446048699508,532aa539bc8e57705193533034bf7e06c9318f7a28ebca4312436c39e88240bb
2025-06-18T08:00:00Z,ETC_USDT,OK,2025-06-18T07:30:00Z,2025-06-18T08:00:00Z,30,117,303.1935,5024.7747853,16.572831493089396705404304511805167327135970922859,73565f8084e676d55255ad03c9f28cb60a431d13f2d1a5ad2c2e6fc51fbd381c
2025-06-19T08:00:00Z,BSV_USDT,OK,2025-06-19T07:30:00Z,2025-06-19T08:00:00Z,30,10,11.9268,363.606308,30.486493275648120199885971090317604051380085186303,adaddb097257fa028d0cc4648c9b19f21c9e820a8c6c16e6828733937c50de2a
2025-06-19T08:00:00Z,BTC_USDT,OK,2025-06-19T07:30:00Z,2025-06-19T08:00:00Z,30,907,6.7698,708865.651941,104709.98433351059115483470708144996897988123725959,aec1128241ebaa7d396cb124df5bd61c0aac95f7c256bf64effdad435bb8f21e
2025-06-19T08:00:00Z,BCH_USDT,OK,2025-06-19T07:30:00Z,2025-06-19T08:00:00Z,30,181,168.0882,77469.688642,460.8871333145336793421548924909660523463277017661,7d4681e3df56181e9051ffd071bfff9a291fae3ce310022d46254c9d1a4d229e
2025-06-19T08:00:00Z,LTC_USDT,OK,2025-06-19T07:30:00Z,2025-06-19T08:00:00Z,30,109,385.4664,32768.023754,85.008767960060850958734665330103998688342226456054,96cb71c9d31e72dabac6b787b5fd65bb07c31b2f77d60ae1279a9f585dd6b2f1
2025-06-19T08:00:00Z,DOGE_USDT,OK,2025-06-19T07:30:00Z,2025-06-19T08:00:00Z,30,245,239646.19,40795.7676088,0.17023332442214082351987319306015255239401052025905,eddbbb639f07410f4b378501a0c26c700f4172b61aee391b299b26e7c731230d
2025-06-19T08:00:00Z,ETC_USDT,OK,2025-06-19T07:30:00Z,2025-06-19T08:00:00Z,30,30,150.3216,2479.0079563,16.49136222804972804972804972804972804972804972805,7e5edc30d7aa9a9b5e2fe30bf27e539a2016a90f63eb68071fff465f8fb2ea4b
2025-06-20T08:00:00Z,BSV_USDT,OK,2025-06-20T07:30:00Z,2025-06-20T08:00:00Z,30,57,275.3506,8822.681287,32.041627245410033608061867306626533590266373125753,b560615276c15b046fa5ac9364f287528bdc00470f1cc9d83d64f2a85fbb7ea2
2025-06-20T08:00:00Z,BTC_USDT,OK,2025-06-20T07:30:00Z,2025-06-20T08:00:00Z,30,4806,65.00892,6855990.33749,105462.3017501290592121819590296223964342124126966,1b0b7e2dbbe083c90017fcddb8aa0002fc0a55c23c6d653b8e05ae59be7d128c
2025-06-20T08:00:00Z,BCH_USDT,OK,2025-06-20T07:30:00Z,2025-06-20T08:00:00Z,30,148,68.3594,33530.511981,490.50331016656085337203076680017671307823064567565,7ae15d732ea205dbe1aac51c3ca5c871b52a148c2fc8b630536d9163bacc4ea7
2025-06-20T08:00:00Z,LTC_USDT,OK,2025-06-20T07:30:00Z,2025-06-20T08:00:00Z,30,356,987.0909,84232.533687,85.334120380402655925609282792496618092619433529374,d36301d84e2648566348296508834c9b87ea278a30a5cd817be86cbb26178684
2025-06-20T08:00:00Z,DOGE_USDT,OK,2025-06-20T07:30:00Z,2025-06-20T08:00:00Z,30,1166,1954848.46,332496.9319603,0.17008834125193520115620624628877882431868913255813,1ceaae0c9e7058040dda7bed552553cfc03de6ecff991e22441d2f93fd6562ce
2025-06-20T08:00:00Z,ETC_USDT,OK,2025-06-20T07:30:00Z,2025-06-20T08:00:00Z,30,283,1604.5858,26907.7715776,16.769294342253309234071496831144835009757658331515,53936f5e701c9f0e9f11f80670440d91b83cb2040dfaee836d2254a827fced31
2025-06-21T08:00:00Z,BSV_USDT,OK,2025-06-21T07:30:00Z,2025-06-21T08:00:00Z,30,12,49.8275,1537.69651,30.860398575084039937785359490241332597461241282424,ec4a7580ce09dc89f8765098df90178debd5346d8948843ae598371733370d38
2025-06-21T08:00:00Z,BTC_USDT,OK,2025-06-21T07:30:00Z,2025-06-21T08:00:00Z,30,967,5.88045,608440.479235,103468.35348230152454318972187502657109574947495515,a42006bf5a82030d1ff35689bcfb7c5c2c67d536eaebb546cc0c907f49491f93
2025-06-21T08:00:00Z,BCH_USDT,OK,2025-06-21T07:30:00Z,2025-06-21T08:00:00Z,30,158,29.4655,13851.569559,470.09450235020617332134190833347474164701091106548,d188e6316d7055a7f97fd5c5314fb3062cb44cbe8016d66b57db2ff9c7ec832f
2025-06-21T08:00:00Z,LTC_USDT,OK,2025-06-21T07:30:00Z,2025-06-21T08:00:00Z,30,94,207.0067,17276.926178,83.460710102619866893197176709739346600858812782388,7e1146935dd28fb2894bcb2292feeedde7a61f7961607d58b3364357444c419a
2025-06-21T08:00:00Z,DOGE_USDT,OK,2025-06-21T07:30:00Z,2025-06-21T08:00:00Z,30,292,359049.54,58462.8441274,0.16282667881262290434907673186268390707310194576492,30f5531bdadfa1439efdea1329f75ab6c2c12d4b13c066b22d29fbefecab885a
2025-06-21T08:00:00Z,ETC_USDT,OK,2025-06-21T07:30:00Z,2025-06-21T08:00:00Z,30,164,1855.3009,30136.3362779,16.243368543560777661456424669443107584327695847073,731c776eb799ad31be7d4cda928b309d3c5bdf63989796aa0f133bcde9db0e8a
2025-06-22T08:00:00Z,BSV_USDT,OK,2025-06-22T07:30:00Z,2025-06-22T08:00:00Z,30,5,6.5077,192.294928,29.548831077031823839451726416399034989320343592974,cd6f104b9ffdde6a36e82578d89059a32a8f86b2ce4979451f148f23c2371fce
2025-06-22T08:00:00Z,BTC_USDT,OK,2025-06-22T07:30:00Z,2025-06-22T08:00:00Z,30,2369,42.02995,4304883.876698,102424.19695236373110127421041424032148503626580569,27c2d96facd4d18178f3ec0aad9ddc328f28ed20eede0b842261b97f4ab17416
2025-06-22T08:00:00Z,BCH_USDT,OK,2025-06-22T07:30:00Z,2025-06-22T08:00:00Z,30,250,157.4668,72365.215782,459.55855953127897436157971077077834819784233882952,98356027ec26876dada8dc813bce3d0e28aea29594dcb247e08940ebc50b7ae7
2025-06-22T08:00:00Z,LTC_USDT,OK,2025-06-22T07:30:00Z,2025-06-22T08:00:00Z,30,197,736.0665,59789.475203,81.228360756806620054030444260131387585224976275921,9898d010bfa98bbd445fe790f72115f7e0dfe323455dbf914839bfd18600cdee
2025-06-22T08:00:00Z,DOGE_USDT,OK,2025-06-22T07:30:00Z,2025-06-22T08:00:00Z,30,1093,2288926.42,357727.4771208,0.15628614095895664483614112855580565145471124406,b81f21c045d0fe38f7b259629738bd4f42e0c5774e4b2bb83897ac672bcb142c
2025-06-22T08:00:00Z,ETC_USDT,OK,2025-06-22T07:30:00Z,2025-06-22T08:00:00Z,30,210,3001.9125,46299.6138334,15.42337221134859860172473381552593554942057771504,0749716072352bdf88f98a03b137ee607e237297790e417026cef8c79500e235
2025-06-23T08:00:00Z,BSV_USDT,OK,2025-06-23T07:30:00Z,2025-06-23T08:00:00Z,30,20,14.6315,428.094797,29.258435362061306086183918258551754775655264326966,924d57e076b250b26081042a0febab4c945f8a3c5088be0261537a5576c80e5e
2025-06-23T08:00:00Z,BTC_USDT,OK,2025-06-23T07:30:00Z,2025-06-23T08:00:00Z,30,1919,40.03645,4078192.049657,101861.97951259414858210455722223124178092713015265,87e513ab068f6b4d9e8f28eb7c2cbd66b35d3d33b6d85b305671f499b27e58c3
2025-06-23T08:00:00Z,BCH_USDT,OK,2025-06-23T07:30:00Z,2025-06-23T08:00:00Z,30,294,245.7263,111484.056443,453.69199976966242522676652845055657453028023455365,c37ffb0687c409ecef46dfac9f10571cafec50b2d6d949a0cb857f2331062a5a
2025-06-23T08:00:00Z,LTC_USDT,OK,2025-06-23T07:30:00Z,2025-06-23T08:00:00Z,30,192,332.359,26921.806441,81.002188720630402666995628221290833105166401391267,d75a8b058ff23af6b5518b9a8662e11728e5a7478ad237fdf7553c3dea357209
2025-06-23T08:00:00Z,DOGE_USDT,OK,2025-06-23T07:30:00Z,2025-06-23T08:00:00Z,30,224,308410.37,47422.390845,0.1537639309761211985187138811188482410627113478707,919c2981ddfd2a0d96106198fed7652af39d8fdd9abcc01a4c207f9fa6bf8ffe
2025-06-23T08:00:00Z,ETC_USDT,OK,2025-06-23T07:30:00Z,2025-06-23T08:00:00Z,30,142,207.1753,3174.5197478,15.322867869866726390645989169558340207544046032514,d121559293a202a23ff34c1622bf2a01af57bc207b0fdc6d150994750964e76b
2025-06-24T08:00:00Z,BSV_USDT,OK,2025-06-24T07:30:00Z,2025-06-24T08:00:00Z,30,115,222.7685,6870.28421,30.840465371001734984973189656526842888469420048167,220796f9b43863a9be2cc9272c1796a51886d03833dc46c5344b8121fc6ccb4f
2025-06-24T08:00:00Z,BTC_USDT,OK,2025-06-24T07:30:00Z,2025-06-24T08:00:00Z,30,4116,116.66214,12273093.685764,105202.0277166525489760431276162086517528308669805,92172cc765cc46443b3b83475eb66f23c35821fad6eed36633ff0edeb3deab4a
2025-06-24T08:00:00Z,BCH_USDT,OK,2025-06-24T07:30:00Z,2025-06-24T08:00:00Z,30,146,52.9197,24109.770607,455.59159645651808305791605016657312872144021980472,f1872924b49dc69e0aaf46755430b366d4ea00908df41f47339620f9a14ee84b
2025-06-24T08:00:00Z,LTC_USDT,OK,2025-06-24T07:30:00Z,2025-06-24T08:00:00Z,30,408,1722.5635,145660.919339,84.560551375319400416878681105224858183747652844148,12751954fa4705cb920fabc218f081b01e179d19c262240d0bc1566fd714b7be
2025-06-24T08:00:00Z,DOGE_USDT,OK,2025-06-24T07:30:00Z,2025-06-24T08:00:00Z,30,1959,4203451.61,688162.0058114,0.16371355487339605653269314072108468973192247596732,413e672c8fbe0b82d11172f5390c10f2ca5ea44a22206386d083591e066adc7a
2025-06-24T08:00:00Z,ETC_USDT,OK,2025-06-24T07:30:00Z,2025-06-24T08:00:00Z,30,251,1016.9564,16618.9490491,16.341850102029939533297592699156030681354677545665,fd11eac1c747948651fcfef98c7d75abd5322e314c7b792d5bef08f606e92c17
2025-06-25T08:00:00Z,BSV_USDT,OK,2025-06-25T07:30:00Z,2025-06-25T08:00:00Z,30,84,129.5551,4078.284466,31.479150307475352186058287168934298997106250545135,2632c3643002f15e09c60db8f98492590441d2ffb3810516c699891fd6c10a55
2025-06-25T08:00:00Z,BTC_USDT,OK,2025-06-25T07:30:00Z,2025-06-25T08:00:00Z,30,1511,52.12012,5557499.288217,106628.67407475270586483684227895100778739573124544,e24115ea82c999a00c57664e619c38c7c174ad6b21a289667d60d512b230d1a9
2025-06-25T08:00:00Z,BCH_USDT,OK,2025-06-25T07:30:00Z,2025-06-25T08:00:00Z,30,410,258.2773,124173.283692,480.77505724273871532651146655164817039670152971244,56d0a8d02862e387e52f24608dee772a812eda4d63e4170713c5d9a95357a9f0
2025-06-25T08:00:00Z,LTC_USDT,OK,2025-06-25T07:30:00Z,2025-06-25T08:00:00Z,30,505,4669.7255,397498.021164,85.122352730155123679111331062179136653749776084269,c4d772984b1ac8377322782d95f31896d0fdb5ab094d67727912b7a39483755c
2025-06-25T08:00:00Z,DOGE_USDT,OK,2025-06-25T07:30:00Z,2025-06-25T08:00:00Z,30,515,744146.7,124021.8887441,0.16666322479707294274099448401773467516552851742808,e0b077f7960ce452e9f8f0e4d888d30e986e22ab1333e93ed97436b171544557
2025-06-25T08:00:00Z,ETC_USDT,OK,2025-06-25T07:30:00Z,2025-06-25T08:00:00Z,30,171,474.2214,7761.1558616,16.366102123607243367760290868358112898321332609621,585020a20807829b220918125ef888a7973a583146b452639f4391603787fc07
2025-06-26T08:00:00Z,BSV_USDT,OK,2025-06-26T07:30:00Z,2025-06-26T08:00:00Z,30,98,328.0642,10497.387665,31.997967669133053835194452793081354198355078060941,a79dd2cf09d1fdf3adc17f3d34b47bfb174e404d78b43d991dbbb6962158852e
2025-06-26T08:00:00Z,BTC_USDT,OK,2025-06-26T07:30:00Z,2025-06-26T08:00:00Z,30,1310,32.19039,3475519.334417,107967.6056865729181908016647204336449480730118523,6350dd19f7a87e5397992ab5dbd301a5ce3476d090a66306baf74b80a136a322
2025-06-26T08:00:00Z,BCH_USDT,OK,2025-06-26T07:30:00Z,2025-06-26T08:00:00Z,30,365,316.3673,159165.515746,503.10356268173101328740359702156322729940799823496,288b496de2dd048320d47606a1d9405ea36f894d3e6e48933779ad4eab8573e8
2025-06-26T08:00:00Z,LTC_USDT,OK,2025-06-26T07:30:00Z,2025-06-26T08:00:00Z,30,106,467.5016,40035.128242,85.636344863846455284858918129905865562813047056951,5825f658144f34582ead18b8b4598eeb5ec866bef57f1c6dffb8484dad989aac
2025-06-26T08:00:00Z,DOGE_USDT,OK,2025-06-26T07:30:00Z,2025-06-26T08:00:00Z,30,369,533700.39,88237.6814621,0.16533186618450850298235682383518588022766856138141,18619fa2fb3f205bd9c294f905ee1bc9ae01ef850f7f040fe949c6382727c174
2025-06-26T08:00:00Z,ETC_USDT,OK,2025-06-26T07:30:00Z,2025-06-26T08:00:00Z,30,92,411.0071,6797.7036305,16.539139179104205255821614760426279740666280460848,9ea6da93f165380f42ffa68dcf4ed7e8779c90dd56334bd25a92665c0de60947
2025-06-27T08:00:00Z,BSV_USDT,OK,2025-06-27T07:30:00Z,2025-06-27T08:00:00Z,30,136,140.0569,4269.963358,30.487347342401552511871960610294815892683616444459,3ec09912a86cae84b5b7be60accffe3ecec01c238021cee56199432ace638f5e
2025-06-27T08:00:00Z,BTC_USDT,OK,2025-06-27T07:30:00Z,2025-06-27T08:00:00Z,30,1899,46.50178,4976587.177609,107019.28351149138807159639910558262500919319647549,c79dc269687b942883595d113de708f55bd215e84b63e135f71655cd7a12542b
2025-06-27T08:00:00Z,BCH_USDT,OK,2025-06-27T07:30:00Z,2025-06-27T08:00:00Z,30,298,116.8015,58295.812396,499.10157314760512493418320826359250523323758684606,5c3a5c89d51a8ce6130ad7cb1e70677360f1e2a9363920a22f31ac6acab28e17
2025-06-27T08:00:00Z,LTC_USDT,OK,2025-06-27T07:30:00Z,2025-06-27T08:00:00Z,30,218,774.0631,65583.78677,84.726667335001500523665318757605161646382575270672,0197575cc6904e3fe989f4d591716ff9b65249416d57cdb9f7477151f73bb3f4
2025-06-27T08:00:00Z,DOGE_USDT,OK,2025-06-27T07:30:00Z,2025-06-27T08:00:00Z,30,391,327741.68,52724.4522862,0.16087197785219139659014379861603199202493866510967,cf7215638f927fd5ec575ec2814a59d0e0b70d86e4534536ed089eb497077c47
2025-06-27T08:00:00Z,ETC_USDT,OK,2025-06-27T07:30:00Z,2025-06-27T08:00:00Z,30,277,2147.7653,34566.6646224,16.094246714201034908236947491422829114521963829102,22f030d036b7fb2284d42af24375f959022978f9c35318c57bf9dd17280c5f4c
2025-06-28T08:00:00Z,BSV_USDT,OK,2025-06-28T07:30:00Z,2025-06-28T08:00:00Z,30,17,4.903,150.336618,30.66216969202529063838466245156026922292473995513,ff229a9e0cd63add6ceaa8c5504b89f9e9aa3798f9fccc4185340dd180e055e3
2025-06-28T08:00:00Z,BTC_USDT,OK,2025-06-28T07:30:00Z,2025-06-28T08:00:00Z,30,711,18.47101,1984806.419718,107455.21873021561896182179534308086022366941493724,557ed9510134513e208d6349ff34b7e76e53358601256c973ea0cc230d2c8522
2025-06-28T08:00:00Z,BCH_USDT,OK,2025-06-28T07:30:00Z,2025-06-28T08:00:00Z,30,970,2374.3643,1179371.804747,496.71055311394296149078723934654846351926703075851,49eaa20d629dc5b54944e3398b5a1bfa065fa6aa2b3f158479bb68aac9a92336
2025-06-28T08:00:00Z,LTC_USDT,OK,2025-06-28T07:30:00Z,2025-06-28T08:00:00Z,30,162,609.7675,52110.040131,85.458867734013373949907136736543026645401730987631,03e6371cd396bff08290e2811adb6dce65f5acbdb910e43e5f5c7e3fde03665e
2025-06-28T08:00:00Z,DOGE_USDT,OK,2025-06-28T07:30:00Z,2025-06-28T08:00:00Z,30,321,452412.7,73778.7797014,0.16307848940005441933880282317450416400777431756447,3e43bad031a6ede03679469dba40049c67ac2a8f6bf98d70bdf0e83c2ffd40dc
2025-06-28T08:00:00Z,ETC_USDT,OK,2025-06-28T07:30:00Z,2025-06-28T08:00:00Z,30,111,162.4007,2626.5357619,16.173180053411099829003200109359134535750153786283,acf4ffff18cdaa6357acb450fcb14acd7ef867d5f00205c813b420d297732b65
2025-06-29T08:00:00Z,BSV_USDT,OK,2025-06-29T07:30:00Z,2025-06-29T08:00:00Z,30,18,8.8063,270.639129,30.732444840625461317465905090673722221591360730386,9c563f7f0e26f04fe289cdbb41c4af955c431a9368823bcf146ced7b2cc63fed
2025-06-29T08:00:00Z,BTC_USDT,OK,2025-06-29T07:30:00Z,2025-06-29T08:00:00Z,30,434,5.32496,571542.691348,107332.76707205312340374387788828460683272738198972,663420d74cb1eac2f88f461e2f4b61a2801351de9a39640472bf62a776156de3
2025-06-29T08:00:00Z,BCH_USDT,OK,2025-06-29T07:30:00Z,2025-06-29T08:00:00Z,30,153,103.1061,50500.723709,489.79375331818389018690455753830277743023933598497,6d6c145e824d5ad2947d80ff0f0f61540354a4fb371576407033421c4886204d
2025-06-29T08:00:00Z,LTC_USDT,OK,2025-06-29T07:30:00Z,2025-06-29T08:00:00Z,30,283,1233.8122,106897.205589,86.639770290000374449207099751485679911416016148973,a9b8dc473a0e3c06c8dba1d7f063267fe35814002fa95890ad6ce526731dd887
2025-06-29T08:00:00Z,DOGE_USDT,OK,2025-06-29T07:30:00Z,2025-06-29T08:00:00Z,30,175,242455.54,39680.9327571,0.16366271835694082304739252400666942896004768544369,d24a957fff88d5318d85f5cfc53dc8e502cab2e7a609a65f862397fc06913a45
2025-06-29T08:00:00Z,ETC_USDT,OK,2025-06-29T07:30:00Z,2025-06-29T08:00:00Z,30,61,405.8141,6651.3303309,16.390091746196103092524384933889680028367668841472,e65142bbcab6a772c7719ac496886b92aec562472e2a5d741e892eee9acfb5a0
2025-06-30T08:00:00Z,BSV_USDT,OK,2025-06-30T07:30:00Z,2025-06-30T08:00:00Z,30,89,111.1765,3429.267191,30.845252288028495230556817313011292854155329588537,f3055e6f7f82d98f316295a75e4ded6c583a49dc9f7e32936446bb9e6af26ff3
2025-06-30T08:00:00Z,BTC_USDT,OK,2025-06-30T07:30:00Z,2025-06-30T08:00:00Z,30,985,10.55309,1136175.183496,107662.79672550883201034009944006921195592949553164,bc56fe000d08e61187c421bcfda65e76c12822193d3a793672c8759112072b04
2025-06-30T08:00:00Z,BCH_USDT,OK,2025-06-30T07:30:00Z,2025-06-30T08:00:00Z,30,166,40.078,19988.731776,498.74574020659713558560806427466440441139777434004,e833b97c18235f4cf92556d394d35652344a2727a7ca68edcc6072c0ca5a564a
2025-06-30T08:00:00Z,LTC_USDT,OK,2025-06-30T07:30:00Z,2025-06-30T08:00:00Z,30,216,3047.0133,263677.156537,86.536267018263425368048114525788253041100936448161,55739949f0f6b0c6f408017ce29514e3a088c92f7137e1c9fb71692cfc96fd0e
2025-06-30T08:00:00Z,DOGE_USDT,OK,2025-06-30T07:30:00Z,2025-06-30T08:00:00Z,30,361,400702.13,66434.4186129,0.16579502238458278222778601151932983236200915627776,2ee03a1d591f3321cd6943fa59eb1a0455e977ac26bcacf8eb91c05c3633d17a
2025-06-30T08:00:00Z,ETC_USDT,OK,2025-06-30T07:30:00Z,2025-06-30T08:00:00Z,30,177,202.5353,3387.5873858,16.725910919232351101264816552966322413919943832013,216e9a8a3e167778d7c8dd9a4d6055b4984704bea1e12e05e7a87eeeb78f0ade
2025-07-01T08:00:00Z,BSV_USDT,OK,2025-07-01T07:30:00Z,2025-07-01T08:00:00Z,30,1519,4801.1568,115875.355839,24.134882626412034699637387389639096977628391557635,05b822e05a281bca652ddae345ce8a4b05f95b90d6a701cd84df1a0a8d37ece3
2025-07-01T08:00:00Z,BTC_USDT,OK,2025-07-01T07:30:00Z,2025-07-01T08:00:00Z,30,1987,35.04168,3750163.497815,107020.08287887452884679045068615431680216245339835,81455ebf59c8392e9d606033e549a5d8a423509e8986b61400147e1f8990665b
2025-07-01T08:00:00Z,BCH_USDT,OK,2025-07-01T07:30:00Z,2025-07-01T08:00:00Z,30,195,266.8214,140340.034437,525.96993508391755683764495651398276150263809424581,264251a99eeba218256de53e7b7cac2acb3e0db3a2d7748059f80bdbc6f11eb7
2025-07-01T08:00:00Z,LTC_USDT,OK,2025-07-01T07:30:00Z,2025-07-01T08:00:00Z,30,217,512.9768,44341.847632,86.440259348960810703330053133007184730381568913058,0014f190cd738e7b771bd98ba06e7b1b985ed6b1195ec9750dca0a920febb9e3
2025-07-01T08:00:00Z,DOGE_USDT,OK,2025-07-01T07:30:00Z,2025-07-01T08:00:00Z,30,444,1179444.54,191550.8996941,0.16240772092098539877084852162696857285040295324102,dd4b18ba995978a7ca9613abfd7d3bdd4fd2bb87d7e557a50351fd333f624f16
2025-07-01T08:00:00Z,ETC_USDT,OK,2025-07-01T07:30:00Z,2025-07-01T08:00:00Z,30,227,1094.3066,17849.621907,16.311353606932462986150316556621334459647780612856,436720e2678baf5478e0628dfe2c619f05d3ae405bcdf37c83b4ca101207a42e
2025-07-02T08:00:00Z,BSV_USDT,OK,2025-07-02T07:30:00Z,2025-07-02T08:00:00Z,30,240,1034.3111,25362.462721,24.521116249260014709307480118892661985354309742978,d57b1db168dff7cf48e17bb0fee3caab3bad2103b252e901b7b46f33b89785e5
2025-07-02T08:00:00Z,BTC_USDT,OK,2025-07-02T07:30:00Z,2025-07-02T08:00:00Z,30,3062,94.44852,10114617.274026,107091.32630162971320249380297330228149684081868091,60641408cea586779b5c33790b6c1eb324e2ea78586a11b01d022cd9ce06716c
2025-07-02T08:00:00Z,BCH_USDT,OK,2025-07-02T07:30:00Z,2025-07-02T08:00:00Z,30,120,65.7397,33265.020801,506.01114396627912813718346752419010126301154401374,cc565f8dbc6f4f780f52d3f401063b8f9b1cfe14ed31282422058dcf4f7e31c5
2025-07-02T08:00:00Z,LTC_USDT,OK,2025-07-02T07:30:00Z,2025-07-02T08:00:00Z,30,135,1077.4438,90597.335756,84.085439775141868188391821457416154791553861092337,76544be7ada388d91f23962972084bb3058a087a67e52790c66cc5e40c02b182
2025-07-02T08:00:00Z,DOGE_USDT,OK,2025-07-02T07:30:00Z,2025-07-02T08:00:00Z,30,321,569985.92,91836.9343365,0.1611214086419889108839741164132615767070176049261,0e045b1fe48a7047a4426ffb37c8289684b202294fcf29d520ef5d7e32441b31
2025-07-02T08:00:00Z,ETC_USDT,OK,2025-07-02T07:30:00Z,2025-07-02T08:00:00Z,30,155,648.4317,10518.8589086,16.221999801366898009458821954571314141489381225501,97374587415f1d6f1d23190a58926c731a93ef87871d17d916e17c695113bbc4
2025-07-03T08:00:00Z,BSV_USDT,OK,2025-07-03T07:30:00Z,2025-07-03T08:00:00Z,30,149,961.8619,24043.620206,24.996956637953951601576068248466853713615228963742,55dd4ca4b91b91be523987eb2142604015dcee76e5eaf129627b3403e5544625
2025-07-03T08:00:00Z,BTC_USDT,OK,2025-07-03T07:30:00Z,2025-07-03T08:00:00Z,30,1036,22.71044,2482552.433382,109313.26884824776622557731158004864723008448977651,027dac9d1fe566f59f9c555dc95f32576cdb697886dc298f52bdc23e05a4a0d2
2025-07-03T08:00:00Z,BCH_USDT,OK,2025-07-03T07:30:00Z,2025-07-03T08:00:00Z,30,232,104.0222,52552.339362,505.20311396990257848805351165424303658257564250708,46db4e4b37efa048468d891c252a75791e152f92db9d20272b333658ab50f69c
2025-07-03T08:00:00Z,LTC_USDT,OK,2025-07-03T07:30:00Z,2025-07-03T08:00:00Z,30,462,925.5113,83843.249643,90.591276025479105441500282060305476551177711174353,fe479a7ff9956e00a50f0a0dc35f933b2ce239693a34fec02efd7a1c849b0b3b
2025-07-03T08:00:00Z,DOGE_USDT,OK,2025-07-03T07:30:00Z,2025-07-03T08:00:00Z,30,1217,1777932.76,310491.2737498,0.17463611714416016497721769860407994282078474103824,2c1569109c24d108a0b2720953e9c39e35f156c4745f639c964d840a10769861
2025-07-03T08:00:00Z,ETC_USDT,OK,2025-07-03T07:30:00Z,2025-07-03T08:00:00Z,30,369,8083.8787,139053.9212683,17.201386417178674390549675120681857831439256999242,d2e00fe1a456d96fb7059fd1ccb7727c8acbbe43a6a554939d9823d8901f6e73
2025-07-04T08:00:00Z,BSV_USDT,OK,2025-07-04T07:30:00Z,2025-07-04T08:00:00Z,30,153,842.1735,19857.726076,23.579139068137384992522324675378648223911106203175,0e56f22ab10ed4c8c9e71a936f9c39daa5b455b6af83c5879a7c06c2ca3fa3e1
2025-07-04T08:00:00Z,BTC_USDT,OK,2025-07-04T07:30:00Z,2025-07-04T08:00:00Z,30,1574,22.9263,2494243.604227,108793.98787536584621155616039221330960512599067447,ae401682f38c3d43626a5ff20ea470c2194c5b2bdcc6ace8ed2ed9cfc3ccc870
2025-07-04T08:00:00Z,BCH_USDT,OK,2025-07-04T07:30:00Z,2025-07-04T08:00:00Z,30,392,400.034,191083.601955,477.66840307323877470415014723748481379082777963873,4cb798532c94c55750b0b518c6bfe583fbeebc11765a164e39ee934cbeb38b09
2025-07-04T08:00:00Z,LTC_USDT,OK,2025-07-04T07:30:00Z,2025-07-04T08:00:00Z,30,410,1825.9465,159656.218016,87.437511458303953593382938656745967091587842250581,44bf087daed98ee161e2fb167d29a53b5488bb41a358f21296dd29fa974b8ed6
2025-07-04T08:00:00Z,DOGE_USDT,OK,2025-07-04T07:30:00Z,2025-07-04T08:00:00Z,30,1489,1818672.62,303794.5175526,0.16704189319823817438896726778676637249864134425689,6f42c79f86c1981d762f5e79d4ac3ac8075ce56701b244ce9b50fcd7e52f50cc
2025-07-04T08:00:00Z,ETC_USDT,OK,2025-07-04T07:30:00Z,2025-07-04T08:00:00Z,30,344,2792.0826,46184.3724391,16.541191309705522322298058087536522021232466403394,7d7fd8d4b9c826997549ce1305a6bf8b386d3d37ceff2637dba54b8bc7ac26c2
2025-07-05T08:00:00Z,BSV_USDT,OK,2025-07-05T07:30:00Z,2025-07-05T08:00:00Z,30,418,3721.5189,89940.965165,24.167810934669712412316379744840204895909570686313,12d097aa29738480dc2b844c159dd15a3bc10976d6c7c384e001df95dfcc15e7
2025-07-05T08:00:00Z,BTC_USDT,OK,2025-07-05T07:30:00Z,2025-07-05T08:00:00Z,30,660,5.81665,628493.221019,108050.72009128965985575889902263330267421969690458,4731d371335265ab136242973b6ecb6a62c5535ac48e3f0d14274549b7e7bc99
2025-07-05T08:00:00Z,BCH_USDT,OK,2025-07-05T07:30:00Z,2025-07-05T08:00:00Z,30,92,7.6677,3711.984116,484.10659206802561393899083167051397420347692267564,946e411c3c131b977458e403c9806d3329e97a151a9ff68504f59056f4444760
2025-07-05T08:00:00Z,LTC_USDT,OK,2025-07-05T07:30:00Z,2025-07-05T08:00:00Z,30,91,154.8553,13348.790591,86.201703080230382815441253867320007775000274449761,5a135e9945187a8d2889f6d9e95c2ac1c8c9effeee74e5599340200dea4e5695
2025-07-05T08:00:00Z,DOGE_USDT,OK,2025-07-05T07:30:00Z,2025-07-05T08:00:00Z,30,313,462816.64,76110.1646172,0.16444993122373473866453894138292002638453103155496,5f776ee55dba98f3e532878d4d8ee65f4b8b12118114a9d8bcd351ffe2d4928e
2025-07-05T08:00:00Z,ETC_USDT,OK,2025-07-05T07:30:00Z,2025-07-05T08:00:00Z,30,146,736.8846,12060.0282401,16.366237318706348321026114536794499437225313163011,95e877b24d74ab8838ed7338e6fd0bb38d164c08117485d2593af7b97c7d72a0
2025-07-06T08:00:00Z,BSV_USDT,OK,2025-07-06T07:30:00Z,2025-07-06T08:00:00Z,30,168,992.9977,23831.37321,23.999424379331392207655667278987655258416006401626,c40c623419d7eaebd3a14741aec565b608f9a90c2b1f89c7ab336f76ab35041a
2025-07-06T08:00:00Z,BTC_USDT,OK,2025-07-06T07:30:00Z,2025-07-06T08:00:00Z,30,548,2.45789,265639.236398,108076.12887395286200765697407125624010838564785243,e3f3b93a760b7f176c5b7c5a6f8c94139427f7e165170e56ffa9b19608f23766
2025-07-06T08:00:00Z,BCH_USDT,OK,2025-07-06T07:30:00Z,2025-07-06T08:00:00Z,30,201,97.9413,47330.203717,483.25071973723036145119576726059384549725192538796,a8731748a92daafdad3f81cbdb05aa79ca195d4b6e4dd5ea4cb1fa84e971c3c8
2025-07-06T08:00:00Z,LTC_USDT,OK,2025-07-06T07:30:00Z,2025-07-06T08:00:00Z,30,156,375.7174,32546.099273,86.623880802432892381348321903643536338748218741001,f48042e65a8d280b8eaf3dd8ce65746ab40a7e3a5982a554f095cfa5b45b4b01
2025-07-06T08:00:00Z,DOGE_USDT,OK,2025-07-06T07:30:00Z,2025-07-06T08:00:00Z,30,143,947662.04,155302.421217,0.16387954213825004534316896348407075585722521923533,63084f03fe1a7870866b88ff44662bd68b76d3eaef93c32c3c5361e09afcfbfa
2025-07-06T08:00:00Z,ETC_USDT,OK,2025-07-06T07:30:00Z,2025-07-06T08:00:00Z,30,39,46.9143,765.1193459,16.308872687005880936089848937317619574415476730975,f7c8fb75ecfac6686772fbe221bbdaa0eca074fa7001a31a3b67347157b664c5
2025-07-07T08:00:00Z,BSV_USDT,OK,2025-07-07T07:30:00Z,2025-07-07T08:00:00Z,30,699,2225.2125,54742.245748,24.60090699113006061218872354887454568945662492908,5c1725ef30ae67179308898676cc4e62e5b23f2f278fbf4c479ec51ef4ae06c5
2025-07-07T08:00:00Z,BTC_USDT,OK,2025-07-07T07:30:00Z,2025-07-07T08:00:00Z,30,1338,7.11977,775824.816395,108967.67962939814067027446111321011774256752675999,2f3dcc18adcfce67c7fa7f82737cb78b2d7291e4562b2a146c3f747b2ba06e13
2025-07-07T08:00:00Z,BCH_USDT,OK,2025-07-07T07:30:00Z,2025-07-07T08:00:00Z,30,96,54.2278,26878.606652,495.6610198459092937570766285927144379819944751585,69fd7c8ffc7492ab52a7aa73392f987d7ec1d2480d2f8758c2aeafbba3deb97d
2025-07-07T08:00:00Z,LTC_USDT,OK,2025-07-07T07:30:00Z,2025-07-07T08:00:00Z,30,127,126.9498,11147.28255,87.808586937513883440541064263196948715161426012487,531ced2235571f91ea7653acad9f36e814520787844249a37b49fc3059012592
2025-07-07T08:00:00Z,DOGE_USDT,OK,2025-07-07T07:30:00Z,2025-07-07T08:00:00Z,30,776,879633.92,152176.9542035,0.17300032518470865698312316105317994103728969433102,e2754463ac451bf5e24a8275db8fd641f377246d53ce0fcfe31039d990ad084e
2025-07-07T08:00:00Z,ETC_USDT,OK,2025-07-07T07:30:00Z,2025-07-07T08:00:00Z,30,34,130.8236,2176.173621,16.63441168871671472119709287926643205048630369444,979c0fdae48a70530ec3d0a602f56f19ac22086b837ba5175546dfa58b1a5363
2025-07-08T08:00:00Z,BSV_USDT,OK,2025-07-08T07:30:00Z,2025-07-08T08:00:00Z,30,12,56.688,1398.337839,24.667263600762066045723962743437764606265876375953,6b8ae79fa4daf837d132c9e851d53a7c010ff6ff595426b0cfc83bc8e18fdf48
2025-07-08T08:00:00Z,BTC_USDT,OK,2025-07-08T07:30:00Z,2025-07-08T08:00:00Z,30,1186,17.46972,1893657.602033,108396.56285464220376743302125048369407179966250175,69b00ba912a6711f432460c8f55fe6133dd9c29f0ac40527b8b56c761b98e181
2025-07-08T08:00:00Z,BCH_USDT,OK,2025-07-08T07:30:00Z,2025-07-08T08:00:00Z,30,244,137.2603,68315.640892,497.70866661372589160886286857889717565822018456903,3fe7c9fae6a1d8e2f33c82425abad5e875b3732e4dafbae286e30e149c747401
2025-07-08T08:00:00Z,LTC_USDT,OK,2025-07-08T07:30:00Z,2025-07-08T08:00:00Z,30,123,431.6732,37383.600097,86.601623860364738881172145965976113411719791731338,5245de87cb0a4f5028115fcb8592077e7334e69de6748249b444d2d06823cb60
2025-07-08T08:00:00Z,DOGE_USDT,OK,2025-07-08T07:30:00Z,2025-07-08T08:00:00Z,30,392,558924.97,94080.7800688,0.16832452496942478701568834901042263329190678312332,d1d11931f31e4469c1bb55c9c783fdc54cd857ecd81baf94a784b729f5ab4111
2025-07-08T08:00:00Z,ETC_USDT,OK,2025-07-08T07:30:00Z,2025-07-08T08:00:00Z,30,70,714.5131,11744.4512645,16.4369992159695882412792711568199379409558761064,79e83c52bdc1853e8bff429015ddf5cc3a9ca0d8fe271817a855bbd132caae45
2025-07-09T08:00:00Z,BSV_USDT,OK,2025-07-09T07:30:00Z,2025-07-09T08:00:00Z,30,74,429.71,10650.58568,24.78551972260361639245072258034488375881408391706,a38d8693aa2429ce00dcfd1ce6b379ce6476509d006129aeb4432f60ba87dee6
2025-07-09T08:00:00Z,BTC_USDT,OK,2025-07-09T07:30:00Z,2025-07-09T08:00:00Z,30,1028,11.30048,1228461.510283,108708.79027112122670895395593815483944044854731834,249df1a06fcd0e723e9a7caa9417df3304f19db79252477bcdf09125fd283d64
2025-07-09T08:00:00Z,BCH_USDT,OK,2025-07-09T07:30:00Z,2025-07-09T08:00:00Z,30,103,30.795,15627.31052,507.46259197921740542295827244682578340639714239325,7b2719dc0fe0ba45425af45cc2dfab1d352e658c3b093f548ef1cc0c334d5775
2025-07-09T08:00:00Z,LTC_USDT,OK,2025-07-09T07:30:00Z,2025-07-09T08:00:00Z,30,209,588.2375,51837.655755,88.123684319683801185745553454174546845449329565014,f1a165bf3818c8c8e6cb76e0a94b11a268ff850c76883c0ac6f1cc21879e190f
2025-07-09T08:00:00Z,DOGE_USDT,OK,2025-07-09T07:30:00Z,2025-07-09T08:00:00Z,30,261,330665.44,56842.188786,0.17190241830534210046263074846890561045629685400446,6dc390cafdbdbb53434a2dcafe808fdf78eac3a17dca67b00c0d9d0c77d4f1d8
2025-07-09T08:00:00Z,ETC_USDT,OK,2025-07-09T07:30:00Z,2025-07-09T08:00:00Z,30,89,667.3797,11344.7489132,16.998942151222160338410053527249929837542256679369,12aaade7a5df68af4a3ecb98736c12fb5aefd21f2345cfee6c6113d2dcd36e08
2025-07-10T08:00:00Z,BSV_USDT,OK,2025-07-10T07:30:00Z,2025-07-10T08:00:00Z,30,96,473.414,12053.13143,25.460023214353610159395370648100816621392692231324,e002751d85b94eea7550b2806423711c6db7b151850755d797242eebb3f793b4
2025-07-10T08:00:00Z,BTC_USDT,OK,2025-07-10T07:30:00Z,2025-07-10T08:00:00Z,30,1441,31.69174,3526088.604737,111262.07032927191754065885937471404220784343175856,c9e013428b33348cce2b780424a38c113f9fedb2e0eed5edac11a3bfc3aa372b
2025-07-10T08:00:00Z,BCH_USDT,OK,2025-07-10T07:30:00Z,2025-07-10T08:00:00Z,30,160,68.0567,35067.242103,515.26509664735433836786091597153549907650532570636,7f5b352a63f9e8fb563c4bf959987e770821d3462a339edaca04502e9e33407c
2025-07-10T08:00:00Z,LTC_USDT,OK,2025-07-10T07:30:00Z,2025-07-10T08:00:00Z,30,188,740.374,67438.00444,91.086402872061957875344082855421719293222074248961,83520fcc6d4d575c1636a769a84b46c11aa70cb326243db1d3590f506334f12d
2025-07-10T08:00:00Z,DOGE_USDT,OK,2025-07-10T07:30:00Z,2025-07-10T08:00:00Z,30,722,1416857.74,257964.2346015,0.18206784444110811011979226651223290773003082158411,5e1ea179df0f4ba5156ce06b8230f1dede916c66d7ddb31ac38ff2372681a0be
2025-07-10T08:00:00Z,ETC_USDT,OK,2025-07-10T07:30:00Z,2025-07-10T08:00:00Z,30,137,836.4292,14800.2936714,17.6946161987171179581009366961363854824771779847,13c98997db2951d38ee5403956956a5cbe45b3cc821b1228688221ac9fefc014
2025-07-11T08:00:00Z,BSV_USDT,OK,2025-07-11T07:30:00Z,2025-07-11T08:00:00Z,30,782,3681.625,97542.83031,26.494504548942382779343360608426985366516144365599,faa802b2f190dfe0819a00ac346d3b57dcd634e4149b2c0aff193fb1df149c04
2025-07-11T08:00:00Z,BTC_USDT,OK,2025-07-11T07:30:00Z,2025-07-11T08:00:00Z,30,4316,115.38347,13598969.382494,117858.90459434093982439599017086242942771611912868,1e771d2e908eb7c4a07170ebe30862b2665a9e14c78ecea84e8941deaa1df1bf
2025-07-11T08:00:00Z,BCH_USDT,OK,2025-07-11T07:30:00Z,2025-07-11T08:00:00Z,30,310,332.2102,172834.627902,520.25683709290082002298544716568004233464234391358,8b4f3e90c7271c4d4f7d5dac7a1815ae20af929aa3d7298c2973bc6ac7ecc9bf
2025-07-11T08:00:00Z,LTC_USDT,OK,2025-07-11T07:30:00Z,2025-07-11T08:00:00Z,30,1018,3721.6966,353951.238554,95.104807456362778201748095210125403559226187325426,728c5e5f1bee40d213af44d0a95b70603cc9448473c0121a7b80c11534e7b4e2
2025-07-11T08:00:00Z,DOGE_USDT,OK,2025-07-11T07:30:00Z,2025-07-11T08:00:00Z,30,1719,5265688.95,1040565.0499917,0.19761232763125896374870376648434579486507648728473,00e227426f61da3ea813a43b911bff2d7ea25fd160b3dafe5042a8aca97767b4
2025-07-11T08:00:00Z,ETC_USDT,OK,2025-07-11T07:30:00Z,2025-07-11T08:00:00Z,30,150,2738.5425,50721.6911093,18.521418276072034668076175556888381319625311639312,32384e6dc97cc34da63aae79c5c8ba39150247d3fab67806b74e4afb0523cf41
2025-07-12T08:00:00Z,BSV_USDT,OK,2025-07-12T07:30:00Z,2025-07-12T08:00:00Z,30,226,508.31,13580.42918,26.716824732938561114280655505498613051090869744841,b44c95d567d73e375324be234beca4829be0517bfea0935c5c6c23bf3068abd4
2025-07-12T08:00:00Z,BTC_USDT,OK,2025-07-12T07:30:00Z,2025-07-12T08:00:00Z,30,1308,13.62089,1603687.997058,117737.38698851543474765599017391668239006408538649,d682cd7d4125cc308daea32ecb375a09479a3b01a126f6002996e6907381dba1
2025-07-12T08:00:00Z,BCH_USDT,OK,2025-07-12T07:30:00Z,2025-07-12T08:00:00Z,30,82,39.4569,20424.326477,517.63636973507802184155369529790733686630221836992,201a1561434335e20c45daf1e24e1ec9ca71136b917e1053ff3dd744b8f190a7
2025-07-12T08:00:00Z,LTC_USDT,OK,2025-07-12T07:30:00Z,2025-07-12T08:00:00Z,30,203,1251.2578,116466.53376,93.079566624879381371288954202723051956199593720814,e2bdc460fcfc04f073b31fa9a3dac835364e359c53366aa9ed3b6af972bbb32b
2025-07-12T08:00:00Z,DOGE_USDT,OK,2025-07-12T07:30:00Z,2025-07-12T08:00:00Z,30,638,399340.31,80232.7812667,0.20091330441121759033041267484366905008913325078553,0afc545b44aa312dfdce2020ac32cbaa3a4b96d71656ecea2a6d9732557bc800
2025-07-12T08:00:00Z,ETC_USDT,OK,2025-07-12T07:30:00Z,2025-07-12T08:00:00Z,30,179,1253.023,23088.645603,18.42635418743311176251353726148682027384972183272,71c7feaa8a653c2990f802f7ef20508c8f0a2b222565fa0887e3d1c9f50d10a4
2025-07-13T08:00:00Z,BSV_USDT,OK,2025-07-13T07:30:00Z,2025-07-13T08:00:00Z,30,30,135.343,3582.76675,26.471755096310854643387541283996955882461597570617,654a658652a625adbfbd89b34c5a4a881e2f43bf372e054eeced7308585412ea
2025-07-13T08:00:00Z,BTC_USDT,OK,2025-07-13T07:30:00Z,2025-07-13T08:00:00Z,30,1115,18.06635,2131471.026167,117980.1689974455271817494956092403833646530704874,24c50fe48551d1a488acc143ce391f4ccd8a280e7e7ca4c69636edb792b8e4f4
2025-07-13T08:00:00Z,BCH_USDT,OK,2025-07-13T07:30:00Z,2025-07-13T08:00:00Z,30,84,65.3223,33175.770716,507.8781781413085577207171211056561082509342138902,7a7bc2592e1c69f1b1db11aa1fd3c4f095f209d501783987a73b824bf308d581
2025-07-13T08:00:00Z,LTC_USDT,OK,2025-07-13T07:30:00Z,2025-07-13T08:00:00Z,30,319,384.2646,36241.825716,94.314765700509492677701771123335326751410356301361,1c883c112e93038be87ff39e4f75e4ed1c1e7e3d0af4851f614d3ffabfba2eda
2025-07-13T08:00:00Z,DOGE_USDT,OK,2025-07-13T07:30:00Z,2025-07-13T08:00:00Z,30,639,910172.75,181572.1357095,0.19949194887399122858819932809458424238695346570198,217b9fb0363d4c14087bfb5c8fe23258bb597469c49e2be1fa7392afb95b4bc3
2025-07-13T08:00:00Z,ETC_USDT,OK,2025-07-13T07:30:00Z,2025-07-13T08:00:00Z,30,134,263.64,4823.144215,18.294432616446669701107570930056137156728872705204,4fadc7cf8caafda5b2d91dc0cdc45e436061229649e3dd4fd037395337459d67
2025-07-14T08:00:00Z,BSV_USDT,OK,2025-07-14T07:30:00Z,2025-07-14T08:00:00Z,30,69,467.287,12645.71716,27.061992223194738993380941477079396602088224153465,638968c9b1ee228e1a6f4bb2859b960af67fb20675f86ed62e3855c76a5a460f
2025-07-14T08:00:00Z,BTC_USDT,OK,2025-07-14T07:30:00Z,2025-07-14T08:00:00Z,30,7870,190.54185,23400560.741368,122810.6095399409631007571302577360301687004718386,427c11147ce20bdac9e2affbbeeaf460635d21f19d9532a22d4c1d3e548c7cbe
2025-07-14T08:00:00Z,BCH_USDT,OK,2025-07-14T07:30:00Z,2025-07-14T08:00:00Z,30,609,421.9388,219448.145108,520.09472726376431842722214690850900651942888399929,21d7359b38e5610f02032fa3d0ae160f4accbfc30bd3df3bc7ac712503c44208
2025-07-14T08:00:00Z,LTC_USDT,OK,2025-07-14T07:30:00Z,2025-07-14T08:00:00Z,30,377,2551.9702,248002.044316,97.180619239205849660783656486270882003245962668373,d14fa100e4cf38a8384507662683810a32f91396aee8a24aed846bd38467769b
2025-07-14T08:00:00Z,DOGE_USDT,OK,2025-07-14T07:30:00Z,2025-07-14T08:00:00Z,30,1519,3210701.88,668344.0571391,0.20816135602695694687169149444669088990597906274624,b16acbf09f80f8180a30eba9555ab15e4c7d92e4bd8cd6608d2462d164b8b65f
2025-07-14T08:00:00Z,ETC_USDT,OK,2025-07-14T07:30:00Z,2025-07-14T08:00:00Z,30,249,6350.2606,121279.6152532,19.098368223376533555174097894502156336702150459778,53d0050c3be63c86e31320ac9400fcf543e713864430fe18d8582b45f628afba
2025-07-15T08:00:00Z,BSV_USDT,OK,2025-07-15T07:30:00Z,2025-07-15T08:00:00Z,30,25,106.837,2755.55447,25.79213633853440287540833231932757378061907391634,174e4c512424476f743ec10dc403e703d7d8235016900a25d3a3c11ecfcfdb7d
2025-07-15T08:00:00Z,BTC_USDT,OK,2025-07-15T07:30:00Z,2025-07-15T08:00:00Z,30,8005,173.79705,20290178.0309396,116746.38914147046799701145675372510638126481433373,71dc3bb44585d98597ecafa947ebcd403045b2fbbbd29a59d6bab95e77b96342
2025-07-15T08:00:00Z,BCH_USDT,OK,2025-07-15T07:30:00Z,2025-07-15T08:00:00Z,30,484,638.849,312235.19371,488.74647015178860732348332704598426232176930698804,a280684a1997a3ff2e0887421722516b19ce9cc2a1ccd96e9b237c9786f1043e
2025-07-15T08:00:00Z,LTC_USDT,OK,2025-07-15T07:30:00Z,2025-07-15T08:00:00Z,30,275,637.471,59123.61649,92.747146913349783754868848935873161288905691396158,ff159ad725dac834a7ab30d656d9035557b956d11947ac697ecabb506fbdc013
2025-07-15T08:00:00Z,DOGE_USDT,OK,2025-07-15T07:30:00Z,2025-07-15T08:00:00Z,30,637,464277.25,88806.8698329,0.19127982220300477785633476548764773634719340652595,31a4caa2e83a93c9669c090aa5945a4c152afae63bb4f461a2f1c399e0fb0c87
2025-07-15T08:00:00Z,ETC_USDT,OK,2025-07-15T07:30:00Z,2025-07-15T08:00:00Z,30,153,400.137,7216.395996,18.034813066524715285014882402777048860765187923136,f3e62ab4cd5e224e6ecad3a63d9ee2f4c659cc1f9f134025d9d4cc8f635beb00
2025-07-16T08:00:00Z,BSV_USDT,OK,2025-07-16T07:30:00Z,2025-07-16T08:00:00Z,30,562,4119.632,123384.55036,29.950381577771995168500487422177514884824663950566,de2a40d2e961ce1d33ee07e7546b737a626d568407d1f93bce61f15c2e8736ef
2025-07-16T08:00:00Z,BTC_USDT,OK,2025-07-16T07:30:00Z,2025-07-16T08:00:00Z,30,1599,28.02123,3312094.3614365,118199.46381498956327042032059263636892456184114687,087bc80f92125c43eb016d9689e3063ed371443de5f8a55cc3469764356ed872
2025-07-16T08:00:00Z,BCH_USDT,OK,2025-07-16T07:30:00Z,2025-07-16T08:00:00Z,30,187,49.027,24485.76488,499.43428886123972504946254104880983947620698798621,d19aa69309412c0a651ab000daf686dff3b5f7674ca823846cb29bd90e0e1cbe
2025-07-16T08:00:00Z,LTC_USDT,OK,2025-07-16T07:30:00Z,2025-07-16T08:00:00Z,30,150,549.577,53012.40278,96.460373669203769444500042760159176967012811671522,1f49a0fde56c64655474d834c378825213fcce4d50bc8dd77509e87782f1fb23
2025-07-16T08:00:00Z,DOGE_USDT,OK,2025-07-16T07:30:00Z,2025-07-16T08:00:00Z,30,841,902745.32,180016.2242623,0.19940975630014897224834131513415101393159257807063,20764d1ce0e8273ff0f908eac72b10e84890103cd8f8fc6d7469b20118cb360d
2025-07-16T08:00:00Z,ETC_USDT,OK,2025-07-16T07:30:00Z,2025-07-16T08:00:00Z,30,222,1012.302,19806.64409,19.565943848772401911682482105142536515782839508368,ece808806bef15948f77c45d4d7c1a865e95d0de0fc433696a8e09a696a716b2
2025-07-17T08:00:00Z,BSV_USDT,OK,2025-07-17T07:30:00Z,2025-07-17T08:00:00Z,30,158,1083.912,31543.11843,29.101180197285388481721763390385935389588822708855,a342f546f110ff82c47d6ca9df713794aa4ac9fbc0d0b07aee4e97ab6fff557a
2025-07-17T08:00:00Z,BTC_USDT,OK,2025-07-17T07:30:00Z,2025-07-17T08:00:00Z,30,2270,57.822746,6842347.2652885,118333.14290000167062283759404992630408801408359264,85f05a96ae4cc8dd10e768ae84d055f241856a10628ad023d5fcdec7e58649a8
2025-07-17T08:00:00Z,BCH_USDT,OK,2025-07-17T07:30:00Z,2025-07-17T08:00:00Z,30,238,69.079,34198.49295,495.06352075160323687372428668625776285122830382605,3422e89a94f162e7b14053ca4c97b6bc3f2b611c460c66072b228eef26cc5bf1
2025-07-17T08:00:00Z,LTC_USDT,OK,2025-07-17T07:30:00Z,2025-07-17T08:00:00Z,30,273,506.866,49783.16966,98.217615030402512695663153575106635678857923001346,470833d8ecc1ad84423b8cce9b1cdfe8d8c5115fa089c8db5ea36c9b449cefc9
2025-07-17T08:00:00Z,DOGE_USDT,OK,2025-07-17T07:30:00Z,2025-07-17T08:00:00Z,30,1745,2351421.55,498533.2347783,0.21201355187813941740901370917520084818479272676565,5584834f410a359a80dc827f000da328eb1245d0fead9f84d16bbc5105dd0fd5
2025-07-17T08:00:00Z,ETC_USDT,OK,2025-07-17T07:30:00Z,2025-07-17T08:00:00Z,30,1607,20214.968,404631.540889,20.016432422203191219496365267558177682992127417664,516f4f283f7c16c7db41cbc1957a1a431667f59389a1384364c38b40c0f83d6e
2025-07-18T08:00:00Z,BSV_USDT,OK,2025-07-18T07:30:00Z,2025-07-18T08:00:00Z,30,178,814.071,24065.20947,29.561560932645924004171626307779051212977737814024,a2d2e3fdcaa97cec9afc59e8774a6e9449382d555723188ded12aa469d59a107
2025-07-18T08:00:00Z,BTC_USDT,OK,2025-07-18T07:30:00Z,2025-07-18T08:00:00Z,30,3788,89.296779,10682808.0693428,119632.6249275217418536451353973249135895483979327,2cd80357b3ef568d16bb38c558b4cef44045f99d25a2af842d0af108ef83ed52
2025-07-18T08:00:00Z,BCH_USDT,OK,2025-07-18T07:30:00Z,2025-07-18T08:00:00Z,30,596,1034.733,547142.72163,528.77671982047542699421010057667050340522627576389,371f55de83636c0c9b2da209b8ae3cd5bd3e457a464988fb6508ccd6c3e4b285
2025-07-18T08:00:00Z,LTC_USDT,OK,2025-07-18T07:30:00Z,2025-07-18T08:00:00Z,30,1244,4135.433,448566.96673,108.4691655577541698777371075773685609221573653835,e7600afbe62abeca8d7cdf78b6cebd3f66d9b9c2668c49abf576599b9b497224
2025-07-18T08:00:00Z,DOGE_USDT,OK,2025-07-18T07:30:00Z,2025-07-18T08:00:00Z,30,5998,7138135.93,1714893.6647435,0.24024390703127167823490859188499650776473795729469,2aaefb6a0155c9df84df6cc63ae59ed6e22743815ab7762e50de244e923f8fc8
2025-07-18T08:00:00Z,ETC_USDT,OK,2025-07-18T07:30:00Z,2025-07-18T08:00:00Z,30,1531,22465.204,519165.060369,23.109741641740711546621165781534857195153892214823,b5f29bf6dcbb2f16d1d290697012e60aea383a104df0fa0e7f953e3a1bcd3f76
2025-07-19T08:00:00Z,BSV_USDT,OK,2025-07-19T07:30:00Z,2025-07-19T08:00:00Z,30,236,1619.548,49092.4899,30.312463662700951129574424469049389088807494436719,69292784889f99e4883b12e03b4c297e977a121ec21df6260963d920e439fea8
2025-07-19T08:00:00Z,BTC_USDT,OK,2025-07-19T07:30:00Z,2025-07-19T08:00:00Z,30,804,8.982776,1061813.2252636,118205.46624602461421725310750262502371204625385293,e11817da157d3771fd475d521e7d77a19b19da1c3c1b5da821ee96a4fc593055
2025-07-19T08:00:00Z,BCH_USDT,OK,2025-07-19T07:30:00Z,2025-07-19T08:00:00Z,30,397,365.096,186319.1105,510.32909289611499441242851195302057541030304358306,ad17cdf9651f84c8cb7cd784aa37450e56e5e0d7676ec2947d9113b9b6f9b2cf
2025-07-19T08:00:00Z,LTC_USDT,OK,2025-07-19T07:30:00Z,2025-07-19T08:00:00Z,30,239,732.532,75243.27285,102.71670432144943838630940354824089596085904779586,66992bcf0e67fba24c3494ecd85fd4f11af1137c6eb9e7fb27fd14ea35d9f765
2025-07-19T08:00:00Z,DOGE_USDT,OK,2025-07-19T07:30:00Z,2025-07-19T08:00:00Z,30,1413,2059952.69,521700.5086272,0.25325849043028264886996021253284219842932412200204,485cf0c7316ffcbd5612fd2d1440bcd079bbc2cb2917a8984826df15b5cd97ce
2025-07-19T08:00:00Z,ETC_USDT,OK,2025-07-19T07:30:00Z,2025-07-19T08:00:00Z,30,698,14207.182,350976.111197,24.704132825003579175659184206973627845409455583803,0bed0dc5b3ae7ff099974d2c51b5f651f7430aa05888bab03bfb2312ba1943a0
2025-07-20T08:00:00Z,BSV_USDT,OK,2025-07-20T07:30:00Z,2025-07-20T08:00:00Z,30,22,56.329,1757.95281,31.208663565836425287152266150650641765342896199116,7f4fbae1a84aac8650614bd96bf5c3dcd26149f8259ea69a47c8cd6dc304c51d
2025-07-20T08:00:00Z,BTC_USDT,OK,2025-07-20T07:30:00Z,2025-07-20T08:00:00Z,30,1741,25.53508,3015873.3214027,118107.06374926963220792729061354027479060179173122,b038486877e77fd32e1841b6e4c13456a769af0f4be464cacb21a9c2311404fd
2025-07-20T08:00:00Z,BCH_USDT,OK,2025-07-20T07:30:00Z,2025-07-20T08:00:00Z,30,211,19.722,10362.57136,525.43207382618395700233242064699320555724571544468,c43eda2a90a614df1aae0888453666a252b4b22c11f83f65ef7e51f4b7b7a0ad
2025-07-20T08:00:00Z,LTC_USDT,OK,2025-07-20T07:30:00Z,2025-07-20T08:00:00Z,30,1751,5555.6459,653290.625296,117.59040029819035082851482669188833651187164394333,8da50a0e67472b5a18fd81e4745c7c258ddea9f03d0990843c3ce768637aac39
2025-07-20T08:00:00Z,DOGE_USDT,OK,2025-07-20T07:30:00Z,2025-07-20T08:00:00Z,30,937,1306930.41,329584.7205403,0.25218230291259348690187720094446344698643901016887,1020627e58734147e7461491aec123cd47b56b0e46d682bef89c11b287e7960e
2025-07-20T08:00:00Z,ETC_USDT,OK,2025-07-20T07:30:00Z,2025-07-20T08:00:00Z,30,424,10299.036,255817.083666,24.838934796033337489062083092048615035426616627032,1f35a449a84b68d173dc9e165a136a9ec2cdb7443c5aced18b548a11a2a66963
2025-07-21T08:00:00Z,BSV_USDT,OK,2025-07-21T07:30:00Z,2025-07-21T08:00:00Z,30,69,1085.816,34236.66197,31.530813664561951564537638052856100849499362691285,fc855371ed54e19b3742a54dd5f56d66b60c7e4f961a20296946db2f7ccf6da6
2025-07-21T08:00:00Z,BTC_USDT,OK,2025-07-21T07:30:00Z,2025-07-21T08:00:00Z,30,2273,65.323067,7801596.9656174,119430.96556714644154721026800532804131808446777308,323427967bf5897d52a3933f00021200f414f22224b529a092907d2d766f19d6
2025-07-21T08:00:00Z,BCH_USDT,OK,2025-07-21T07:30:00Z,2025-07-21T08:00:00Z,30,319,105.861,56352.22001,532.32276296275304408611292166142394271733688516073,c575e77ccf86a2f4b3b466f94bfd8762d4381dc8ee996011ac974d9326cf25c4
2025-07-21T08:00:00Z,LTC_USDT,OK,2025-07-21T07:30:00Z,2025-07-21T08:00:00Z,30,2055,5553.639,668743.06814,120.41529313302503097518581960404700413548666018803,e49e15a9fb73cad9e852809c34adec5060896d8db2fa0e9713ae8129e89e4d75
2025-07-21T08:00:00Z,DOGE_USDT,OK,2025-07-21T07:30:00Z,2025-07-21T08:00:00Z,30,1507,1889473.74,516109.4850765,0.27314985868843035627475828269515934103429243742758,27601ef0bf199425f6621cdcf00e54635f383d299839675323ce8db048a99864
2025-07-21T08:00:00Z,ETC_USDT,OK,2025-07-21T07:30:00Z,2025-07-21T08:00:00Z,30,443,6210.462,153738.233246,24.754717643550512023099086670202635488309887412563,d96e383249a8f8dce600874dcb3ad28826d9cad44f9a02fbadb8b45289600c3d
2025-07-22T08:00:00Z,BSV_USDT,OK,2025-07-22T07:30:00Z,2025-07-22T08:00:00Z,30,65,184.37,5539.32516,30.044612247111786082334436188100016271627705158106,83f9b7ac6189f75c018f94833981efeaeb0b96b7f53eaeff73368b96b8957f8a
2025-07-22T08:00:00Z,BTC_USDT,OK,2025-07-22T07:30:00Z,2025-07-22T08:00:00Z,30,3787,104.680327,12377468.3964084,118240.63557241658215301524612165187447303254985056,640ec35341fe20a369454fd6911edf41cbb858eaed0f84d1b44009456f3cabbb
2025-07-22T08:00:00Z,BCH_USDT,OK,2025-07-22T07:30:00Z,2025-07-22T08:00:00Z,30,212,91.62,47838.7653,522.14325802226588081204977079240340537000654878847,6f015f4885760410d59bdde40449a3cfbe4ae14dc5a6b1dabd1e623e4bcc094b
2025-07-22T08:00:00Z,LTC_USDT,OK,2025-07-22T07:30:00Z,2025-07-22T08:00:00Z,30,639,2508.158,290664.77125,115.88774361503541642910853303500018738851380176209,8610adf20a699355520be267afe609acdeca33d97262911510ab732402bf67e6
2025-07-22T08:00:00Z,DOGE_USDT,OK,2025-07-22T07:30:00Z,2025-07-22T08:00:00Z,30,2114,2811010.89,751967.0937353,0.26750771276282746809280415132080829469856660711834,ae520dc8e6d8a70a0d88275d132ff407a167d690c923afb0da29ed44ad0fa9e1
2025-07-22T08:00:00Z,ETC_USDT,OK,2025-07-22T07:30:00Z,2025-07-22T08:00:00Z,30,304,3735.929,88333.624923,23.644353231284641651380419702836965049389321906278,9862698b22fda19f930d472b711861f81ff4c5b1de96bc06b5d9124d3c5d461b
2025-07-23T08:00:00Z,BSV_USDT,OK,2025-07-23T07:30:00Z,2025-07-23T08:00:00Z,30,67,195.95,5898.36803,30.1013933656545036999234498596580760398060729778,d3fbae2c6ed445e833f2b76af2b8f3fc10b957086ee217254a9938c710ed38b1
2025-07-23T08:00:00Z,BTC_USDT,OK,2025-07-23T07:30:00Z,2025-07-23T08:00:00Z,30,2289,34.52367,4088853.7101809,118436.24128549774690813578046598174527794988192159,3f861954384552fb94147a7e8da53d556ffa6561c25e7a5c9944d460d7b9805f
2025-07-23T08:00:00Z,BCH_USDT,OK,2025-07-23T07:30:00Z,2025-07-23T08:00:00Z,30,284,151.877,79862.44449,525.83633130757125832087807897179954831870526807877,5ddc0d1fb99bd581379dd26376f2e374f88b2d9ab7024b75711453e53fc6960a
2025-07-23T08:00:00Z,LTC_USDT,OK,2025-07-23T07:30:00Z,2025-07-23T08:00:00Z,30,1136,3278.706,385631.78043,117.61706613218751544054270190739883356421710272284,11af103ddd5f002acc015e397d670535ff49a24421ad99f53730410c6a06b0c1
2025-07-23T08:00:00Z,DOGE_USDT,OK,2025-07-23T07:30:00Z,2025-07-23T08:00:00Z,30,1500,3003336.85,780588.9007266,0.25990720978454348202733236533224703049876007081923,502d7931d48808dcf4105967ad9f78a8f394d70a0375f82541049f533aec41a5
2025-07-23T08:00:00Z,ETC_USDT,OK,2025-07-23T07:30:00Z,2025-07-23T08:00:00Z,30,206,1037.707,24665.798196,23.769520872462072627437224573024948275380237388781,2e4d69c4a4820590130a2323f0d938fe443f45fecab7721e29de57cef35150f4
2025-07-24T08:00:00Z,BSV_USDT,OK,2025-07-24T07:30:00Z,2025-07-24T08:00:00Z,30,181,790.649,21777.51237,27.543843563958216604333907966746305882888614290286,8c798dd8c7b8a1477f6cffd7489fdeadd37ba8abeb34ef366146a0fd7bddceeb
2025-07-24T08:00:00Z,BTC_USDT,OK,2025-07-24T07:30:00Z,2025-07-24T08:00:00Z,30,14224,36.221614,4282418.2217011,118228.25514349250146611357517089105968607583306476,b7a4a524897f21f7a1abf87dc28c395a386ece5ed11b37a9e743ab991468f0d5
2025-07-24T08:00:00Z,BCH_USDT,OK,2025-07-24T07:30:00Z,2025-07-24T08:00:00Z,30,261,110.71,55413.18088,500.52552506548640592539066028362388221479541143528,9150d6a7727d5e8ada03979307c0e33a713cef56f9de18af51f4c582c7c3e0fc
2025-07-24T08:00:00Z,LTC_USDT,OK,2025-07-24T07:30:00Z,2025-07-24T08:00:00Z,30,4658,6991.518,768952.33355,109.98360206610352715962399009771554618038600487047,d6abfe17b5a156251e808294442b842d3ab6474f883ddf38c35fb2d35e565202
2025-07-24T08:00:00Z,DOGE_USDT,OK,2025-07-24T07:30:00Z,2025-07-24T08:00:00Z,30,7971,8976636.28,2075988.9090874,0.23126579314711857747231794936889210799125750029832,0d61481e14e6fd00d3bdce9a3bd4510e046e070b2a3ea2970fa122e9ac6a8978
2025-07-24T08:00:00Z,ETC_USDT,OK,2025-07-24T07:30:00Z,2025-07-24T08:00:00Z,30,304,4008.424,87883.548404,21.924713654044582110076179565834352852891809848459,49f3048007143ac5121d27b99e0d2e362a08b71a67a28b5f8a41a9014cb50c97
2025-07-25T08:00:00Z,BSV_USDT,OK,2025-07-25T07:30:00Z,2025-07-25T08:00:00Z,30,79,207.553,5787.0456,27.882254653028383111783496263604958733431942684519,43156878aa38d806f754c924d013100d527eaf4359a2c972d54f124099d1f2e7
2025-07-25T08:00:00Z,BTC_USDT,OK,2025-07-25T07:30:00Z,2025-07-25T08:00:00Z,30,10838,181.938109,20942159.9585309,115105.9559409342877142907976470174261292338704037,7b7625392641fed14570f5a01df0cd8d1b2e6b5c5adcfa8686a4dcd5c74b81d2
2025-07-25T08:00:00Z,BCH_USDT,OK,2025-07-25T07:30:00Z,2025-07-25T08:00:00Z,30,762,576.654,302917.77875,525.30248424531868330055804693975937043703850142373,d9ea40fbc9b7eb7930b5d6aaf8dc9d3cf11a8495db010797c8f996134f73b186
2025-07-25T08:00:00Z,LTC_USDT,OK,2025-07-25T07:30:00Z,2025-07-25T08:00:00Z,30,1270,3185.924,354878.66166,111.38955658075961636247443441839792788528539914951,377a18b7cedc621ea85a6a8edd09fec77045f281ff7319c95253c04003176af5
2025-07-25T08:00:00Z,DOGE_USDT,OK,2025-07-25T07:30:00Z,2025-07-25T08:00:00Z,30,3212,2847269.19,640496.4680032,0.2249511462606737229506564498736419087933164478909,5911a0ac7aeb431653d1c3d1d2d51ea5179c8fc84018a71a97be887053e2599f
2025-07-25T08:00:00Z,ETC_USDT,OK,2025-07-25T07:30:00Z,2025-07-25T08:00:00Z,30,436,3701.124,80718.738608,21.809250002972070106270419472571035177421777816685,b57bb2134d3414a25e2f1301bc2e58928d04ec2b3fbf60afd86cec13fbca1a70
2025-07-26T08:00:00Z,BSV_USDT,OK,2025-07-26T07:30:00Z,2025-07-26T08:00:00Z,30,33,160.966,4653.4496,28.90951878036355503646732850415615720089956885305,edd319891e9b2b13ca2ddad102de1a810c41d613dad36c8857a2c82b30dcdca5
2025-07-26T08:00:00Z,BTC_USDT,OK,2025-07-26T07:30:00Z,2025-07-26T08:00:00Z,30,1319,6.264488,735181.7693455,117357.0400877932881346408517344114954007414492613,5fba119509588e0e5d9f97440dfca5502603d4d64a0e6ea0cd9058912567c569
2025-07-26T08:00:00Z,BCH_USDT,OK,2025-07-26T07:30:00Z,2025-07-26T08:00:00Z,30,439,100.2,55415.86754,553.05257025948103792415169660678642714570858283433,80df761b8473bdf9792d552865e132f86e1c2b9ea5d490325f52582d6e315518
2025-07-26T08:00:00Z,LTC_USDT,OK,2025-07-26T07:30:00Z,2025-07-26T08:00:00Z,30,180,205.859,23308.22739,113.22423304300516372857149796705512025221146512904,f1fb65f0377617349e066f868b80369a44d9d2f3a5529b8bdcc7a9e8fb598b03
2025-07-26T08:00:00Z,DOGE_USDT,OK,2025-07-26T07:30:00Z,2025-07-26T08:00:00Z,30,1213,815864.35,193545.2159453,0.23722720075377726701748887544847375669742157504492,bfee78e1b23b0af2bc9e9f607380f9bd034400dcb1b49aea8b6c19ea0a788fbf
2025-07-26T08:00:00Z,ETC_USDT,OK,2025-07-26T07:30:00Z,2025-07-26T08:00:00Z,30,262,1326.206,30511.810234,23.006840742690049660459988870507296754802798358626,27f07c78d6620f423c6dfeaf6432b18f00a0f965d23b8ccadc6c2e7f31f6f02c
2025-07-27T08:00:00Z,BSV_USDT,OK,2025-07-27T07:30:00Z,2025-07-27T08:00:00Z,30,65,443.077,13233.30256,29.866823509232029647217075135924455568670908216856,f3b6d110cdb5f898081048dd5ba371a21e4efb22537d7b70ea3cc254f8e4b0f4
2025-07-27T08:00:00Z,BTC_USDT,OK,2025-07-27T07:30:00Z,2025-07-27T08:00:00Z,30,793,10.845334,1281362.2904819,118148.7163495287466480976980515307320180272917367,343f3270b93602cb3bb98f5a0472074fd85227129267436a0b9767d8cb0aae59
2025-07-27T08:00:00Z,BCH_USDT,OK,2025-07-27T07:30:00Z,2025-07-27T08:00:00Z,30,555,318.745,186162.509136,584.04840589185712717062228427112582158151500415693,1618a23033fe03783090e88da52dc31492f3c02fd3bd783aa08e8eb635ba2f9f
2025-07-27T08:00:00Z,LTC_USDT,OK,2025-07-27T07:30:00Z,2025-07-27T08:00:00Z,30,457,2049.874,234247.19805,114.27394954519155811527928058017224473309091192922,90e9fb8c042c45a7ed17229066313ff4982762da257588fc5917366b83048fc5
2025-07-27T08:00:00Z,DOGE_USDT,OK,2025-07-27T07:30:00Z,2025-07-27T08:00:00Z,30,877,608684.93,144457.7136543,0.23732756724287555468146714261514573722073257177568,747e231c9f43e42cad4293ffa7f2dea433acf3600870f0a66d465b7d2a72666b
2025-07-27T08:00:00Z,ETC_USDT,OK,2025-07-27T07:30:00Z,2025-07-27T08:00:00Z,30,179,713.225,16333.196076,22.900481721756808861158820848960706649374320866487,5cd92e56db9c41c40e6874c917e7db325bc312545714793f9349dc53dfdc8d11
2025-07-28T08:00:00Z,BSV_USDT,OK,2025-07-28T07:30:00Z,2025-07-28T08:00:00Z,30,44,475.949,14177.63672,29.78814267915259828258910093308316647371882281505,61b952c82a7e40d4b3863e9637440bfc08dee9e340d3895496776ee8a40f3568
2025-07-28T08:00:00Z,BTC_USDT,OK,2025-07-28T07:30:00Z,2025-07-28T08:00:00Z,30,1612,44.290287,5265988.5319179,118897.14175746704915233446105237475656908703255863,4c1aacdd5912af63b4c8d91ed35aa2b3f20ca85ddebfaf2eac223d59131fa89b
2025-07-28T08:00:00Z,BCH_USDT,OK,2025-07-28T07:30:00Z,2025-07-28T08:00:00Z,30,845,323.3,188104.60898,581.82681404268481286730590782554902567274976801732,0fc506882f8ee53067b6a02d18cfa6bb6d097312bbfa2d774fa5612e2caf7fac
2025-07-28T08:00:00Z,LTC_USDT,OK,2025-07-28T07:30:00Z,2025-07-28T08:00:00Z,30,173,224.124,25761.84411,114.94460258606842640681051560743160036408416769288,e0e7ca47e13c03751f25f47d8a7a941a132845a8131d0543deec570abc480578
2025-07-28T08:00:00Z,DOGE_USDT,OK,2025-07-28T07:30:00Z,2025-07-28T08:00:00Z,30,624,789545.67,191674.2185701,0.24276520770495771321246052809079429186154614716588,ff7e732771be0d0b8d4f63b09731f890ce89f2c961aae59ff94234044843b61d
2025-07-28T08:00:00Z,ETC_USDT,OK,2025-07-28T07:30:00Z,2025-07-28T08:00:00Z,30,693,5291.166,123735.766093,23.38534948497174346826389495245471414051269606737,b3ee69decb35e9b93d252d8b8c1e85ff6757dfe8d3a96c9e86c0a39527528d1b
2025-07-29T08:00:00Z,BSV_USDT,OK,2025-07-29T07:30:00Z,2025-07-29T08:00:00Z,30,101,427.389,12375.47491,28.955997721045698415261038538661500412972725081834,d1a31cd19c9b70287994b6d934d061ebd07a1bc4a132230f7172bc5b1fd01325
2025-07-29T08:00:00Z,BTC_USDT,OK,2025-07-29T07:30:00Z,2025-07-29T08:00:00Z,30,3298,67.790374,8064212.0299456,118958.06962129461035279138598645288488893718155324,7ff7a2293719b74d0931fb9d617490513780598f93733d6848c2b2cd9aebd10f
2025-07-29T08:00:00Z,BCH_USDT,OK,2025-07-29T07:30:00Z,2025-07-29T08:00:00Z,30,428,268.903,155406.19081,577.92657876632094100846773743691963273001788749103,2bb29e8133daec885f8c2db5558bd13748dd51de7dec0d3081270b0078e53088
2025-07-29T08:00:00Z,LTC_USDT,OK,2025-07-29T07:30:00Z,2025-07-29T08:00:00Z,30,638,1529.018,168879.34861,110.44954906351658384662574279701089195810644479005,2924aea22a831b272db18696493c3196d3572076ed9b43c552b8be7746765fac
2025-07-29T08:00:00Z,DOGE_USDT,OK,2025-07-29T07:30:00Z,2025-07-29T08:00:00Z,30,1949,2565217.35,593576.3307983,0.23139416657941285170241032402186114950454393270028,42a3bc0b82336101aa61f3f76dd270936e5eae6a55beb90a0920da4d2df7235e
2025-07-29T08:00:00Z,ETC_USDT,OK,2025-07-29T07:30:00Z,2025-07-29T08:00:00Z,30,327,8055.854,180117.266763,22.358556493575975930050370823503007874770322302266,5dae5f366cbcf34c964992e6de8a9f8e498291da994176711c765d25e4fdfc1a
2025-07-30T08:00:00Z,BSV_USDT,OK,2025-07-30T07:30:00Z,2025-07-30T08:00:00Z,30,16,67.934,1881.81531,27.700640474578267141637471663673565519474784349516,067714cee912ccd7bfb7883316d370c73817879ac6c4265e5b032b9cdddc1c5d
2025-07-30T08:00:00Z,BTC_USDT,OK,2025-07-30T07:30:00Z,2025-07-30T08:00:00Z,30,1541,18.60444,2199619.5140269,118230.89079955644996570711077570730427790355420534,50b31be6645bbc2f88778754484d991bd467b80314764fe6e4fa284e6cde8add
2025-07-30T08:00:00Z,BCH_USDT,OK,2025-07-30T07:30:00Z,2025-07-30T08:00:00Z,30,215,36.854,20855.17963,565.88646089976664676832908232484940576328214033755,190ed7cfeb35b2ea67a0c28006119e1045b809290b5273ade053df7534e6a0c2
2025-07-30T08:00:00Z,LTC_USDT,OK,2025-07-30T07:30:00Z,2025-07-30T08:00:00Z,30,356,470.437,51427.43379,109.31842901387433386404555764108690430387065643221,b2dd352f74113ae9787123a92c88b7823453484a3a1eb173ef137a8c2a13bc2b
2025-07-30T08:00:00Z,DOGE_USDT,OK,2025-07-30T07:30:00Z,2025-07-30T08:00:00Z,30,951,756330.72,167927.6531254,0.22202939624797998420585111232821536060309701554897,7c03cabc8a211606b8f172b42beb4d6039851126218659e3352c11fd4fefd816
2025-07-30T08:00:00Z,ETC_USDT,OK,2025-07-30T07:30:00Z,2025-07-30T08:00:00Z,30,193,1427.703,30700.625922,21.503510129207545266767668065416966974223630545008,551260f9e8874fbd9454410a6c8df9baba3d633574caccab9a8b35d1de256468
2025-07-31T08:00:00Z,BSV_USDT,OK,2025-07-31T07:30:00Z,2025-07-31T08:00:00Z,30,34,90.204,2519.63164,27.932593233116048068821781739168994723072147576604,a391aeb4f8b93bba621200d438b04280697937d87caa6326d38cb7ce932d5583
2025-07-31T08:00:00Z,BTC_USDT,OK,2025-07-31T07:30:00Z,2025-07-31T08:00:00Z,30,1013,13.168533,1563275.7685658,118712.9780185689628449881243415648500861865175111,fd18355e889af1d4546b5b69e9cc6b7126a020d1e4d31cbff18b84126448393f
2025-07-31T08:00:00Z,BCH_USDT,OK,2025-07-31T07:30:00Z,2025-07-31T08:00:00Z,30,190,66.806,38873.21656,581.88211478010957099661707032302487800496961350777,abd8142b7dccc9ad1f7fa11a31eade2eef6a8b45f723d22f820917aea645d768
2025-07-31T08:00:00Z,LTC_USDT,OK,2025-07-31T07:30:00Z,2025-07-31T08:00:00Z,30,175,298.132,32988.26666,110.64986871587082232031449156749359344183113520186,c82b5a42d20bf6dd978abed01d6c794e96f10cf70fe04c5898c60b07259fd1db
2025-07-31T08:00:00Z,DOGE_USDT,OK,2025-07-31T07:30:00Z,2025-07-31T08:00:00Z,30,727,713678.95,159522.1776379,0.2235209230115306049029469063085018830946323973826,91a90532552de5a286c4cc92d79ef5fa2cf67c15d5c3a313f7ecba50045e2593
2025-07-31T08:00:00Z,ETC_USDT,OK,2025-07-31T07:30:00Z,2025-07-31T08:00:00Z,30,21,156.671,3411.852293,21.777178246133617580790318565656694602064198224304,2f7139064178e4064f97e98fce6c2f962b19c68288d7d6e225980655d13690e6
2025-08-01T08:00:00Z,BSV_USDT,OK,2025-08-01T07:30:00Z,2025-08-01T08:00:00Z,30,29,111.823,2953.52214,26.412474535650089874176153385260635110844817255842,6ac2ebf39e603d239ecb9e9f5573f971efc2dc24edf857fe3185463431310fb7
2025-08-01T08:00:00Z,BTC_USDT,OK,2025-08-01T07:30:00Z,2025-08-01T08:00:00Z,30,4790,158.365604,18177341.2626926,114780.86657436421610844233574861369518093082889388,406fb7ed95be55e9359d1bdd9a3088be619693e2df5dbcbba336ba059ca72942
2025-08-01T08:00:00Z,BCH_USDT,OK,2025-08-01T07:30:00Z,2025-08-01T08:00:00Z,30,331,130.684,73132.1119,559.6102958281044351259526797465642312754430534725,978c9b221a04cf8dd5ff02a3ae70c34c29aa46d86432b2c7e8abb343eefd2018
2025-08-01T08:00:00Z,LTC_USDT,OK,2025-08-01T07:30:00Z,2025-08-01T08:00:00Z,30,601,1466.344,153824.20566,104.90321893089206898244886602325238825268831870284,0dab64b668a0ff5fb75691c1fc68d377fe75fc55c5cb1fc35c1d4eee28954a31
2025-08-01T08:00:00Z,DOGE_USDT,OK,2025-08-01T07:30:00Z,2025-08-01T08:00:00Z,30,1450,2823122.36,580112.1198504,0.205485999498229329316069743431170301807251457567,777da0e653fb397ffa76c749c5bd23b76cff054c9f7ead6b64f18c512d944aba
2025-08-01T08:00:00Z,ETC_USDT,OK,2025-08-01T07:30:00Z,2025-08-01T08:00:00Z,30,451,2054.399,41377.196814,20.14077928094785871683154051379503202639798792737,af059947ba8460c96d8866ed29f57b0ffc9766d58ab51d2f5d175336b1db1b64
2025-08-02T08:00:00Z,BSV_USDT,OK,2025-08-02T07:30:00Z,2025-08-02T08:00:00Z,30,23,65.324,1704.1409,26.087516073724817831118731247321045863694813544792,23a3803176ab255ed260f85ff9a1d8e0384285fe332d38f50523c199b8a49db3
2025-08-02T08:00:00Z,BTC_USDT,OK,2025-08-02T07:30:00Z,2025-08-02T08:00:00Z,30,1580,25.827995,2942341.3273178,113920.62478399116927194697071917506566034258563237,5cf4e00e4f2fdc133a2a6eebb3f657e3cc0f9bcfa9f71ea1ccec8e52c920e536
2025-08-02T08:00:00Z,BCH_USDT,OK,2025-08-02T07:30:00Z,2025-08-02T08:00:00Z,30,596,83.007,44936.66072,541.35989398484465165588444348067030491404339393063,eac363cfa6787dd67adcc2bd4763dd93981f94c177b0f1af9b4e35e1537fe158
2025-08-02T08:00:00Z,LTC_USDT,OK,2025-08-02T07:30:00Z,2025-08-02T08:00:00Z,30,1083,2176.187,235418.39288,108.17930301026520239299288158600340871441654600455,d3c9043418d809993fb22b51dcfe04eced94ad69c5107f2cdbd1f25d21e20119
2025-08-02T08:00:00Z,DOGE_USDT,OK,2025-08-02T07:30:00Z,2025-08-02T08:00:00Z,30,1950,1331252.53,265390.3335258,0.19935386228020915010016919930285503382292163606254,f1d64bf67e4968f289a32805b7a654130fbaede59c635bc3093efa37e343ac06
2025-08-02T08:00:00Z,ETC_USDT,OK,2025-08-02T07:30:00Z,2025-08-02T08:00:00Z,30,1014,5612.787,111336.752305,19.836268916850042590249727987183550703064270922805,c26a13daa60b3719b5825ce90a7f39c9433b41ab99f6f50731fff8a6a470f8ce
2025-08-03T08:00:00Z,BSV_USDT,OK,2025-08-03T07:30:00Z,2025-08-03T08:00:00Z,30,9,16.182,417.1869,25.780923248053392658509454949944382647385984427141,55b9e43420bdb43e7bd9339a6fcca0b5acaea3fc595a70ad7d0b16a31badd3fc
2025-08-03T08:00:00Z,BTC_USDT,OK,2025-08-03T07:30:00Z,2025-08-03T08:00:00Z,30,1260,11.814513,1343164.2591718,113687.65341168104009026863824179633980681218091681,f24fd8b17efad3285a1b66e22c69e5f135bb23118bf5303c2e19814c098c09c9
2025-08-03T08:00:00Z,BCH_USDT,OK,2025-08-03T07:30:00Z,2025-08-03T08:00:00Z,30,822,415.068,222696.83859,536.53097465957385295903321865332909306426898725028,76f11df7af6863b2b6e6f9f62ce0d71ed0af0d1b933d57f73436544accd5410d
2025-08-03T08:00:00Z,LTC_USDT,OK,2025-08-03T07:30:00Z,2025-08-03T08:00:00Z,30,367,567.928,61538.09051,108.35544384147286275725091913059401896014987815357,33a74d691614517e6c0b14bd5516f932bd3cf8ac05f3c25a22fe6ec3fd516f02
2025-08-03T08:00:00Z,DOGE_USDT,OK,2025-08-03T07:30:00Z,2025-08-03T08:00:00Z,30,371,443898.4,87160.3278431,0.19635197568430073187918676886422658878698368815927,10d56eaeaf8b7ad11ec869eae5df208aa1733dc8e3e2d04444576272c9e9f477
2025-08-03T08:00:00Z,ETC_USDT,OK,2025-08-03T07:30:00Z,2025-08-03T08:00:00Z,30,186,1212.03,23524.091235,19.408835783767728521571248236429791341798470334893,fcb3c94c9f23bb95614a27471ea2ce33eff654462174c7a51d36954f98d82428
2025-08-04T08:00:00Z,BSV_USDT,OK,2025-08-04T07:30:00Z,2025-08-04T08:00:00Z,30,59,363.571,9374.50404,25.784520877627753588707570185740886924424665333594,25f865016b72ee4138fe4b46851771a50aba56209b6e288a27439c0acd1c5aa9
2025-08-04T08:00:00Z,BTC_USDT,OK,2025-08-04T07:30:00Z,2025-08-04T08:00:00Z,30,1437,14.746672,1690825.2463953,114658.09006908813052870505290956495133274816175473,891f7dd4a171d2a8f4ca0e4cb198994501e6e7ceba3d9d982febb0b4da9ab61a
2025-08-04T08:00:00Z,BCH_USDT,OK,2025-08-04T07:30:00Z,2025-08-04T08:00:00Z,30,236,61.363,33888.96382,552.27032283297752717435588220914883561755455241758,152bfb6bfd04c268c19dc873363fb78e70531cc364f8af3edcbaa677f5be7df7
2025-08-04T08:00:00Z,LTC_USDT,OK,2025-08-04T07:30:00Z,2025-08-04T08:00:00Z,30,571,1428.519,160074.59473,112.05632877826616236815891143204955621871322677542,370946c683064638a54b0040e247e07feeb01b3e5e7072d3d2b287db682de521
2025-08-04T08:00:00Z,DOGE_USDT,OK,2025-08-04T07:30:00Z,2025-08-04T08:00:00Z,30,748,1337791.24,271740.4516264,0.20312620048730473074408829287893976641676918141578,7827e1d4be02e2b47fb42d3003391c33430ecc152622fac703dd9172c31cc4c5
2025-08-04T08:00:00Z,ETC_USDT,OK,2025-08-04T07:30:00Z,2025-08-04T08:00:00Z,30,478,2086.345,41973.977781,20.118426138054827940728882327707066664429900136363,9d3adb85d6506281473751917bd281c895bbf793e09333c6d5f9df99417748e8
2025-08-05T08:00:00Z,BSV_USDT,OK,2025-08-05T07:30:00Z,2025-08-05T08:00:00Z,30,31,123.676,3177.52042,25.692296160936640900417219185614023739448235712669,30e04f6e179dce66b075954d2c48ff13a0ef3329634a50536d1e3dd1aef9e27e
2025-08-05T08:00:00Z,BTC_USDT,OK,2025-08-05T07:30:00Z,2025-08-05T08:00:00Z,30,5574,119.477032,13625093.245122,114039.4351704518404842865530841107603007747966153,66304fb6729dc3276bd8456eb4367401b0cc2dfeebea33932cb499ae82dde82a
2025-08-05T08:00:00Z,BCH_USDT,OK,2025-08-05T07:30:00Z,2025-08-05T08:00:00Z,30,380,300.845,168357.73534,559.61619883993418537785238245608203559972743439313,d9d575a7296361165d423a754ff38bd51a7cbe26ed9e392dcb4f718042d08dae
2025-08-05T08:00:00Z,LTC_USDT,OK,2025-08-05T07:30:00Z,2025-08-05T08:00:00Z,30,2572,6480.588,785880.21823,121.26680761529663666321636246587501010710756493084,ff5bf10c64ae2299befaff6b67f3b03382dce19ee9beefc4ce0de2e8ba6b90c8
2025-08-05T08:00:00Z,DOGE_USDT,OK,2025-08-05T07:30:00Z,2025-08-05T08:00:00Z,30,1863,5408330.94,1094536.0487471,0.2023796363221626374809082966361522248118936301631,3f26fb313fc806095f8a665908392ca66feb36c7349cb240933d593415cf8105
2025-08-05T08:00:00Z,ETC_USDT,OK,2025-08-05T07:30:00Z,2025-08-05T08:00:00Z,30,592,16769.809,340682.869444,20.315250426763954198882050475351269653697308061171,1bb9b995ce14f77c61c4d0ec1514dc24513935fda3c8d74175ab9b7e1d0cebf1
2025-08-06T08:00:00Z,BSV_USDT,OK,2025-08-06T07:30:00Z,2025-08-06T08:00:00Z,30,13,27.551,704.29623,25.563363580269318718013865195455700337555805596893,97424083c3bd89c05de44b75b72ebb00721ec754fd49327261a601f9a1416056
2025-08-06T08:00:00Z,BTC_USDT,OK,2025-08-06T07:30:00Z,2025-08-06T08:00:00Z,30,1914,18.800355,2147005.1747096,114200.24646926081980898764943534310921256540102567,9290b0cb2611c0bb518f773bd5e3a42fc380d4b20111a5642bb9d37cc138f30e
2025-08-06T08:00:00Z,BCH_USDT,OK,2025-08-06T07:30:00Z,2025-08-06T08:00:00Z,30,154,67.136,37844.42168,563.69789204003813155386081982840800762631077216397,72ea9bff9b8bf93cebb5362608b5ed9b09b7172f1410612fb5a5697c85472ffc
2025-08-06T08:00:00Z,LTC_USDT,OK,2025-08-06T07:30:00Z,2025-08-06T08:00:00Z,30,357,1535.679,181252.98875,118.02791387392808002193166670899322058841724084265,b98c8aa7c6d500b1372a27fc12f96300a5e1dddb5134c02598bf9cdcb1b40463
2025-08-06T08:00:00Z,DOGE_USDT,OK,2025-08-06T07:30:00Z,2025-08-06T08:00:00Z,30,643,1396671.14,281554.025941,0.20158934904389876631946443741939136796368542418654,3dc7d5cf746b43e9149321d189391ecbeb27a14e2a9450773de445a55842b895
2025-08-06T08:00:00Z,ETC_USDT,OK,2025-08-06T07:30:00Z,2025-08-06T08:00:00Z,30,142,1034.072,20882.039453,20.193989831462412675326282889392614827594210074347,2aefce55081baddddbe5242c8f4e4d1a6a1f8e093b8271280b6391bb6329add5
2025-08-07T08:00:00Z,BSV_USDT,OK,2025-08-07T07:30:00Z,2025-08-07T08:00:00Z,30,71,510.378,13124.55608,25.715364063498034789900818608952580244446273154407,6d0887f844e585ac39bbca4c21adaf3cbe568adfd0f4c2fff17a474d0890f52d
2025-08-07T08:00:00Z,BTC_USDT,OK,2025-08-07T07:30:00Z,2025-08-07T08:00:00Z,30,1610,39.772039,4564715.1937123,114771.96815864280933647882624272796272778471327558,037c688a0047bab425f27c47f24002d132da2d7416fc23cf9791334f7dc87607
2025-08-07T08:00:00Z,BCH_USDT,OK,2025-08-07T07:30:00Z,2025-08-07T08:00:00Z,30,1412,1108.48,640223.39328,577.56873672055427251732101616628175519630484988453,132a3364d7e3f6d4cdc5119fda19b9414bc21e59f5f180bb9351616d592bc742
2025-08-07T08:00:00Z,LTC_USDT,OK,2025-08-07T07:30:00Z,2025-08-07T08:00:00Z,30,622,1409.412,168751.89325,119.73212463779221405806109214339029325704620082701,77dc347a90e49636340ff1b111f7c8f24e4e71d493228cb01738a5b2d8e2c71e
2025-08-07T08:00:00Z,DOGE_USDT,OK,2025-08-07T07:30:00Z,2025-08-07T08:00:00Z,30,428,584376.71,120153.0534801,0.20560890162802689381649039367089081972483126509268,6220e0f9a3a3829e5e375b8d279a8c1b515acd6d6cc6c8db78139f6c76a35c05
2025-08-07T08:00:00Z,ETC_USDT,OK,2025-08-07T07:30:00Z,2025-08-07T08:00:00Z,30,549,2019.713,41010.844806,20.305283377390748091436753637769326632051187470695,4c07a5c3f866db84d0a7a641450d5449a5a28336b188ae4f4b8fd010c8702aee
2025-08-08T08:00:00Z,BSV_USDT,OK,2025-08-08T07:30:00Z,2025-08-08T08:00:00Z,30,34,151.312,3987.64578,26.353797319445913080258009939727186211272073596278,2bcc8d952f48e29726cf3575d63242768d7e1de74d2407871c289f21edf0ac2c
2025-08-08T08:00:00Z,BTC_USDT,OK,2025-08-08T07:30:00Z,2025-08-08T08:00:00Z,30,2676,30.409728,3554654.2436394,116892.01046584172012324477219921204162036569350439,c276c712f1a982ddcd246be34df794de58a8dccca935f013548673d27b9df31e
2025-08-08T08:00:00Z,BCH_USDT,OK,2025-08-08T07:30:00Z,2025-08-08T08:00:00Z,30,237,44.613,25851.29554,579.45656064375854571537444242709524129737968753502,37b02b2e18e2f8c022a261bdc8b792eafdde5f0270eaea9ac13b6c8138600dfc
2025-08-08T08:00:00Z,LTC_USDT,OK,2025-08-08T07:30:00Z,2025-08-08T08:00:00Z,30,706,1460.344,178684.54946,122.3578481919328596549854007001090154100677648554,4b553b08e8b93e77cd80510a0a3d3db24656c817eecc19a7b11ac2b612b104a9
2025-08-08T08:00:00Z,DOGE_USDT,OK,2025-08-08T07:30:00Z,2025-08-08T08:00:00Z,30,991,1084655.83,243202.7959001,0.22422116691162762661774472737587184683274140516997,957f94c89eb692e155e026fb2b226afa9ba1c02476589c06597ecdc56439e6a3
2025-08-08T08:00:00Z,ETC_USDT,OK,2025-08-08T07:30:00Z,2025-08-08T08:00:00Z,30,476,5579.446,121073.932955,21.699991890771951193720666890583760466540943312293,2b69c55fa244affc02e3934fa4b1f57a2d46b7417ea1a0a135f4b1cdfe1b6b65
2025-08-09T08:00:00Z,BSV_USDT,OK,2025-08-09T07:30:00Z,2025-08-09T08:00:00Z,30,32,20.435,559.58846,27.383824810374357719598727673109860533398580866161,170c37f11765cf970c3b3b718365c39fd8527c290582e7c0a627812d8c324858
2025-08-09T08:00:00Z,BTC_USDT,OK,2025-08-09T07:30:00Z,2025-08-09T08:00:00Z,30,1197,8.013772,936159.4402853,116818.82642597019231393156680774047477267883338832,d52aab488159418650e51146afbc75873bfae23f1ca7bc508afe81f2115bb7d4
2025-08-09T08:00:00Z,BCH_USDT,OK,2025-08-09T07:30:00Z,2025-08-09T08:00:00Z,30,83,5.41,3173.47576,586.59441035120147874306839186691312384473197781885,8ed5cdd92d4c23102e9dc34fe97acc6b490f95781dfa47568c7390c16a10d393
2025-08-09T08:00:00Z,LTC_USDT,OK,2025-08-09T07:30:00Z,2025-08-09T08:00:00Z,30,208,354.836,44447.88367,125.26317417060275733014688475802906131283184344317,f86147f57b4e2212fcc49d1210969ee494107ee6d0377b88ff7e584fc518efed
2025-08-09T08:00:00Z,DOGE_USDT,OK,2025-08-09T07:30:00Z,2025-08-09T08:00:00Z,30,708,725048,170723.3920214,0.2354649513154991117829440257748452516247200185367,9aa67bcb74a40ef64af68e57b4763bd2f66edb749f86a64f51078c26748d66f1
2025-08-09T08:00:00Z,ETC_USDT,OK,2025-08-09T07:30:00Z,2025-08-09T08:00:00Z,30,471,6077.186,140806.001836,23.169605445020112927266007655516879029208584367831,17795ba035afdae4d4b7e7ffad4698d30d5e20e99e62581d33968de4fe7a9394
2025-08-10T08:00:00Z,BSV_USDT,OK,2025-08-10T07:30:00Z,2025-08-10T08:00:00Z,30,292,1178.533,33371.97499,28.316538433798629312883050368551410949035792803426,eee81ae5b7549ca101bf27f083fa4a56fa50fcc0ac8a6eabfe9c3e6acd8580e0
2025-08-10T08:00:00Z,BTC_USDT,OK,2025-08-10T07:30:00Z,2025-08-10T08:00:00Z,30,4841,103.702482,12211902.3987644,117759.01755914000206861008399008232030550628479654,b21d55a5d2ed34d0a6b4219cb6fb740b33f2e2fbcbe3bcb9887498f5b6f511ca
2025-08-10T08:00:00Z,BCH_USDT,OK,2025-08-10T07:30:00Z,2025-08-10T08:00:00Z,30,500,299.284,168730.05694,563.77907586105505138931583378997874928161879686184,65c8ea806ffdd24b7426391aa87292aca4c649c7a846256451ff4e45f559a35d
2025-08-10T08:00:00Z,LTC_USDT,OK,2025-08-10T07:30:00Z,2025-08-10T08:00:00Z,30,1527,4906.076,586566.2057,119.55913559023545497460699752714796917128882634513,7bf3258c03dae93713d1373c16a7dcc1624a740b19de02f41dee5bd8aac0f8c3
2025-08-10T08:00:00Z,DOGE_USDT,OK,2025-08-10T07:30:00Z,2025-08-10T08:00:00Z,30,5572,13093615.18,3055456.5407048,0.23335469224510995595030157286171289478816040781183,575715b0a9d2859f4121120b0d988e795c5968f9d844e4f8c0da38707418eb7e
2025-08-10T08:00:00Z,ETC_USDT,OK,2025-08-10T07:30:00Z,2025-08-10T08:00:00Z,30,623,9842.094,226110.677118,22.97383840451025970692822076277670178724161748506,3591cb46da08b105575236d4dff6d2294bf2243062667304d385c9c0e4667bc8
2025-08-11T08:00:00Z,BSV_USDT,OK,2025-08-11T07:30:00Z,2025-08-11T08:00:00Z,30,109,433.405,12792.0075,29.515135958283822290928807927919613294724334052445,0f7e5d700de6fdb74004058f6ebff27748b6588e1ce3c18434b9741ea5892f32
2025-08-11T08:00:00Z,BTC_USDT,OK,2025-08-11T07:30:00Z,2025-08-11T08:00:00Z,30,3382,41.4216,5041436.1727588,121710.31956174556270158564613631535237653784498909,991eb157f03b4946b928bc82848bdea35c1e0bf3f36f4071aa98cb0b41fe5bf1
2025-08-11T08:00:00Z,BCH_USDT,OK,2025-08-11T07:30:00Z,2025-08-11T08:00:00Z,30,321,149.155,85684.88494,574.46874016962220508866615265998457979953739398612,164ba1c47cb08966e40f7ef069302939d0ba04eb86790c714e3fdb71ee9123c3
2025-08-11T08:00:00Z,LTC_USDT,OK,2025-08-11T07:30:00Z,2025-08-11T08:00:00Z,30,702,3052.244,376743.30558,123.43158200327365702086727011339853563476576577757,67d3a83701fb0467f6809634e9105a63f7e2126e77280b5603741d91ea159b35
2025-08-11T08:00:00Z,DOGE_USDT,OK,2025-08-11T07:30:00Z,2025-08-11T08:00:00Z,30,1592,2169270.93,508603.6892877,0.23445835292122777858826513661896534058104028527225,d26c380a69a17da111a44a40dda675846716a6ff1cf314db6d124efe7f056f5c
2025-08-11T08:00:00Z,ETC_USDT,OK,2025-08-11T07:30:00Z,2025-08-11T08:00:00Z,30,2163,13911.098,320234.50382,23.020073887769319143607499566173712527939922499288,c352681902c3ee6225ae119046547938acc3e8d308e735515eef1f8fe8c3deba
2025-08-12T08:00:00Z,BSV_USDT,OK,2025-08-12T07:30:00Z,2025-08-12T08:00:00Z,30,336,594.457,17458.22497,29.368356281446765703827190192057625698746923663108,7c64dca30bd0219ea9d9dc670925936d6c1ba3e2823e3ec87ff3e2fa1628ddd2
2025-08-12T08:00:00Z,BTC_USDT,OK,2025-08-12T07:30:00Z,2025-08-12T08:00:00Z,30,1374,19.186285,2283766.386079,119031.19265032287386536789169972196285002542180521,6e546eb7ba3188e8fc56a0ed488e49b60294ba2a01f1b300c735b2a7ebcd11ee
2025-08-12T08:00:00Z,BCH_USDT,OK,2025-08-12T07:30:00Z,2025-08-12T08:00:00Z,30,300,109.829,64860.97053,590.56324404301231915067969297726465687568857041401,c5dddea1a25b911b32796325bd14e449262de1df10436476a1f732cbeeb94c33
2025-08-12T08:00:00Z,LTC_USDT,OK,2025-08-12T07:30:00Z,2025-08-12T08:00:00Z,30,332,888.98,106040.08564,119.28286985084028887039078494454318432360683029989,9315d81e0d21cddc43131793ea1dda7666713a7984e89384f7908250c73d2c34
2025-08-12T08:00:00Z,DOGE_USDT,OK,2025-08-12T07:30:00Z,2025-08-12T08:00:00Z,30,439,854854.44,192417.6289171,0.22508817865776072941727950784229418051569106899649,d26534c631b3e3238231cba26d305cc864d5275246642530ca1189369528c4de
2025-08-12T08:00:00Z,ETC_USDT,OK,2025-08-12T07:30:00Z,2025-08-12T08:00:00Z,30,134,458.527,10296.400905,22.45538628041532995875924427569150780651957245702,da9e5b2b963bc6d75c04ab09ea20b3aa8a28389a0df6c430ce4ebd2836cdba35
2025-08-13T08:00:00Z,BSV_USDT,OK,2025-08-13T07:30:00Z,2025-08-13T08:00:00Z,30,62,541.856,15821.59251,29.198887730319494478237760585838303903620150002953,4162c82b9c30e91ee3cf556b0a3065985d21896335e38a412a2cb8c8a2bc5c54
2025-08-13T08:00:00Z,BTC_USDT,OK,2025-08-13T07:30:00Z,2025-08-13T08:00:00Z,30,3610,86.937473,10381606.1759276,119414.63005173384784257531847055181831659634275314,03b91392cd0feaa6d47e7a53de80b1c86da52b01c09acdaa02d05c0aa243c43a
2025-08-13T08:00:00Z,BCH_USDT,OK,2025-08-13T07:30:00Z,2025-08-13T08:00:00Z,30,423,185.511,112493.94894,606.40042337112084997655125572068502676391157397675,3cbf3ec8f6d307dc166158cbcd3142554a1f24b39006fa2e34126d9503c3215b
2025-08-13T08:00:00Z,LTC_USDT,OK,2025-08-13T07:30:00Z,2025-08-13T08:00:00Z,30,386,657.974,86257.41919,131.09548278503405909656004644560423360193563879424,6f673514c3de5209e22419da8183c6a869611e925f01bd71718f817e891e089a
2025-08-13T08:00:00Z,DOGE_USDT,OK,2025-08-13T07:30:00Z,2025-08-13T08:00:00Z,30,6109,7977753.52,1930870.2184245,0.24203182181347964232417147929132811814421661901633,af3c5e647c781298e19829d4ba326415f709aea937412593835eef8b32388a8c
2025-08-13T08:00:00Z,ETC_USDT,OK,2025-08-13T07:30:00Z,2025-08-13T08:00:00Z,30,442,3222.976,76657.990716,23.784846898022200599694195675053118608391747254711,2e7dcf01b65a0cb866b0baf150808a5d799b163b2842c27e4c9404fbe6ab822f
2025-08-14T08:00:00Z,BSV_USDT,OK,2025-08-14T07:30:00Z,2025-08-14T08:00:00Z,30,77,461.604,13561.13718,29.378292172511503366521953882548678087711544960616,fad9325f371c5ac7f09ca4828c744a650d5fbc17a5acbde617269b920e30f7b5
2025-08-14T08:00:00Z,BTC_USDT,OK,2025-08-14T07:30:00Z,2025-08-14T08:00:00Z,30,2312,62.519433,7615230.5860728,121805.8165382401980517001809661325623346584093301,fe709ffb7a3b1773053f1b981fa28cf1d4648b916b40b614cdc8f2b545ae10e4
2025-08-14T08:00:00Z,BCH_USDT,OK,2025-08-14T07:30:00Z,2025-08-14T08:00:00Z,30,159,40.945,24925.62789,608.75877127854438881426303577970448162168762974722,138ecef584f37dcd36e4006ebc0a5b18fce3a1cd924726c24e0e2ce2104b2388
2025-08-14T08:00:00Z,LTC_USDT,OK,2025-08-14T07:30:00Z,2025-08-14T08:00:00Z,30,435,800.594,103972.28154,129.86892424874530660984219217231205829671468934316,e1f339d9f5130de6c3323f28fced89e8cfc1298853c8ee9819d1f20e7181a7d2
2025-08-14T08:00:00Z,DOGE_USDT,OK,2025-08-14T07:30:00Z,2025-08-14T08:00:00Z,30,3647,6638399.26,1624877.0939909,0.24476941358162600180815276844315627981677016516177,05833d7c47d1998cd0c82783f5cf876d36a21ca018acf50bff035d7c117a244c
2025-08-14T08:00:00Z,ETC_USDT,OK,2025-08-14T07:30:00Z,2025-08-14T08:00:00Z,30,315,2760.179,65113.765325,23.590414000323892037436702474730805502106928572386,5fa3baf6a7024d8283539eecbb50a04f6c124e61e3c6eea140244bad2a5e321f
2025-08-15T08:00:00Z,BSV_USDT,OK,2025-08-15T07:30:00Z,2025-08-15T08:00:00Z,30,12,29.347,820.79713,27.968689474222237366681432514396701536783998364398,56fa23d89d8ba29b49d8c2e22344274f6c67b66bf21e8036222dfccd61642ba5
2025-08-15T08:00:00Z,BTC_USDT,OK,2025-08-15T07:30:00Z,2025-08-15T08:00:00Z,30,5014,305.497644,36308452.344243,118850.18774234147612608102470341800737422380907134,ee3be4636a1d30bc7f00137f35d49ac46ea4218d8e5fed112a497b26c099b5be
2025-08-15T08:00:00Z,BCH_USDT,OK,2025-08-15T07:30:00Z,2025-08-15T08:00:00Z,30,162,45.262,27038.23963,597.37173854447439353099730458221024258760107816712,1270572c13a0298c1fa3812dfbd704c8ba2974fc8de0538c67a78a54e0e86e79
2025-08-15T08:00:00Z,LTC_USDT,OK,2025-08-15T07:30:00Z,2025-08-15T08:00:00Z,30,256,322.33,39103.36352,121.31468842490615208016628920671361648000496385692,3825d66046e166e993cdbfef2637be99ba93cb8efd26f574f67c7b244fe8edf9
2025-08-15T08:00:00Z,DOGE_USDT,OK,2025-08-15T07:30:00Z,2025-08-15T08:00:00Z,30,3288,1833729.26,421844.0876091,0.23004709408906961543494157910748503844018936579547,3ff95b310a1eac558f5bc4df79b9c6fe7a914addade388e2dea7e202214abf19
2025-08-15T08:00:00Z,ETC_USDT,OK,2025-08-15T07:30:00Z,2025-08-15T08:00:00Z,30,137,1195.691,26832.100932,22.44066479717585898028838554442577555572468137671,72a8ced8dbfd925aa31944e0d703e81a88ee9c68b60d6c6c7ef5aa624cda18e4
2025-08-16T08:00:00Z,BSV_USDT,OK,2025-08-16T07:30:00Z,2025-08-16T08:00:00Z,30,27,43.005,1188.70196,27.641017556098128124636670154633182188117660737124,1e12c2eea18753d94b92fe3c11c6ee1f02062e9b2f26c19bf4ca98c90213f4a4
2025-08-16T08:00:00Z,BTC_USDT,OK,2025-08-16T07:30:00Z,2025-08-16T08:00:00Z,30,2681,26.370563,3101780.5190677,117622.840250612017650135114673130035183549171855,eb982bbb82f2544e2b792747a15d1b519c55f1a2a0b0f0bc3ff4b5ccd1251d0c
2025-08-16T08:00:00Z,BCH_USDT,OK,2025-08-16T07:30:00Z,2025-08-16T08:00:00Z,30,168,115.443,68587.62207,594.12543047218107637535407084015488162989527299187,5db9aa745e1bb75cfa4b827496dd453907ea7ebd148cf8a3186f2e0f7876879e
2025-08-16T08:00:00Z,LTC_USDT,OK,2025-08-16T07:30:00Z,2025-08-16T08:00:00Z,30,737,2649.198,314812.97098,118.83331143236556874948569340607987775923128433586,789fc1dec7b8183728c8ccfb2f3eaa27770470b31b8ba63d90f42153fba480f6
2025-08-16T08:00:00Z,DOGE_USDT,OK,2025-08-16T07:30:00Z,2025-08-16T08:00:00Z,30,2113,1612377.16,376115.1622186,0.23326748328449405720929462930372940782664026324957,45c3c50ba3939d3e4f04a7d45768f6fbd0d186fbfc1006c0ad20482a10064ee0
2025-08-16T08:00:00Z,ETC_USDT,OK,2025-08-16T07:30:00Z,2025-08-16T08:00:00Z,30,416,3345.771,74551.635906,22.28234864430351031197293538619349620760057995601,4ed83a18a1a1a39fdbd3a9c40f1ee829e3ca96616b1a32c8f99398cf2bdfae2d
2025-08-17T08:00:00Z,BSV_USDT,OK,2025-08-17T07:30:00Z,2025-08-17T08:00:00Z,30,2,0.462,12.89211,27.905,4d3cf4983b1cd572b784cc22ea7efba1f969491b6abdb03501a6cda93bcfa1d0
2025-08-17T08:00:00Z,BTC_USDT,OK,2025-08-17T07:30:00Z,2025-08-17T08:00:00Z,30,2081,28.981737,3418807.7079677,117964.20994254761196680516423152966987451442265175,72621d800bc9bbe44542de93f6fd6fac5f60b4b52142a6c93e5768acc218b626
2025-08-17T08:00:00Z,BCH_USDT,OK,2025-08-17T07:30:00Z,2025-08-17T08:00:00Z,30,207,164.518,96746.57308,588.06071724674503701722607860538056626022684447902,424f0d1ce450632c7c718aaddeadda50259821d3f4b2b1d683ae120119ee233b
2025-08-17T08:00:00Z,LTC_USDT,OK,2025-08-17T07:30:00Z,2025-08-17T08:00:00Z,30,526,1603.991,197084.16306,122.8711152743375742133216458197084646983680082993,0f7b4496936d74dc7f94761d8b8ea9090e5f54ba6ffb831388440845cc1905c2
2025-08-17T08:00:00Z,DOGE_USDT,OK,2025-08-17T07:30:00Z,2025-08-17T08:00:00Z,30,2205,4341045.59,1011334.0592146,0.23297015390584736982686238040637578284451972318494,56324d9ce66823d858b693185180a77daa518f9ddd75472daec57a426b64c16b
2025-08-17T08:00:00Z,ETC_USDT,OK,2025-08-17T07:30:00Z,2025-08-17T08:00:00Z,30,223,4995.575,112465.592418,22.513042526235718610970709077533617251267371623887,256ab275c275eb34247049a45104a3162076bef9e1dd246b359ff63411c89861
2025-08-18T08:00:00Z,BSV_USDT,OK,2025-08-18T07:30:00Z,2025-08-18T08:00:00Z,30,18,77.254,2051.44416,26.554536464131307116783596965852900820669479897481,5760c3f7018418d9781ff4373e125c806cba58550cdfca8aadf39071c147cb9c
2025-08-18T08:00:00Z,BTC_USDT,OK,2025-08-18T07:30:00Z,2025-08-18T08:00:00Z,30,3715,66.182264,7631684.5277242,115313.13778755287066033280457132744809092659628568,661159762f765826cdbf454416f193c19c03427c87e9fbe9e6d7f10195f9f194
2025-08-18T08:00:00Z,BCH_USDT,OK,2025-08-18T07:30:00Z,2025-08-18T08:00:00Z,30,356,437.015,247821.98014,567.07888777273091312655172019267073212589956866469,52904e7282be53893db5499cfe998e48ececaa3fbe4fe94a46a55cc8f37754be
2025-08-18T08:00:00Z,LTC_USDT,OK,2025-08-18T07:30:00Z,2025-08-18T08:00:00Z,30,183,216.31,25115.60908,116.1093295732975821737321436826776385742684110767,300df360ec35b9127a2c63dc9d95a1791bdeebdca903954fa65b7034b283fef2
2025-08-18T08:00:00Z,DOGE_USDT,OK,2025-08-18T07:30:00Z,2025-08-18T08:00:00Z,30,2038,2163302,480393.1326427,0.22206475685905157948358574068715324998543892623406,e1cada7e7c2aa4c3423c12651167eda377ae32e0e0fdb74e4acbc111bc35b427
2025-08-18T08:00:00Z,ETC_USDT,OK,2025-08-18T07:30:00Z,2025-08-18T08:00:00Z,30,169,2829.964,60251.141213,21.29042673793730238264515025632834905320350364881,7b4bbbf13b0c5f9773b7a8e4f51018fda2d30109c22447dd7c59ada67ab2ef30
2025-08-19T08:00:00Z,BSV_USDT,OK,2025-08-19T07:30:00Z,2025-08-19T08:00:00Z,30,17,58.654,1560.60791,26.607015889794387424557574930951000784260238005933,07ebe552b8ca3b02b44ed9f9d5a51ca59128e21ffa73f712262653107c53486b
2025-08-19T08:00:00Z,BTC_USDT,OK,2025-08-19T07:30:00Z,2025-08-19T08:00:00Z,30,3765,115.250576,13232754.9744732,114817.25674388993943075824627548933030929060172333,a84f467421610bd56281e95363f4f4a83a978fd5b42d0cc68f8d84d3b091acc4
2025-08-19T08:00:00Z,BCH_USDT,OK,2025-08-19T07:30:00Z,2025-08-19T08:00:00Z,30,350,155.424,87777.8124,564.76356547251389746757257566399011735639283508338,404689baa8631753350a2e39f4143cc18656382a008ce33d3432fbb4c6f518b4
2025-08-19T08:00:00Z,LTC_USDT,OK,2025-08-19T07:30:00Z,2025-08-19T08:00:00Z,30,1234,5838.197,667342.17084,114.30620974934555993913874437604623482215485363032,34275abf9d024bdde276ea735d50282901273ce888c0dab2ed84ebb23e949f42
2025-08-19T08:00:00Z,DOGE_USDT,OK,2025-08-19T07:30:00Z,2025-08-19T08:00:00Z,30,2012,1747677.71,379383.1847125,0.21707845934162540758158436431623311142418815881104,5f8cf4382ad30ea3d731c4e97d15c1401cd9a358826a4376124fad8ac49285dd
2025-08-19T08:00:00Z,ETC_USDT,OK,2025-08-19T07:30:00Z,2025-08-19T08:00:00Z,30,119,858.536,18183.120593,21.17921740381300259977449984624989517038307071573,d11d8572ec3893cdd82e4f2538070b32f92d4c4b784b4e2ab90bef09e9aa2894
2025-08-20T08:00:00Z,BSV_USDT,OK,2025-08-20T07:30:00Z,2025-08-20T08:00:00Z,30,17,83.341,2175.18492,26.099817856757178339592757466313099194874071585414,ba54356062eb49c9388552b4b07e79f9e0002d87d52daf44df19e3c5b37d8b49
2025-08-20T08:00:00Z,BTC_USDT,OK,2025-08-20T07:30:00Z,2025-08-20T08:00:00Z,30,2871,76.23892,8661290.3029882,113607.20092818995861956071780660061816195717358011,e8733694c007a27ae5af8a93fd5a1f0e7cc6817c40c5c2b4f03bf6a614b70e18
2025-08-20T08:00:00Z,BCH_USDT,OK,2025-08-20T07:30:00Z,2025-08-20T08:00:00Z,30,116,165.883,91323.46962,550.52940699167485516900465991090105676892749709132,0baf07a3dbfee623ef53b6689119afca35c865d49f54e615272df572d7c299af
2025-08-20T08:00:00Z,LTC_USDT,OK,2025-08-20T07:30:00Z,2025-08-20T08:00:00Z,30,184,354.7605,40553.035615,114.31102283089577334567969094642723753067210131906,a9dd85003ff7dbf0ebca47efcd726b55f9f19439b03f84dc8c15584da86c98ea
2025-08-20T08:00:00Z,DOGE_USDT,OK,2025-08-20T07:30:00Z,2025-08-20T08:00:00Z,30,2005,11639906.23,2477299.6088401,0.21282814138616132133566165334993424599091465361401,717d6317d21417a4ff09eb9885adef204df1d6e149f7f38df7b15779bfdc854c
2025-08-20T08:00:00Z,ETC_USDT,OK,2025-08-20T07:30:00Z,2025-08-20T08:00:00Z,30,97,1232.403,25599.046423,20.771652148688375474580960935667959263325389503271,f108d541e5ec9a8cbe3f6ac8b65e74232e3e4f42ccd8a017be99ffb47803a4ab
2025-08-21T08:00:00Z,BSV_USDT,OK,2025-08-21T07:30:00Z,2025-08-21T08:00:00Z,30,35,165.285,4360.82069,26.383644553347248691653810085609704449889584656805,4251c9bf102ab156cc147540b1e209766120daa1e340094b787521a5c1d76788
2025-08-21T08:00:00Z,BTC_USDT,OK,2025-08-21T07:30:00Z,2025-08-21T08:00:00Z,30,1681,21.417523,2438464.0252492,113853.69004852708690916311844278164192936783586038,3ff1d54795f20dfbfbaad9bcb08c797ee7d93bf47d41647f6019e2b3f839435d
2025-08-21T08:00:00Z,BCH_USDT,OK,2025-08-21T07:30:00Z,2025-08-21T08:00:00Z,30,59,9.92,5546.16802,559.08951814516129032258064516129032258064516129032,0f4ea2ade5ed49f1c109b2ee03fa8cfac034b5b08b3b26029ed78fdeb3c9e38f
2025-08-21T08:00:00Z,LTC_USDT,OK,2025-08-21T07:30:00Z,2025-08-21T08:00:00Z,30,330,661.462,76622.08703,115.83747370219302091427776652324698924503599602094,fb69c22357555ec0c7dbf0298b97d5754908b344fc39726b5a8d39e4b546bdb6
2025-08-21T08:00:00Z,DOGE_USDT,OK,2025-08-21T07:30:00Z,2025-08-21T08:00:00Z,30,559,1145098.22,253489.8362274,0.22136951381113840173465643846691159820334014666445,35818326e4df73f55ce29556b90506f9d7da01c9399876e6eab04c97f4707710
2025-08-21T08:00:00Z,ETC_USDT,OK,2025-08-21T07:30:00Z,2025-08-21T08:00:00Z,30,50,507.302,10862.15855,21.411621775589293951137586684065901573421748780805,e12476cd0bb922b45e6d7e0071101fa1f5fbc6ca507e17386dfe7ad7eeef9e2b
2025-08-22T08:00:00Z,BSV_USDT,OK,2025-08-22T07:30:00Z,2025-08-22T08:00:00Z,30,74,35.21,908.97675,25.815869071286566316387389946038057370065322351605,e62b6fa8b0aa843e14de98d4edd21191a9db57b19aed081d84ed88499c050621
2025-08-22T08:00:00Z,BTC_USDT,OK,2025-08-22T07:30:00Z,2025-08-22T08:00:00Z,30,2658,75.428465,8534591.4487383,113148.15234193483852548238917496199876266870868975,270e76ed59e2298ca5c7b30a5e9b6778488f5fccf574176d839d583e40fc768a
2025-08-22T08:00:00Z,BCH_USDT,OK,2025-08-22T07:30:00Z,2025-08-22T08:00:00Z,30,115,132.742,74633.34772,562.24365852556086242485422850341263503638637356677,cb815c169e668113f9f4a428b412a0a11a018d8c0ab4b0312de210434c975c73
2025-08-22T08:00:00Z,LTC_USDT,OK,2025-08-22T07:30:00Z,2025-08-22T08:00:00Z,30,746,5115.814,595720.45676,116.44685611322069176088106408872566516296331336518,a9d643c79e707dc83431d1d12ad43838c8c8cfe20945ce4cad072d4b7fcc8731
2025-08-22T08:00:00Z,DOGE_USDT,OK,2025-08-22T07:30:00Z,2025-08-22T08:00:00Z,30,1670,1766248.18,385130.3972655,0.21804998959177979167117952812271263033941243749788,5bcb474d41848d695bdc5c9c46ec78b41c25975c1dab3d39aab2b9a47d8bd647
2025-08-22T08:00:00Z,ETC_USDT,OK,2025-08-22T07:30:00Z,2025-08-22T08:00:00Z,30,198,1437.009,30525.986553,21.242724682308879067563251169616891752243722899439,f5699075ae1b96faa43035742e9fc36feab0580d27d281ee0cfa44c4aabf3618
2025-08-23T08:00:00Z,BSV_USDT,OK,2025-08-23T07:30:00Z,2025-08-23T08:00:00Z,30,28,134.854,3651.92769,27.080603393299420113604342474083082444717991309119,2658857901764d697f0754023e6cb92ec0fd3cc3dad7051898d33e3ab23fbcb7
2025-08-23T08:00:00Z,BTC_USDT,OK,2025-08-23T07:30:00Z,2025-08-23T08:00:00Z,30,2573,64.54003,7474154.9671579,115806.49973602274433402029717060869045149188805769,22a8d670e43df2bc4c587e21c32a9626511abb91dfb031a3db17fdbfbc71ca68
2025-08-23T08:00:00Z,BCH_USDT,OK,2025-08-23T07:30:00Z,2025-08-23T08:00:00Z,30,58,36.31,21439.09602,590.44604847149545579730101900302946846598733131369,859ab40ccc482c4dba67feae725865d98d5fd16624246be61b62ebece1cb7243
2025-08-23T08:00:00Z,LTC_USDT,OK,2025-08-23T07:30:00Z,2025-08-23T08:00:00Z,30,274,1049.885,128171.61547,122.0815760488053453473475666382508560461383865852,d77c6cb1a3a767c2886dbe4dc5cc6c97c4358cc737129a8171df6c53583bef00
2025-08-23T08:00:00Z,DOGE_USDT,OK,2025-08-23T07:30:00Z,2025-08-23T08:00:00Z,30,2599,5231479.41,1241076.5777182,0.2372324309154071582210432517022942846677475502097,ace981e1e4574510d261810244b55bf5f8fcdbb5b917297621f92398d1a4e5ad
2025-08-23T08:00:00Z,ETC_USDT,OK,2025-08-23T07:30:00Z,2025-08-23T08:00:00Z,30,459,19132.548,459601.482422,24.021969390694851516901982945502083674375206062465,698e9e34c2148660347d7ef18ba0f6d3272ab77564568df9eca0e147bffda685
2025-08-24T08:00:00Z,BSV_USDT,OK,2025-08-24T07:30:00Z,2025-08-24T08:00:00Z,30,863,2447.23,67970.62901,27.774516089619692468627795507573869231743644855612,bdc3fea5bfcc7789350651172da649ed70fed3071b9fb9a8884486ef219d92c2
2025-08-24T08:00:00Z,BTC_USDT,OK,2025-08-24T07:30:00Z,2025-08-24T08:00:00Z,30,4071,126.195539,14513139.429212,115005.17010519682474671311479560303633236987877995,ca891be6fb67bd31c778fd04921785fe9bacf366f8c8a106f1ddb60b05d3008a
2025-08-24T08:00:00Z,BCH_USDT,OK,2025-08-24T07:30:00Z,2025-08-24T08:00:00Z,30,120,64.906,38414.99012,591.85576248728931069546729115952300249591717252642,8f422b3f81c81068deaf05bc70d93ba8ad445eaeec9ba6c2bbd8d73e9fa6d448
2025-08-24T08:00:00Z,LTC_USDT,OK,2025-08-24T07:30:00Z,2025-08-24T08:00:00Z,30,327,1151.389,138211.21515,120.03867949928303987618433040440719860967926565218,1b4edee484fd7000966ee1de2c5dea31fa7227465f7473d87674cd4113506de6
2025-08-24T08:00:00Z,DOGE_USDT,OK,2025-08-24T07:30:00Z,2025-08-24T08:00:00Z,30,3395,4192974.56,977551.2702818,0.23314028174828706807131212358226184897243926993919,a3e2844bbd5c917ea4c7215621fbd2faaca88aa4113fd6b844c4d1dfe1a9ad63
2025-08-24T08:00:00Z,ETC_USDT,OK,2025-08-24T07:30:00Z,2025-08-24T08:00:00Z,30,334,9632.792,226439.002328,23.507099740968142984920675127211300731916561678068,1c430cdaa1864b115c2ce35a0f8e62123e530b881f6978b1541db696776e9593
2025-08-25T08:00:00Z,BSV_USDT,OK,2025-08-25T07:30:00Z,2025-08-25T08:00:00Z,30,274,1334.311,36153.04502,27.094916417536841111255172145024660667565507591558,13615179fa4397cf23d02148e60a149d550b10d6586e5d753012d89c502c3377
2025-08-25T08:00:00Z,BTC_USDT,OK,2025-08-25T07:30:00Z,2025-08-25T08:00:00Z,30,8121,131.201207,14642975.4692563,111607.0179846462845421841279249816657555597030445,2465e37fe0554709623057d8c497e6549a6ed91c247d660baf8cee705f717576
2025-08-25T08:00:00Z,BCH_USDT,OK,2025-08-25T07:30:00Z,2025-08-25T08:00:00Z,30,272,130.204,73960.2323,568.03348821848791127768732143405732542779023685908,4f04ba7f2bfb2b88894134ff67dbc697bf1ff19ff0d461cdc7b303d31478597a
2025-08-25T08:00:00Z,LTC_USDT,OK,2025-08-25T07:30:00Z,2025-08-25T08:00:00Z,30,1037,2744.513,309802.12135,112.88054432607898013235863703323686205895180675041,f4cdd4b04dfe9f5f24ce2f0912e10bfd8976ac629f7c4d3aada9e1d1b546624a
2025-08-25T08:00:00Z,DOGE_USDT,OK,2025-08-25T07:30:00Z,2025-08-25T08:00:00Z,30,4096,6165103.34,1363902.1534295,0.22122940658274513205483429901436169600362286871253,485be5b2923052f59ba97d44e429f5a993878c4d5ebaba5dadf437c81c753e44
2025-08-25T08:00:00Z,ETC_USDT,OK,2025-08-25T07:30:00Z,2025-08-25T08:00:00Z,30,859,16778.359,371288.602878,22.129017675566484183584342187457068954121198622583,7ed4310c0066580c77203c5b9c2d4be1c1c38f6874177ee95fa6f3d4ea701038
2025-08-26T08:00:00Z,BSV_USDT,OK,2025-08-26T07:30:00Z,2025-08-26T08:00:00Z,30,104,730.695,19008.32593,26.014035856273821498710132134474712431315391510822,84616edc5a1eefb9d6d4e2948fe3b0972373fa6a0c31adfe3f95f44d989a3873
2025-08-26T08:00:00Z,BTC_USDT,OK,2025-08-26T07:30:00Z,2025-08-26T08:00:00Z,30,6060,448.251651,49447132.8500425,110311.10033779329013558948386338458795771395831401,54c6aa06be73d7145d2f6d00be6be081487fcc963f53dbddb59bd9fd2d3c95ee
2025-08-26T08:00:00Z,BCH_USDT,OK,2025-08-26T07:30:00Z,2025-08-26T08:00:00Z,30,526,468.238,254081.17938,542.63254878929091615802220238425757841097903203072,3cbc34d0ebee51eb68c193f0b6bd94f7872f89f22f6b94f93e4b70bb0eb3da04
2025-08-26T08:00:00Z,LTC_USDT,OK,2025-08-26T07:30:00Z,2025-08-26T08:00:00Z,30,232,634.826,70344.01302,110.80833648905369345300917101694007491816655272468,2dad6bf47fd35d268c8b755ea29ef0c562b690160cf8c911092e1ef3d2e7e45c
2025-08-26T08:00:00Z,DOGE_USDT,OK,2025-08-26T07:30:00Z,2025-08-26T08:00:00Z,30,3410,7328952.63,1551048.3284191,0.21163301316345116014210068649331684928628062370216,fc0c390ba82409df3c7b7edcd7194114087e770b3c02f440d4d55d56094ff174
2025-08-26T08:00:00Z,ETC_USDT,OK,2025-08-26T07:30:00Z,2025-08-26T08:00:00Z,30,1640,13263.031,281629.814109,21.234197078254585999233508539639242342116217627781,0a3738e3ab8647a4e7abb64ecddb3f70f1beeed22529a7ee49ed599ee5b09def
2025-08-27T08:00:00Z,BSV_USDT,OK,2025-08-27T07:30:00Z,2025-08-27T08:00:00Z,30,76,99.154,2646.88409,26.694677874820985537648506363838070072816023559312,bfc24e879de49add08e0e373f3fab0c2514f6ca8d8cc050b5c5f4f141a2129ac
2025-08-27T08:00:00Z,BTC_USDT,OK,2025-08-27T07:30:00Z,2025-08-27T08:00:00Z,30,3402,139.924507,15500292.1642634,110776.10703508428298410942409109220588499196927669,a686567d20d8d03d5d2707af50f7551f22c3332e42181972771c1566fad1a343
2025-08-27T08:00:00Z,BCH_USDT,OK,2025-08-27T07:30:00Z,2025-08-27T08:00:00Z,30,163,96.54,53453.33718,553.69108328154133001864512119328775637041640770665,9e693d8b75599ab3d4e3f1adf2752d32565d22fb3e7413dcb3a2ea4c31db2312
2025-08-27T08:00:00Z,LTC_USDT,OK,2025-08-27T07:30:00Z,2025-08-27T08:00:00Z,30,145,370.502,41827.15511,112.89319655494437276991757129516169953198633205759,adfe90c237c48ebab3ae3c954aab9edfbc2ca3a9672663decd3888334105549e
2025-08-27T08:00:00Z,DOGE_USDT,OK,2025-08-27T07:30:00Z,2025-08-27T08:00:00Z,30,1291,2827852.07,618626.8162857,0.21876208548833319983389371566384658869372894742687,7066e8662fb8e23d555765ac2126d3cdaaf6d68763aa3a6afb87be0a7f7776f0
2025-08-27T08:00:00Z,ETC_USDT,OK,2025-08-27T07:30:00Z,2025-08-27T08:00:00Z,30,187,472.408,10185.397786,21.560595472557619684679344972989449797632554910162,8c46f8c251a14537dd4c03a11eb68d7813dc549344be34fa2868029021d3d791
2025-08-28T08:00:00Z,BSV_USDT,OK,2025-08-28T07:30:00Z,2025-08-28T08:00:00Z,30,64,321.727,8644.63075,26.869459976936968299210199952133330432323056504428,3dbe22b65282994b7a6f7e0a9af60c53601f4110c2ec37f3caebbf776afd5d10
2025-08-28T08:00:00Z,BTC_USDT,OK,2025-08-28T07:30:00Z,2025-08-28T08:00:00Z,30,2092,103.739712,11734133.2507472,113111.29580490063438772608121372073984550872861494,571dbc87ce9ba2c50d67c380b148c478a73f9cf3ba7af4f513ccec61c605327e
2025-08-28T08:00:00Z,BCH_USDT,OK,2025-08-28T07:30:00Z,2025-08-28T08:00:00Z,30,101,38.579,21687.97853,562.17057285051452862956530755074003991809015267373,cdece5089d77ea15714cc8bfbd4a38ad19f5a2107f2f7e1ef376c60699724f13
2025-08-28T08:00:00Z,LTC_USDT,OK,2025-08-28T07:30:00Z,2025-08-28T08:00:00Z,30,1511,6433.244,728922.33345,113.30556301766262868313404559192842677815422514675,9063e64293d16f23b3ef39c31f634c2682b538937b67b54d075cc337313dd8a1
2025-08-28T08:00:00Z,DOGE_USDT,OK,2025-08-28T07:30:00Z,2025-08-28T08:00:00Z,30,881,2235757.98,498966.7860659,0.22317567041218835323132783808737652364322546217637,986af488239c7c973bb03187b6b49e14105f8daa11c2b96a58f552cd631975fd
2025-08-28T08:00:00Z,ETC_USDT,OK,2025-08-28T07:30:00Z,2025-08-28T08:00:00Z,30,120,1452.896,31596.583513,21.747312617695967226835231152126511464000176199811,c1f6bdc5fcf0c08e2e62291613a476360c397f4d73c7404ab317c9f412160d79
2025-08-29T08:00:00Z,BSV_USDT,OK,2025-08-29T07:30:00Z,2025-08-29T08:00:00Z,30,44,107.579,2810.98492,26.129494789875347419105959341507171473986558714991,75547f49b474df7d72806d359c09d8ab4566801c547008978e0115eb568cd3e3
2025-08-29T08:00:00Z,BTC_USDT,OK,2025-08-29T07:30:00Z,2025-08-29T08:00:00Z,30,7273,438.404228,48276249.2697659,110118.11973165071756561617831842625386359184473923,3d74ed9e3d7277daca1faff324f71424b418a120d807e76c7507b46ea4a950f4
2025-08-29T08:00:00Z,BCH_USDT,OK,2025-08-29T07:30:00Z,2025-08-29T08:00:00Z,30,93,29.832,16096.84986,539.58332864038616251005631536604987932421560740145,a589b7eb75612c3c805150c2ac90a573322914cefe5e08753b115e157763962f
2025-08-29T08:00:00Z,LTC_USDT,OK,2025-08-29T07:30:00Z,2025-08-29T08:00:00Z,30,143,349.125,38601.74482,110.5671172789115646258503401360544217687074829932,97a3454f0946612bdef1af2fef27a462e7dd6a55c0de1c50a291153a0a253c0f
2025-08-29T08:00:00Z,DOGE_USDT,OK,2025-08-29T07:30:00Z,2025-08-29T08:00:00Z,30,1588,3354816.41,721761.7076453,0.21514193906226302261350867781167196567993418155481,49170cae571074938c8ba1f1bda0911559c6f8b5f15c59edfee0280c423a7e28
2025-08-29T08:00:00Z,ETC_USDT,OK,2025-08-29T07:30:00Z,2025-08-29T08:00:00Z,30,174,1046.818,21962.319125,20.980074019552586982646458123570668444753529266788,64c32468b1b50bf9f5305b4cfd1858d87a01797ba0d8e8cdbe1df9016588381e
2025-08-30T08:00:00Z,BSV_USDT,OK,2025-08-30T07:30:00Z,2025-08-30T08:00:00Z,30,60,210.014,5465.22322,26.023137600350452826954393516622701343719942480025,83948cc6c093af65c66728389b5ece8f3b74f6bc906a453eb6bb72a98cd58277
2025-08-30T08:00:00Z,BTC_USDT,OK,2025-08-30T07:30:00Z,2025-08-30T08:00:00Z,30,2676,198.068317,21479803.7219673,108446.43932612049205224478178405484204725180756698,2512db1893688dc19396204737662de19a42b9150327e0bb59dd89213ab4685d
2025-08-30T08:00:00Z,BCH_USDT,OK,2025-08-30T07:30:00Z,2025-08-30T08:00:00Z,30,75,5.72,3046.76405,532.65105769230769230769230769230769230769230769231,f810bd12e69ae369001c26a87fb5658745bab6fbf67d73d07052953f99c8bc3d
2025-08-30T08:00:00Z,LTC_USDT,OK,2025-08-30T07:30:00Z,2025-08-30T08:00:00Z,30,66,113.555,12553.14263,110.54680665756681784157456739025142001673198009775,fe9952e1666ba908e170cf2e610a02751df758c0f2ad09d48e7150841f381005
2025-08-30T08:00:00Z,DOGE_USDT,OK,2025-08-30T07:30:00Z,2025-08-30T08:00:00Z,30,672,1846197.34,400311.176281,0.21683011214879120126995741419495274540911211582614,ae242f40846a2afc9701e1564b8208770ce379084ae0a1e8eb595acce7065e03
2025-08-30T08:00:00Z,ETC_USDT,OK,2025-08-30T07:30:00Z,2025-08-30T08:00:00Z,30,146,664.968,14005.519122,21.061944517630923593315768578337604215541198974988,1e02b1e1a160ba23cb200594e78aa24badb353b345955ad0708195e987164738
2025-08-31T08:00:00Z,BSV_USDT,OK,2025-08-31T07:30:00Z,2025-08-31T08:00:00Z,30,36,136.481,3563.13222,26.107166711850001099054080787801965108696448589914,5a921762c0d4e1eaf7287f15e538ffd2d29bfabc304f3ee19ae9d1dd0464c01f
2025-08-31T08:00:00Z,BTC_USDT,OK,2025-08-31T07:30:00Z,2025-08-31T08:00:00Z,30,1524,59.657279,6486608.8658179,108731.22231769739280264525641539903286571283279615,53ea652636629927bec291eba0df8d2eb5b4608c3c9b30f4d2a657ce8d7fc07e
2025-08-31T08:00:00Z,BCH_USDT,OK,2025-08-31T07:30:00Z,2025-08-31T08:00:00Z,30,132,45.362,25026.94546,551.71609408756227679555575151007451170583307614303,8219c8ee404e52df7eb09010008c4933fa6439d3f994f46db3111c0b5021cb3f
2025-08-31T08:00:00Z,LTC_USDT,OK,2025-08-31T07:30:00Z,2025-08-31T08:00:00Z,30,48,103.701,11521.00481,111.09830001639328453920405782007888062795922893704,d6900b60fcf86c5b62648ab05039a51b51583aa71f02967b495bc6ea9f9de15a
2025-08-31T08:00:00Z,DOGE_USDT,OK,2025-08-31T07:30:00Z,2025-08-31T08:00:00Z,30,585,2050806.26,447039.6094707,0.21798237024627572572359906878770693824583898042129,ac91caac5e64d4a61c409854ae29dae2f8bac2cbe26997544a014ea43dac9b57
2025-08-31T08:00:00Z,ETC_USDT,OK,2025-08-31T07:30:00Z,2025-08-31T08:00:00Z,30,44,187.904,3957.577536,21.061699250681198910081743869209809264305177111717,85b3e31fe50d83c16a2314d8885cd2cc1f2c52378e7f6b41462b69cc39eec1f9
2025-09-01T08:00:00Z,BSV_USDT,OK,2025-09-01T07:30:00Z,2025-09-01T08:00:00Z,30,45,629.826,16326.28817,25.921902509582011539695090390044234439353091171212,6e58d9be9a1f98a7d04abb63fe3f80bc9571b36fc3f9430622ffb63217b0488b
2025-09-01T08:00:00Z,BTC_USDT,OK,2025-09-01T07:30:00Z,2025-09-01T08:00:00Z,30,11882,609.719792,66443986.3782231,108974.62613157733938215343352344383139197816953923,3aaa31417374cd480a1b944655d87d11267dd4c6e9162d17149d9bcad309b289
2025-09-01T08:00:00Z,BCH_USDT,OK,2025-09-01T07:30:00Z,2025-09-01T08:00:00Z,30,499,994.269,541920.86281,545.04451291350731039587878129560511290204160041196,df9b7394e11e0816468e91ca38bc6201f85ab0ffbfb5deb5cab9842ac8343fe9
2025-09-01T08:00:00Z,LTC_USDT,OK,2025-09-01T07:30:00Z,2025-09-01T08:00:00Z,30,742,3219.533,353574.3351,109.82162167618719857817888495008437559111833921255,57896e6b9c16ea6353ad5655f692e3dfdfc3c55c2efd31d2e1f1214ada0a9159
2025-09-01T08:00:00Z,DOGE_USDT,OK,2025-09-01T07:30:00Z,2025-09-01T08:00:00Z,30,4377,13137406.99,2834197.0031218,0.2157348862891397718660461473607738173604378834883,b5b816df92f7dc17c83b38d47718c28734821dd4441d2eeb3319cd07e074da6c
2025-09-01T08:00:00Z,ETC_USDT,OK,2025-09-01T07:30:00Z,2025-09-01T08:00:00Z,30,416,4705.007,98008.479098,20.83067657455132372810497412649970552647424329018,b80c17875a19b14a77c7c0682906b4928b958a5229f6e1ffe1d700a722145223
2025-09-02T08:00:00Z,BSV_USDT,OK,2025-09-02T07:30:00Z,2025-09-02T08:00:00Z,30,15,52.863,1353.90953,25.611666572082553014395702097875640807369994135785,091f50f9e4e107840468833b226d3476d5756fdd1b7a8010139a78f2bbea8176
2025-09-02T08:00:00Z,BTC_USDT,OK,2025-09-02T07:30:00Z,2025-09-02T08:00:00Z,30,4241,214.108863,23593349.0130302,110193.23853506335232839006762648587788726896373272,2075b5b5ab2d43e7807692e1449e208cdb3cfc013fc12859252c3b14c19499da
2025-09-02T08:00:00Z,BCH_USDT,OK,2025-09-02T07:30:00Z,2025-09-02T08:00:00Z,30,329,455.046,258557.40999,568.20059947785498608931844253108476945187959019528,0b3cd09a3e8b035ff753e98b78586f7b2832ab93a9e715da54db7b7a0025730e
2025-09-02T08:00:00Z,LTC_USDT,OK,2025-09-02T07:30:00Z,2025-09-02T08:00:00Z,30,94,190.018,21033.85689,110.69402314517572019492890147249207969771284825648,c10137b716bf109c23ab89c70e4ca1dff7cd380beaae5552952c43ddb5faf12f
2025-09-02T08:00:00Z,DOGE_USDT,OK,2025-09-02T07:30:00Z,2025-09-02T08:00:00Z,30,1630,2385040.43,507428.2503395,0.2127545696738985678326635326680814379318509078691,29938b1b5d6b52e7103cfc6f82f75186da133aaa4ea606cf7529af6f5c0a89fd
2025-09-02T08:00:00Z,ETC_USDT,OK,2025-09-02T07:30:00Z,2025-09-02T08:00:00Z,30,328,2981.095,61823.180033,20.738413245133080294321381908325632024474228429486,9ef99c041db7f89db73ab144846ee74592b727c3aa073b666b0c3c4f894a769b
2025-09-03T08:00:00Z,BSV_USDT,OK,2025-09-03T07:30:00Z,2025-09-03T08:00:00Z,30,93,734.874,19339.14403,26.316271945939031725166491126369962741912218965428,dcf300e0be9ad6f7c7652593ab6f154dd3a3ce3c315691bba87358401827fc6e
2025-09-03T08:00:00Z,BTC_USDT,OK,2025-09-03T07:30:00Z,2025-09-03T08:00:00Z,30,2895,139.273007,15448735.402188,110924.11756563854473250512929616002331306022566167,51cc2a42f342ad34c27ec06bbd7c665f6bff355ddbf0a416c4155952cf2898c3
2025-09-03T08:00:00Z,BCH_USDT,OK,2025-09-03T07:30:00Z,2025-09-03T08:00:00Z,30,340,155.554,92802.30927,596.59223980096943826581122954086683723980096943827,6af26ad192ae4f7c8311ed63f69234148edffc7e7dad86502475cd222c23283d
2025-09-03T08:00:00Z,LTC_USDT,OK,2025-09-03T07:30:00Z,2025-09-03T08:00:00Z,30,164,712.386,79418.91284,111.48297810456690614357946394230094358957082255968,f633766038b123d47f13d0ae97e6ceed978fddcdf2d92dc020213ace017f6fda
2025-09-03T08:00:00Z,DOGE_USDT,OK,2025-09-03T07:30:00Z,2025-09-03T08:00:00Z,30,838,1955414.06,422158.3776544,0.21589206413622698406904162282642071214318669673471,d33d095d3069e31f1ae51261b6a709a5d9c15bf7dcf859430e5ccf40f0dd13c2
2025-09-03T08:00:00Z,ETC_USDT,OK,2025-09-03T07:30:00Z,2025-09-03T08:00:00Z,30,355,3056.862,63148.151184,20.657835121114397705882699317142873966832653878389,13b96682080a82f82cc1484c4a7a16c8ca431b81cdccab3d619d17c6767acd92
2025-09-04T08:00:00Z,BSV_USDT,OK,2025-09-04T07:30:00Z,2025-09-04T08:00:00Z,30,11,43.207,1106.9314,25.619260767931122271854097715647927419168190339528,e87969b9e9014a69590ef058db5b83776449c38c6a64a87855010abe75ab9476
2025-09-04T08:00:00Z,BTC_USDT,OK,2025-09-04T07:30:00Z,2025-09-04T08:00:00Z,30,2490,113.505637,12533409.0884981,110421.02771070391860802472744151023970730193778834,ce74e49ad6af7d52593595c910b529c492e8d83c95b2251811ad81ea8b5563d9
2025-09-04T08:00:00Z,BCH_USDT,OK,2025-09-04T07:30:00Z,2025-09-04T08:00:00Z,30,244,108.851,63913.62428,587.16616549227843565975507804246171371875315798661,6689559e4cd93a87c5e2074f8fd231ddbfadabc1c1da3cb88dd34825155f2f69
2025-09-04T08:00:00Z,LTC_USDT,OK,2025-09-04T07:30:00Z,2025-09-04T08:00:00Z,30,72,781.848,87039.00061,111.32470839600536165597405122223245439011163295167,941942c7801ef0f743f0ba5e51b9dff58f25ca2f1384fa3c42f2869073e20619
2025-09-04T08:00:00Z,DOGE_USDT,OK,2025-09-04T07:30:00Z,2025-09-04T08:00:00Z,30,672,2475432.82,532439.374133,0.21508940571168479538863025981856376938558970871203,f01820843a6aa25a56b11dfa58495da01442ab5cc6db95ad4f9ae166f52b750a
2025-09-04T08:00:00Z,ETC_USDT,OK,2025-09-04T07:30:00Z,2025-09-04T08:00:00Z,30,270,4921.053,100160.325439,20.353433592160051923846380032891334435942876453474,8b3687c212a5ba199ad66e57370edd7b0eea81cbcf567f6429e253effe94d383
2025-09-05T08:00:00Z,BSV_USDT,OK,2025-09-05T07:30:00Z,2025-09-05T08:00:00Z,30,17,72.294,1865.19914,25.800192823747475585802417904667053974050405289512,3b1f3843ef2b7dd5db31b027c6104f7064e14ac1c8ce5b6a22b31e0a9d644bdd
2025-09-05T08:00:00Z,BTC_USDT,OK,2025-09-05T07:30:00Z,2025-09-05T08:00:00Z,30,9295,541.564388,61109507.4735383,112838.85873518385776872758479828256358688045787826,c039d02b9b5b4f338f7c90d14e273e2910ed736ffd6dd9dcc194de7bd53197e3
2025-09-05T08:00:00Z,BCH_USDT,OK,2025-09-05T07:30:00Z,2025-09-05T08:00:00Z,30,434,389.507,233909.95584,600.52824683510180818316487251833728277027113761755,afa5320d4550632eec602b185c8bab7919b310fa1914ad8fb4b570b2315757b9
2025-09-05T08:00:00Z,LTC_USDT,OK,2025-09-05T07:30:00Z,2025-09-05T08:00:00Z,30,340,1252.493,141355.15865,112.85904084893089222853940101860848723306238038855,dcff5aab5022f8cd408f9c00fd704faef224ef5bedc28729d0807ff73e736991
2025-09-05T08:00:00Z,DOGE_USDT,OK,2025-09-05T07:30:00Z,2025-09-05T08:00:00Z,30,2126,6389693,1390800.749975,0.21766315689580078416912987838382845623412580228815,e44074c5ee37955395cce79dd8b553d79dfa7ebad621759be06dfe49d76489fd
2025-09-05T08:00:00Z,ETC_USDT,OK,2025-09-05T07:30:00Z,2025-09-05T08:00:00Z,30,873,5004.419,103778.257914,20.737323935905446766148078328373383603571163805429,0db3e4af90c12592e7e78715f50a7f6db8a4d6c6e62a19fb15a05919ea59aa45
2025-09-06T08:00:00Z,BSV_USDT,OK,2025-09-06T07:30:00Z,2025-09-06T08:00:00Z,30,125,347.853,8841.0781,25.416132964211894104693649328883177664128238077579,dc89b51ffaf53c70a52362cc4e89ac8712ea36ed08bc0060557252cd0c7b5472
2025-09-06T08:00:00Z,BTC_USDT,OK,2025-09-06T07:30:00Z,2025-09-06T08:00:00Z,30,1015,49.481698,5483375.0327938,110816.22608815485677148751039222623281844531689272,982843e5b0ac29e7d6ff900d82482f7464f448b4c6ae1640a36fe607b8624ae2
2025-09-06T08:00:00Z,BCH_USDT,OK,2025-09-06T07:30:00Z,2025-09-06T08:00:00Z,30,172,118.849,72670.84702,611.45526693535494619222711171318227330478169778458,de6b30dd3e1fcd3b765a824623583a1f4a35f845e09185a95f13206f3c91e3b2
2025-09-06T08:00:00Z,LTC_USDT,OK,2025-09-06T07:30:00Z,2025-09-06T08:00:00Z,30,32,114.191,12750.14844,111.65633403683302536977520119799283656330183639691,50974680439aca3c736affe1f15c3c2e97cccebc654ff75c2e21783fc412ae93
2025-09-06T08:00:00Z,DOGE_USDT,OK,2025-09-06T07:30:00Z,2025-09-06T08:00:00Z,30,748,1623861.21,350579.5988516,0.21589258779794364322551925481365491820572522943633,7d8d7b6abc54a937a2c9ba4ae8c18d4daedc04e83c3abbfdc61e3b74cc39e9d2
2025-09-06T08:00:00Z,ETC_USDT,OK,2025-09-06T07:30:00Z,2025-09-06T08:00:00Z,30,168,540.482,11030.422031,20.408490996924966973923275890778971362598569425069,ca0545ede30ad59ddb0b6bcfcbb3832d27d03aedf2c3cfc64ff7937c28c34391
2025-09-07T08:00:00Z,BSV_USDT,OK,2025-09-07T07:30:00Z,2025-09-07T08:00:00Z,30,5,9.014,229.87143,25.501600843132904370978477923230530286221433325937,2ce60510707f630287c2c225f5e3ea76f883c9e76da0077ea235fe6f9f36f2bd
2025-09-07T08:00:00Z,BTC_USDT,OK,2025-09-07T07:30:00Z,2025-09-07T08:00:00Z,30,5333,422.850622,46833415.7505272,110756.40737860189312905870574786573212135419301807,c0ad9d2a5b421703577de16de3c362d39a183e99416611abb55626f5ddbd2646
2025-09-07T08:00:00Z,BCH_USDT,OK,2025-09-07T07:30:00Z,2025-09-07T08:00:00Z,30,141,35.887,21579.40293,601.31532114693342993284476272745005155070081087859,921d0e328748835cb6f383f6be6b1d34bf25a2f539c7484639bc088d26926872
2025-09-07T08:00:00Z,LTC_USDT,OK,2025-09-07T07:30:00Z,2025-09-07T08:00:00Z,30,178,691.517,78759.01862,113.8931054767995580730480957084207618901632208608,a8970688d479ff9b021a944c9a19d7817a89419e385414c9eb337f8f9ef53833
2025-09-07T08:00:00Z,DOGE_USDT,OK,2025-09-07T07:30:00Z,2025-09-07T08:00:00Z,30,876,3902046.22,848205.8938124,0.21737464037840125840436610717542961344009912829787,dfda47b8a9dd3d424792e4c7980e198be26a7cd5fd149a9c2962e7557a79133f
2025-09-07T08:00:00Z,ETC_USDT,OK,2025-09-07T07:30:00Z,2025-09-07T08:00:00Z,30,214,1203.286,24555.5166,20.407049196949021263440279368329723773068081902391,0764619cfd369bc042d61206f01f09cfb0ef3a7457cf300369a3b31249f6befb
2025-09-08T08:00:00Z,BSV_USDT,OK,2025-09-08T07:30:00Z,2025-09-08T08:00:00Z,30,43,167.916,4280.55232,25.492224207341766121155816003239715095643059625051,bc23ea3d219f95ff9caf56d9c1b730d70353647a682460c3f48f8db2af9ae449
2025-09-08T08:00:00Z,BTC_USDT,OK,2025-09-08T07:30:00Z,2025-09-08T08:00:00Z,30,23582,995.247557,110823779.0251246,111352.97770454572439608610865447218575789983074533,7a36d0c53efd631d2cae67faa6fe9b13c448b241cca7c6dd78b6d85e5e2d8639
2025-09-08T08:00:00Z,BCH_USDT,OK,2025-09-08T07:30:00Z,2025-09-08T08:00:00Z,30,762,697.635,412891.43591,591.84449735176704150451167157611071692217276942814,2319c81847efd52b717a9941386b32ea87901dc9250dee8c42c26b630e118c60
2025-09-08T08:00:00Z,LTC_USDT,OK,2025-09-08T07:30:00Z,2025-09-08T08:00:00Z,30,554,4003.873,452290.07643,112.96314254473106414713953214799770122578813064251,8d66fe3e80917167f7f3f9fe27bf1aad1bdc85ca3819f68d42d661ec32c304d6
2025-09-08T08:00:00Z,DOGE_USDT,OK,2025-09-08T07:30:00Z,2025-09-08T08:00:00Z,30,1319,3021616.26,702019.2151377,0.23233235286392720166259629540119035499233115723305,4ca209b84f0a575b4aba4df68d13afb9d91410a9e20adcaa52c98f2ca408f70e
2025-09-08T08:00:00Z,ETC_USDT,OK,2025-09-08T07:30:00Z,2025-09-08T08:00:00Z,30,242,2398.424,49317.793861,20.562583538607018608886502136402904574003595694506,82eb7ddaf9e8df940368bf00091e70277738af9ba410fba8c44a1e819260cf9d
2025-09-09T08:00:00Z,BSV_USDT,OK,2025-09-09T07:30:00Z,2025-09-09T08:00:00Z,30,8,165.333,4283.47383,25.908160076935638983143111175627370216472210629457,64b48f444d030c5621818a68052f6300efcfc2d9539b994a039adf43f75e0d51
2025-09-09T08:00:00Z,BTC_USDT,OK,2025-09-09T07:30:00Z,2025-09-09T08:00:00Z,30,6782,381.134117,43074377.1399945,113016.32474952248895629566533924329844236956619656,24a497499f5bfdd37ff67b759ffeebfa5b90c605bbd91c8df2640e6395839c08
2025-09-09T08:00:00Z,BCH_USDT,OK,2025-09-09T07:30:00Z,2025-09-09T08:00:00Z,30,563,272.645,159544.92717,585.17459395917768526838929743806048157860954721341,23ceb8c3245161c17f88d230d080ec3abdd0d8e0e0d164fb1b302af004b88c69
2025-09-09T08:00:00Z,LTC_USDT,OK,2025-09-09T07:30:00Z,2025-09-09T08:00:00Z,30,264,1137.207,129605.2085,113.96800098838645910551025450951321966889053619965,4a38d900dc6a65b35a02a8171fb5a4b763f7a5bf73905d8fc4d12dfd99de36d1
2025-09-09T08:00:00Z,DOGE_USDT,OK,2025-09-09T07:30:00Z,2025-09-09T08:00:00Z,30,2545,5614070.77,1348715.4950764,0.24023842062760459287904559136863178516718270724614,7fa51338ff2bcc877de2455d4abe1a250c157cef3edf86045a0469f88104a50a
2025-09-09T08:00:00Z,ETC_USDT,OK,2025-09-09T07:30:00Z,2025-09-09T08:00:00Z,30,389,8178.296,171257.702716,20.940511656217872280484834493640239971749616301489,601a34cce82b36afebd827aeff26c770c174b715d8bd7d0bcb78456b238440af
2025-09-10T08:00:00Z,BSV_USDT,OK,2025-09-10T07:30:00Z,2025-09-10T08:00:00Z,30,66,372.968,9589.13482,25.710341959631925527122970335256644001630166663092,dea9ea531a76a4b46878123ccbcbcc2b6808c6f2aaf93eb2f82a7a691ef1a142
2025-09-10T08:00:00Z,BTC_USDT,OK,2025-09-10T07:30:00Z,2025-09-10T08:00:00Z,30,7333,396.043647,44481346.273063,112314.25275977978255512832402535673044137986134644,b453dad4911514a56c868ee6edd58ca558b27148699718483353ce581bab7053
2025-09-10T08:00:00Z,BCH_USDT,OK,2025-09-10T07:30:00Z,2025-09-10T08:00:00Z,30,264,102.213,59424.29723,581.37709714028548227720544353457975012963126021152,bc8e8708ecd7cab53ca12062fc6b79d46bdd9c4d85708c04001d484dc7f913c6
2025-09-10T08:00:00Z,LTC_USDT,OK,2025-09-10T07:30:00Z,2025-09-10T08:00:00Z,30,119,525.021,59378.55253,113.09748091981082661455446544043000184754514581322,d61b8c347f617d3616ed8b8a0ed3f81f117121e45b93365cbe328dbef237b620
2025-09-10T08:00:00Z,DOGE_USDT,OK,2025-09-10T07:30:00Z,2025-09-10T08:00:00Z,30,1426,3744724.33,904347.2999048,0.2414990317604500409246413073081937649599964011236,7a17a10b5ef20db0507dbc60bc9db87f1f9c3bb92c2f8a8c6ff25223ed6733ee
2025-09-10T08:00:00Z,ETC_USDT,OK,2025-09-10T07:30:00Z,2025-09-10T08:00:00Z,30,138,1209.672,25058.268798,20.714928342558974664206495645100490050195424875503,a84fec21258850cd215ef48051d3eb80135d07d58d696403b74948e8cf0d9c4f
2025-09-11T08:00:00Z,BSV_USDT,OK,2025-09-11T07:30:00Z,2025-09-11T08:00:00Z,30,33,112.638,2960.79131,26.285900939292245956071663204247234503453541433619,0b5ef3cdb4eec634e838b3bdba1e78b2e82a1d08e2afd96ae0da0e718f0104b0
2025-09-11T08:00:00Z,BTC_USDT,OK,2025-09-11T07:30:00Z,2025-09-11T08:00:00Z,30,3414,154.49861,17629131.5315203,114105.43778691795350132923525978647963240575433009,ab1cd0a920ce651affec96feb857e6d8d351b7e0075697f18f60f4f02bed8a5c
2025-09-11T08:00:00Z,BCH_USDT,OK,2025-09-11T07:30:00Z,2025-09-11T08:00:00Z,30,361,243.98,146074.24926,598.71403090417247315353717517829330272973194524141,55affaa6cc0bc4f4aeb558f723409e485828684be2ad2b7d506ec1bf54286b93
2025-09-11T08:00:00Z,LTC_USDT,OK,2025-09-11T07:30:00Z,2025-09-11T08:00:00Z,30,462,1369.196,160408.77512,117.15545116988363974186310798453983213506320497577,60f3952e48ebf000e174d120a7900a94b4e5614262d0c8914fe2dca840ab13fd
2025-09-11T08:00:00Z,DOGE_USDT,OK,2025-09-11T07:30:00Z,2025-09-11T08:00:00Z,30,1466,3178855.91,793574.324254,0.24964148949236267837003030439338157985273387242016,baedd0cf8e71e31034eae3cb18fda118d3045ec3af889114b6afc3ab6763a983
2025-09-11T08:00:00Z,ETC_USDT,OK,2025-09-11T07:30:00Z,2025-09-11T08:00:00Z,30,416,6776.838,145340.352212,21.44663222169395225324849140557882599525029224544,27c466ee76d92295dabad22ea5ef4c19a4659c425b6b6b106fbc159747bb58b2
2025-09-12T08:00:00Z,BSV_USDT,OK,2025-09-12T07:30:00Z,2025-09-12T08:00:00Z,30,63,250.628,6583.04025,26.266180354948369695325342739039532693872991046491,2300c09ab77b2e79a82243b96661d3bb22f99e1ace52c64a78b67b04afa6690f
2025-09-12T08:00:00Z,BTC_USDT,OK,2025-09-12T07:30:00Z,2025-09-12T08:00:00Z,30,2837,172.262185,19841942.1477219,115184.54934100539825383034587654858784009967132369,3a28cbfc2b8c48626979258780bf9af72a42c8254f9afc8dca29c25c42936cdc
2025-09-12T08:00:00Z,BCH_USDT,OK,2025-09-12T07:30:00Z,2025-09-12T08:00:00Z,30,118,37.734,22447.24089,594.88103275560502464620766417554460168548258864684,ce269af1a1b67b5c9a697e3fe67270cafedf10f238eb6fb96e2644dc07ceae31
2025-09-12T08:00:00Z,LTC_USDT,OK,2025-09-12T07:30:00Z,2025-09-12T08:00:00Z,30,158,405.416,46938.49613,115.77859810663614657536949701047812617163604791128,bd2ca0b24fdc6ad424a3f6b6b17ce1d3939ad0f9a16075e215029b21a2c0900a
2025-09-12T08:00:00Z,DOGE_USDT,OK,2025-09-12T07:30:00Z,2025-09-12T08:00:00Z,30,1579,3753442.12,974781.1193437,0.25970325055757087310567080224484719108976162925352,0aa7a3cc27a0ea555a2498b063e765d178924369831558f0e310b3c7dc0f1977
2025-09-12T08:00:00Z,ETC_USDT,OK,2025-09-12T07:30:00Z,2025-09-12T08:00:00Z,30,92,455.116,9781.510039,21.492344894488438112481213580713488429323513126324,fb0c16998729e81a9e647966d93c07dc06f29524a5b4ecccae5c69ab07a1faa4
2025-09-13T08:00:00Z,BSV_USDT,OK,2025-09-13T07:30:00Z,2025-09-13T08:00:00Z,30,28,116.636,3108.16567,26.648424757364793031311087485853424328680681779211,3798dd7b5d9aa8cfdfd339be4d5a7c30a4ae0f30af58e20fb4702d05dc40e258
2025-09-13T08:00:00Z,BTC_USDT,OK,2025-09-13T07:30:00Z,2025-09-13T08:00:00Z,30,1091,69.959946,8102691.9592603,115819.01391490925393224288652252533185202858790085,1130f09c49a5a1bc668228439537c890c823a65734ef6a1b9c43278341ed1273
2025-09-13T08:00:00Z,BCH_USDT,OK,2025-09-13T07:30:00Z,2025-09-13T08:00:00Z,30,143,72.961,43746.21519,599.58354723756527459875824070393772015186195364647,a66786fbbb73f18800a4d20bb1e04cd92b27a43b2fc58bbfb03f284f665e2e4c
2025-09-13T08:00:00Z,LTC_USDT,OK,2025-09-13T07:30:00Z,2025-09-13T08:00:00Z,30,243,743.388,88318.94417,118.80598579745704800185098494998574095896086565831,f8abcafdcd6ce484f9f0f936dc6ec12beb8ee83f03754017e4f5cdc5d38a53e2
2025-09-13T08:00:00Z,DOGE_USDT,OK,2025-09-13T07:30:00Z,2025-09-13T08:00:00Z,30,2001,4079046.78,1157137.6824874,0.28367845354482548984152616165877852472189593275515,a940b095a255dbe8269f76cc8cecff295feda66f5f28909054e0692efb1375d6
2025-09-13T08:00:00Z,ETC_USDT,OK,2025-09-13T07:30:00Z,2025-09-13T08:00:00Z,30,83,372.944,8232.813648,22.075200695010510961431206829979836114805439958814,c83d86285376dfeb297eaec4dba3f4256c0b413b4a510c5d43bd709eaa47bc15
2025-09-14T08:00:00Z,BSV_USDT,OK,2025-09-14T07:30:00Z,2025-09-14T08:00:00Z,30,21,97.961,2636.45807,26.913343779667418666612223231694245669194883678198,8219426fdbd217068ac772bef16203240a2fa0d6ce80fa3c4293af83fc1b40d7
2025-09-14T08:00:00Z,BTC_USDT,OK,2025-09-14T07:30:00Z,2025-09-14T08:00:00Z,30,1296,65.52808,7587801.3230431,115794.65357512535084195966065234934397589552448355,657262956af11f920ae86110185e3b2004b2c1bddfe9a6a8d61c373f6de5e89a
2025-09-14T08:00:00Z,BCH_USDT,OK,2025-09-14T07:30:00Z,2025-09-14T08:00:00Z,30,101,16.532,9783.74558,591.80653157512702637309460440358093394628599080571,5b0b5ace95e86de374f0c3d6ded62a0aa1d229d48a5870638172362464bf40bd
2025-09-14T08:00:00Z,LTC_USDT,OK,2025-09-14T07:30:00Z,2025-09-14T08:00:00Z,30,70,144.096,16828.14633,116.78427111092604930046635576282478347768154563624,cb901e5c3620d8ef98b0cace0d1d05e809f0f909ccc4a30844e78020c1cd96b9
2025-09-14T08:00:00Z,DOGE_USDT,OK,2025-09-14T07:30:00Z,2025-09-14T08:00:00Z,30,5121,12323664.66,3590938.4258352,0.29138560037994412613301342459605680312304116201098,c2c0a943165f7f6eb35e59fafaea6cbeef8dbaf96cd800de25660b83981b3e15
2025-09-14T08:00:00Z,ETC_USDT,OK,2025-09-14T07:30:00Z,2025-09-14T08:00:00Z,30,121,560.796,12132.027666,21.633584522714142040956069586801617700554212226906,487b300318aee225adc4a06d59a8e9f750fd1b1c88f0c7f50315cc637c803af1
2025-09-15T08:00:00Z,BSV_USDT,OK,2025-09-15T07:30:00Z,2025-09-15T08:00:00Z,30,129,638.587,16809.12167,26.322367461285619657149299938771067998565583076386,875b3c7b83f5bea658b66dd44dca2e0da8bb59fc5979f926255734c331bb5d22
2025-09-15T08:00:00Z,BTC_USDT,OK,2025-09-15T07:30:00Z,2025-09-15T08:00:00Z,30,6091,213.784741,24767124.2807871,115850.75793967493685622773236187142093551007927175,aa4411ffb69f648ce6fa39675c54309b15fd5378425ba77234527b46c0007f20
2025-09-15T08:00:00Z,BCH_USDT,OK,2025-09-15T07:30:00Z,2025-09-15T08:00:00Z,30,478,213.399,128045.02642,600.02636572804933481412752637078899151354973547205,7986b265d4889f67ab31225be386f4c4ea25313797bc75f64197fc6baace94e4
2025-09-15T08:00:00Z,LTC_USDT,OK,2025-09-15T07:30:00Z,2025-09-15T08:00:00Z,30,897,2322.253,266966.21465,114.96000420712127403861680876286950646634970436038,4d084b9e24fae9b6f524a1a0d17430d7c41e9f187810ddc8642d83c09668e5f4
2025-09-15T08:00:00Z,DOGE_USDT,OK,2025-09-15T07:30:00Z,2025-09-15T08:00:00Z,30,11661,21252248.27,5728359.9534719,0.26954136243355207142985253672645901195280926388312,c4812261e413318ffe3eab8212828b43c0feede58c74f6e5cc0028c85599b039
2025-09-15T08:00:00Z,ETC_USDT,OK,2025-09-15T07:30:00Z,2025-09-15T08:00:00Z,30,1091,13114.468,274457.54785,20.927844564491674385876727900819156369896209285806,0f433c2f5dc4d63eb520933ea4f71cb9e1ca7013c7757315495cff0f1e7cc06d
2025-09-16T08:00:00Z,BSV_USDT,OK,2025-09-16T07:30:00Z,2025-09-16T08:00:00Z,30,10,23.505,609.21151,25.918379493724739417145288236545415868964050202085,83b1876c65cc8ebce79d4424d7fd9b437b9a3a1622cfe8993a9a8e9af717a557
2025-09-16T08:00:00Z,BTC_USDT,OK,2025-09-16T07:30:00Z,2025-09-16T08:00:00Z,30,1844,117.662222,13623776.9123011,115787.18029225302238470390266809681700554660611458,3c620ae9dda5b0610461b130bf4245aa2dd03ce305a8238704c75cbdd4b08cb2
2025-09-16T08:00:00Z,BCH_USDT,OK,2025-09-16T07:30:00Z,2025-09-16T08:00:00Z,30,113,28.261,16827.5021,595.43194154488517745302713987473903966597077244259,fb13f68c6ac0ae97b34a05b568891516fe9d85b03e5ab6282c7f49ff76bac3f5
2025-09-16T08:00:00Z,LTC_USDT,OK,2025-09-16T07:30:00Z,2025-09-16T08:00:00Z,30,219,600.136,68895.11053,114.7991630730367783302451444339283095831611501393,aafed92a9112b7a6e8833d99db555a87148d6b7c28c52830d2a1d5c1796e06a5
2025-09-16T08:00:00Z,DOGE_USDT,OK,2025-09-16T07:30:00Z,2025-09-16T08:00:00Z,30,1090,2151833.7,575414.2762586,0.26740648046296514456484253406757222921083539122935,762a880947dfae481c2b4d624a358c150b97de3cb2f59e405b3cee053fd8a53a
2025-09-16T08:00:00Z,ETC_USDT,OK,2025-09-16T07:30:00Z,2025-09-16T08:00:00Z,30,88,787.812,16127.562081,20.471333365066792585032977410854366270125359857428,ae41acc7ccfc91fa8d64c612bfd762cb6cbb1b36b2c2916547c6a0479c2b552d
2025-09-17T08:00:00Z,BSV_USDT,OK,2025-09-17T07:30:00Z,2025-09-17T08:00:00Z,30,9,36.416,947.20683,26.010732370386643233743409490333919156414762741652,c57f968b8633890173ba4cd686ec47037e9b49e7e0743d5d95d9792f573882a4
2025-09-17T08:00:00Z,BTC_USDT,OK,2025-09-17T07:30:00Z,2025-09-17T08:00:00Z,30,2403,172.431795,20211471.2153597,117214.29458737409768308681122295340021253040948742,05abcb792918ad87fde77eee0a890b58bc71f2cb8572fc480e42266e46342791
2025-09-17T08:00:00Z,BCH_USDT,OK,2025-09-17T07:30:00Z,2025-09-17T08:00:00Z,30,185,66.067,39765.25863,601.89290614073591959677297289115594775001135211225,cf7f3bcdede63f6bb822da1bd264bd9ccecbc30f9637d3a5b4d2e4c53b5b6348
2025-09-17T08:00:00Z,LTC_USDT,OK,2025-09-17T07:30:00Z,2025-09-17T08:00:00Z,30,69,195.774,22568.61498,115.27891844678047135983327714609703024916485335131,fff60926e81e8883fb9edd63cb3672e0837345e7608986b9aaf6fbceccdbdaf7
2025-09-17T08:00:00Z,DOGE_USDT,OK,2025-09-17T07:30:00Z,2025-09-17T08:00:00Z,30,1486,4853837.4,1304532.835327,0.26876319246437880263562186899791904854497186082088,1410cf9e03d1efaade6d5c37e5e2f52e516a5fc91d77b5a10a9b6a5fe8443880
2025-09-17T08:00:00Z,ETC_USDT,OK,2025-09-17T07:30:00Z,2025-09-17T08:00:00Z,30,25,146.65,3009.590987,20.522270623934538015683600409137401977497442891238,a3153fe99e4cfd2e5e3359d04786d7e49c53e89cc4dfb148696d0afe16cf5585
2025-09-18T08:00:00Z,BSV_USDT,OK,2025-09-18T07:30:00Z,2025-09-18T08:00:00Z,30,8,12.301,324.06021,26.344216730347126249898382245345906836842533127388,1d5db5a2b72f23be9545f811a0703383de1efd3dde5b87b7dd2345a903e3f559
2025-09-18T08:00:00Z,BTC_USDT,OK,2025-09-18T07:30:00Z,2025-09-18T08:00:00Z,30,2945,190.390804,22300340.6157125,117129.29483565025546086774233066424783835673071689,1531e5bac564b6084206fea27e9daf38afbb6ec2ef49bf70be9000ea5038fa06
2025-09-18T08:00:00Z,BCH_USDT,OK,2025-09-18T07:30:00Z,2025-09-18T08:00:00Z,30,953,445.875,282820.68043,634.30486219231847490888701990468180543874404261284,94e88b7cd291249400cbb8860aa9359d4b3fab3f255cd9cce19cefe13dc16b48
2025-09-18T08:00:00Z,LTC_USDT,OK,2025-09-18T07:30:00Z,2025-09-18T08:00:00Z,30,218,326.602,37742.75792,115.5619314027470744208547406323292570161848365901,56a76c9a799a16ac9c83deedb517a1c1810adfdccb5624aa8b004e8f3e7de1ed
2025-09-18T08:00:00Z,DOGE_USDT,OK,2025-09-18T07:30:00Z,2025-09-18T08:00:00Z,30,1210,2750263.62,768660.9919822,0.27948629592904261301322089262119534563017635378531,4aa177ebf3b570370cac99c0666618b03e682f4e14ff0e16227a075f61ae2053
2025-09-18T08:00:00Z,ETC_USDT,OK,2025-09-18T07:30:00Z,2025-09-18T08:00:00Z,30,54,373.404,7775.912539,20.824395397478334458120427204850510439095456931367,577ba5043965c5764ce4693d522d29579c5ec57c4b9ad108af55a552f69b3185
2025-09-19T08:00:00Z,BSV_USDT,OK,2025-09-19T07:30:00Z,2025-09-19T08:00:00Z,30,49,251.605,6596.003,26.21570716003259076727410027622662506706941435981,070e266361eac87a603fc1a75970ea908c04c6caf000ac7565ab7290f0a2d9d5
2025-09-19T08:00:00Z,BTC_USDT,OK,2025-09-19T07:30:00Z,2025-09-19T08:00:00Z,30,2571,190.041041,22222257.6649451,116933.99251030781293183928623080948077947015665948,3887dd07a25398e844c0cb83222d746ec347b264a7cec24cc3291b652cb17a8c
2025-09-19T08:00:00Z,BCH_USDT,OK,2025-09-19T07:30:00Z,2025-09-19T08:00:00Z,30,240,90.533,55412.19692,612.0662843383075784520561563186904222769597826207,5d8cfded322f5f953f1f940e0aa198f36788a98c23ae2abae1d698849652caab
2025-09-19T08:00:00Z,LTC_USDT,OK,2025-09-19T07:30:00Z,2025-09-19T08:00:00Z,30,167,362.113,42515.4588,117.40936889865870598404365488121111365789132121741,70552e432cddbe0d5f659a69f3ec874ceed9bebe4f4a282b2487ac10baa620bf
2025-09-19T08:00:00Z,DOGE_USDT,OK,2025-09-19T07:30:00Z,2025-09-19T08:00:00Z,30,1242,4439299.06,1223245.0814403,0.27554914974354081925717345116190482557847769778322,f53ddbe74824e0276b64fd6ce91d723a47aad94c0c39395e944e6caeabceac89
2025-09-19T08:00:00Z,ETC_USDT,OK,2025-09-19T07:30:00Z,2025-09-19T08:00:00Z,30,55,179.619,3722.354413,20.723611717023254778169347340760164570563247763321,c63d473b6129c8d2f773f3989262e48f891cb4b8d15c903c5f82c149252e7a5a
2025-09-20T08:00:00Z,BSV_USDT,OK,2025-09-20T07:30:00Z,2025-09-20T08:00:00Z,30,11,24.215,624.84977,25.804244063596944042948585587445798059054305182738,868a6261316b258c41ede74f69a2a08f762b0faa0f2b8008c9c6d81d569d4f49
2025-09-20T08:00:00Z,BTC_USDT,OK,2025-09-20T07:30:00Z,2025-09-20T08:00:00Z,30,2910,185.977547,21554592.4081073,115898.89616141296884618012517392758169888110202895,24cb20d057070d71dd35fa546e20c390fc205ddfa452073d073378fc4086b262
2025-09-20T08:00:00Z,BCH_USDT,OK,2025-09-20T07:30:00Z,2025-09-20T08:00:00Z,30,113,6.073,3678.00769,605.63274987650255228058620121850815083154948131072,866553b4bda57681dff3b01ec1cb55be3ccf0a1dd064c703de9892bfd0ef26f3
2025-09-20T08:00:00Z,LTC_USDT,OK,2025-09-20T07:30:00Z,2025-09-20T08:00:00Z,30,281,422.392,48566.14927,114.97885677285554650656262429212674482471258925358,3625d9c08168c0250a2040e40764079ec055576b9d658cb44955c626c306774f
2025-09-20T08:00:00Z,DOGE_USDT,OK,2025-09-20T07:30:00Z,2025-09-20T08:00:00Z,30,940,3564802.94,947782.1073294,0.26587223004517607360366461098127348380160391137918,2a2ff27eb0731d45fa8a4057d7d7deb050bc8ffb7e45dd378423440541364a65
2025-09-20T08:00:00Z,ETC_USDT,OK,2025-09-20T07:30:00Z,2025-09-20T08:00:00Z,30,44,94.652,1923.654634,20.323444132189494146980518108439335671723788192537,b8986dc24b2f5503bd89bfa3fdddbe8a8a931c164d609551baed6def2b1c9a3b
2025-09-21T08:00:00Z,BSV_USDT,OK,2025-09-21T07:30:00Z,2025-09-21T08:00:00Z,30,23,73.805,1906.01007,25.824945057922904952239008197276607275929815053181,4aa065b1dbba3ee178f92b98dfbf65bb2065399f81e4b3916aa71bd6cf481b72
2025-09-21T08:00:00Z,BTC_USDT,OK,2025-09-21T07:30:00Z,2025-09-21T08:00:00Z,30,2060,140.255198,16232259.1104373,115733.74350401829670512461149568232045132473450289,6c69fb4f371c7692bf2c30d12cb70d02f68ec37b9d2fc2977f167a75d66d367f
2025-09-21T08:00:00Z,BCH_USDT,OK,2025-09-21T07:30:00Z,2025-09-21T08:00:00Z,30,114,29.297,17506.52009,597.55333617776564153326279141208997508277298016862,23a96cf42f0561c12485e7b8cc555153fb3cc2e6155363e070b450a54eba130e
2025-09-21T08:00:00Z,LTC_USDT,OK,2025-09-21T07:30:00Z,2025-09-21T08:00:00Z,30,146,563.226,64934.7691,115.29078753466636838498222738296882601300366105258,aa329b779d60046fe0c151c1ee3cd955c3f229534ce553e38c84d1d08a28b50e
2025-09-21T08:00:00Z,DOGE_USDT,OK,2025-09-21T07:30:00Z,2025-09-21T08:00:00Z,30,811,2609694.87,700197.7500887,0.2683063672070980466770048101447200990206184526086,be6c1ca35992826eb16dbb643729045f757bc914f2983bfc18dce0f97c93fa7c
2025-09-21T08:00:00Z,ETC_USDT,OK,2025-09-21T07:30:00Z,2025-09-21T08:00:00Z,30,134,163.177,3296.504863,20.202019052930253650943454040704265919829387720083,b8635fe5820e2a2e206905c22a46c9d33b18ee1cb1f1f48c2d1b272964800bbe
2025-09-22T08:00:00Z,BSV_USDT,OK,2025-09-22T07:30:00Z,2025-09-22T08:00:00Z,30,46,178.609,4346.41724,24.334816498608692731049387208931240866921599695424,a61143ebc0d200e96d2bdcaa393966d2a99aafc4929ee67b58aa9e7468eaa520
2025-09-22T08:00:00Z,BTC_USDT,OK,2025-09-22T07:30:00Z,2025-09-22T08:00:00Z,30,12546,657.16831,74099673.6114463,112756.00555274234084720244650871859600168486517556,6d4d98cd05632526bab5b4642173e619032068c3234c24aa594f89067407b987
2025-09-22T08:00:00Z,BCH_USDT,OK,2025-09-22T07:30:00Z,2025-09-22T08:00:00Z,30,332,88.757,50765.09604,571.95597012066653897720743152652748515610036391496,f822319f1115c87027630b6c1af3b7b896d5c3f4c8575387c71c3543f249243e
2025-09-22T08:00:00Z,LTC_USDT,OK,2025-09-22T07:30:00Z,2025-09-22T08:00:00Z,30,2184,6356.764,673896.80575,106.01255697867657191615104792312566582619710280262,88d14dbc3ea6755e7008643542c5b1c5f5743cfe133d81fdc65f05574e41f82d
2025-09-22T08:00:00Z,DOGE_USDT,OK,2025-09-22T07:30:00Z,2025-09-22T08:00:00Z,30,3829,12109599.75,2889476.0229541,0.23861036554524438349004887630575899091958014549573,e092ab09592260fa48cd9c4ff2581b56f0f357aa239a6bf7cf805f433853792e
2025-09-22T08:00:00Z,ETC_USDT,OK,2025-09-22T07:30:00Z,2025-09-22T08:00:00Z,30,932,16995.581,315428.219499,18.559425505900622049931685183342658306297384008231,d91d272149f6bd78375c98d6be8120eab10a6018bcda4a1281c5792958cf7469
2025-09-23T08:00:00Z,BSV_USDT,OK,2025-09-23T07:30:00Z,2025-09-23T08:00:00Z,30,8,18.033,437.98938,24.288214939277990351023124272167692563633338878722,52a868f7a656cd9d54c6b9d17754d999f83a13b37afaa8bdaa73b4970c40967d
2025-09-23T08:00:00Z,BTC_USDT,OK,2025-09-23T07:30:00Z,2025-09-23T08:00:00Z,30,4681,292.496337,33054342.8623563,113007.7155884393177887899498720901930474431890065,604a96e05150099033372211dd9f7056ad2281952cb30daf8d787c42deedc0e2
2025-09-23T08:00:00Z,BCH_USDT,OK,2025-09-23T07:30:00Z,2025-09-23T08:00:00Z,30,406,70.586,39779.30532,563.55800470348227693876972770804408806278865497407,b1790ea6da93113d82ea18d1f2ce7bf91ad94d99f384620888ef2bc5e88aabac
2025-09-23T08:00:00Z,LTC_USDT,OK,2025-09-23T07:30:00Z,2025-09-23T08:00:00Z,30,503,580.246,61707.34722,106.34687222316052157188502807429952123754407613323,52329e8e47f069da93191a9b1cea83c65bc921a2f719683adb7b1fe234d61ce0
2025-09-23T08:00:00Z,DOGE_USDT,OK,2025-09-23T07:30:00Z,2025-09-23T08:00:00Z,30,1297,3069220.95,741930.2468795,0.24173243274632932503604864289747533490542608214635,6f0283dccd67a1f3fd7c040ea0cc28c8873681325a7ba69bd510b9513d0aaff1
2025-09-23T08:00:00Z,ETC_USDT,OK,2025-09-23T07:30:00Z,2025-09-23T08:00:00Z,30,205,2142.743,40438.192637,18.872161821086336532192614793281322118424841429887,1b57cc15ede950b628195b3239ee202dce7a2247f0ff82c12de0e20ce0e4dd2e
2025-09-24T08:00:00Z,BSV_USDT,OK,2025-09-24T07:30:00Z,2025-09-24T08:00:00Z,30,49,269.141,6596.19308,24.508317499006097175829769526010529796649339937059,c72b640ac58240769db0a942811be70d6739247c4a850da4a52ded7e87fa29d0
2025-09-24T08:00:00Z,BTC_USDT,OK,2025-09-24T07:30:00Z,2025-09-24T08:00:00Z,30,3107,153.772366,17304941.6927902,112536.09567788142116510062672769176225070244415697,c1c365199ab9d1250787645277ed80f976608a27e4b934a6e46a70d96b4f2ec0
2025-09-24T08:00:00Z,BCH_USDT,OK,2025-09-24T07:30:00Z,2025-09-24T08:00:00Z,30,115,76.034,42467.94508,558.53887839650682589367914354104742615145855801352,b8887f71a2a6e20db78bf2b6468baf05c3cf3a5d6dc473e4b46eae54c3d176cb
2025-09-24T08:00:00Z,LTC_USDT,OK,2025-09-24T07:30:00Z,2025-09-24T08:00:00Z,30,90,430.748,45947.2087,106.66842028285679794218429336874460241254747555415,fb71a30fb23e2ee59bf9dbcc767c83051472e765b978d2971f889c9ad94dfce0
2025-09-24T08:00:00Z,DOGE_USDT,OK,2025-09-24T07:30:00Z,2025-09-24T08:00:00Z,30,957,1836119.57,438402.9312583,0.23876600327194377651560023403051033326767493687789,bafa990fb9d72a3c9f2fccc15f804fbb1e715338e77341683d0e18611bcb49f9
2025-09-24T08:00:00Z,ETC_USDT,OK,2025-09-24T07:30:00Z,2025-09-24T08:00:00Z,30,100,971.831,18422.967933,18.956966728783090887201581344904618189788142176983,c0cbf0dc3aed07e9afa46b859fd63ec714f727a34d85688324378956f55f0777
2025-09-25T08:00:00Z,BSV_USDT,OK,2025-09-25T07:30:00Z,2025-09-25T08:00:00Z,30,19,37.382,893.37581,23.898555722005243165159702530629714836017334546038,a19018e2676e68333f691927ba33504ab8ae63e5111b374a068e2ca6c27b2ab9
2025-09-25T08:00:00Z,BTC_USDT,OK,2025-09-25T07:30:00Z,2025-09-25T08:00:00Z,30,4179,277.59162,31040171.4289116,111819.5550316382029111685720195732133412384711037,3746c09742491c1dff6849f824b4cfef3f4cf43403f735286885c1d74b94d789
2025-09-25T08:00:00Z,BCH_USDT,OK,2025-09-25T07:30:00Z,2025-09-25T08:00:00Z,30,153,19.159,10501.24387,548.11022861318440419646119317292134245002348765593,4a579ddeab502e88f9ca1e1714c76ac19518060aaf293102f2c5163dd514e91d
2025-09-25T08:00:00Z,LTC_USDT,OK,2025-09-25T07:30:00Z,2025-09-25T08:00:00Z,30,161,538.644,56106.24959,104.16202462108554072819895886708104053883455491939,502b1766003744a726c37d5127e603d399843848acd7f7211055417aee30b7c8
2025-09-25T08:00:00Z,DOGE_USDT,OK,2025-09-25T07:30:00Z,2025-09-25T08:00:00Z,30,1647,4307273.39,1006574.4429028,0.23369179333722301755264250825741061214598221730244,d978126bd28c0985221ef5663772aa2a853ede5aa4d7738b9611b618ee901a5f
2025-09-25T08:00:00Z,ETC_USDT,OK,2025-09-25T07:30:00Z,2025-09-25T08:00:00Z,30,139,740.058,13571.625655,18.338597319399290325893375924589694321255901564472,ff9b83116102e98c6666069e60debd37cca2393f8803e7492bdc8b8bd7a382fc
2025-09-26T08:00:00Z,BSV_USDT,OK,2025-09-26T07:30:00Z,2025-09-26T08:00:00Z,30,42,290.12,6667.45264,22.981706328415827933268992141182958775679029367158,a179fbea051d12f2ec527a3023c447f7bacea9a77d8f836704789d3955f3b07d
2025-09-26T08:00:00Z,BTC_USDT,OK,2025-09-26T07:30:00Z,2025-09-26T08:00:00Z,30,10888,1152.45371,125666230.8315494,109042.32399195400221324290760450586774543855648658,b12828d0e34f07136efc5b7a9d818846934ed54b6787b2f924743cfca3bf7160
2025-09-26T08:00:00Z,BCH_USDT,OK,2025-09-26T07:30:00Z,2025-09-26T08:00:00Z,30,762,344.37,187891.28312,545.60874385109039695676162267328745244940035427012,a22dea2f4fbced13ce3256ebe6079cdf17a036a6ccb746e837bff21dae8f6513
2025-09-26T08:00:00Z,LTC_USDT,OK,2025-09-26T07:30:00Z,2025-09-26T08:00:00Z,30,378,823.628,84556.48114,102.66343681856372051460125202154370662483548398063,9cb12b977fef6c78eada4cccc0d7441676d77f25f502a74ade7cdcdd999cdb35
2025-09-26T08:00:00Z,DOGE_USDT,OK,2025-09-26T07:30:00Z,2025-09-26T08:00:00Z,30,2503,4337053.86,978842.0710968,0.22569285572506125160271816407647748234327899262012,5f5c99714930b02aacb51335614946d509acc16b00bd187a9f2f1cc8d88b2ceb
2025-09-26T08:00:00Z,ETC_USDT,OK,2025-09-26T07:30:00Z,2025-09-26T08:00:00Z,30,73,570.616,10222.194897,17.914315226001373953762249919385365990438403409649,661075a4bbb623592391d509b2a210883c16df124327cfc9d9ee7a953f3a8c69
2025-09-27T08:00:00Z,BSV_USDT,OK,2025-09-27T07:30:00Z,2025-09-27T08:00:00Z,30,10,69.53,1618.02074,23.270828994678556018984610959298144685747159499497,9bb941bf8bf3337beb238c1c4b1127528fea2726bc6bd133e8bda243575a7443
2025-09-27T08:00:00Z,BTC_USDT,OK,2025-09-27T07:30:00Z,2025-09-27T08:00:00Z,30,3013,98.473204,10773725.1179642,109407.68331214448958114534386430647671421354381848,4f60345223c2c8a5a5fc244c17cc54a4f3b65844637b9fbed0732f2ff017ce85
2025-09-27T08:00:00Z,BCH_USDT,OK,2025-09-27T07:30:00Z,2025-09-27T08:00:00Z,30,107,19.409,10534.17245,542.74679014889999484775104333041372559122056777784,b1e418e7f40e5bc48de2c7fb7195be1c31e91f2d611e6e3c3be27d2b2490ffa7
2025-09-27T08:00:00Z,LTC_USDT,OK,2025-09-27T07:30:00Z,2025-09-27T08:00:00Z,30,86,231.425,23996.81665,103.69154866587447337150264664578157070325159338879,acb022dd4ec608d0a2fb4c98e4fd60d2ed3df1141b43c9865042977a475a1dad
2025-09-27T08:00:00Z,DOGE_USDT,OK,2025-09-27T07:30:00Z,2025-09-27T08:00:00Z,30,803,2544968.69,587654.5620094,0.23090836611015438464981665452237842658881591191599,e8beddf776db1351f36c02b6413bb07e42b2464bb513fcb11dc63059fadcba56
2025-09-27T08:00:00Z,ETC_USDT,OK,2025-09-27T07:30:00Z,2025-09-27T08:00:00Z,30,142,322.945,5874.316461,18.189835609778754896344578798247379584759014692904,c3d9c5ee76b11c6b4e1e54b8cc91b968f1e2a0a67d5fb22d2146a1d9c8821ab9
2025-09-28T08:00:00Z,BSV_USDT,OK,2025-09-28T07:30:00Z,2025-09-28T08:00:00Z,30,12,89.023,2038.22738,22.895514417622412185614953438998910393943138290105,937e9f02f7fe76625916702465db480f3cb550da76e871c6367c3be47dd548aa
2025-09-28T08:00:00Z,BTC_USDT,OK,2025-09-28T07:30:00Z,2025-09-28T08:00:00Z,30,1513,50.108414,5486231.0844315,109487.22273332179302262490287559290940639230768709,8dae294f76fc97892f96e6fcd910c17378dfd89c5136ff396942ef22fed2d36f
2025-09-28T08:00:00Z,BCH_USDT,OK,2025-09-28T07:30:00Z,2025-09-28T08:00:00Z,30,202,117.028,63326.39933,541.12177709607957070102881361725399049800047851796,f3cc958c857c3da09a1455057af7ec4087f0ff44ae0c01c6748166f0137e2977
2025-09-28T08:00:00Z,LTC_USDT,OK,2025-09-28T07:30:00Z,2025-09-28T08:00:00Z,30,203,333.914,34779.64506,104.15749282749450457303377516366489575160071156046,3937e00e76024e344c44baa0b323cfaf4f76fbfc2575036f01f7ade61e360136
2025-09-28T08:00:00Z,DOGE_USDT,OK,2025-09-28T07:30:00Z,2025-09-28T08:00:00Z,30,795,2590809.02,593528.0552639,0.22908985212036200182752181401622571161188870648598,4cc14aae9c106d480451947277b6b500a56524d960421a3e7d1df6273852793b
2025-09-28T08:00:00Z,ETC_USDT,OK,2025-09-28T07:30:00Z,2025-09-28T08:00:00Z,30,221,948.528,17086.466242,18.013665639812425147175412850226877857058515932055,49e328ff345d60159438a0ec6289f0b62a3d983a9c00012e24dc573d96afaacb
2025-09-29T08:00:00Z,BSV_USDT,OK,2025-09-29T07:30:00Z,2025-09-29T08:00:00Z,30,8,39.891,930.30476,23.321169186031937028402396530545737133689303351633,151b296795e42b3f3de7a5cbeea35dcf9c43c1c5cebe7bbf723684f6e94288a1
2025-09-29T08:00:00Z,BTC_USDT,OK,2025-09-29T07:30:00Z,2025-09-29T08:00:00Z,30,4859,311.201487,34777315.2704674,111751.7644459950797086004926448182427868668892318,24104f39c4622988e6032a8f8f9aef12d252d122b61bf78b93175de686881c65
2025-09-29T08:00:00Z,BCH_USDT,OK,2025-09-29T07:30:00Z,2025-09-29T08:00:00Z,30,334,1198.103,665452.08995,555.42143701334526330373932792088827087487469775136,8c0da025633529c5e5639c7adf4b086cc5bc1680084b53ba855f14fc942a33ee
2025-09-29T08:00:00Z,LTC_USDT,OK,2025-09-29T07:30:00Z,2025-09-29T08:00:00Z,30,78,179.928,19090.16108,106.09889000044462229336178916010848783958027655507,eac813477f354f5e5a7103fcca4cfc89514d3bb3798ff73f02f5713584a08dc1
2025-09-29T08:00:00Z,DOGE_USDT,OK,2025-09-29T07:30:00Z,2025-09-29T08:00:00Z,30,1497,4165183.61,968013.9206625,0.23240606208533985852306760613609540252656472927973,d02136d43620c1ca9091ebda50f496db3a02ee5612e331a499030814b98561dc
2025-09-29T08:00:00Z,ETC_USDT,OK,2025-09-29T07:30:00Z,2025-09-29T08:00:00Z,30,156,445.893,8210.76788,18.41421121210694045432424370869244415139955101336,c583576d4b8ca33ebc1f14cc8fcbe17a7dc40f6e013855bd822c31ae24805929
2025-09-30T08:00:00Z,BSV_USDT,OK,2025-09-30T07:30:00Z,2025-09-30T08:00:00Z,30,40,88.097,2074.20924,23.544606967320113057198315493149596467530108857282,1bff8abc908401298a8807a5dcae62d281bba227cd08859e88336c86de03a5b6
2025-09-30T08:00:00Z,BTC_USDT,OK,2025-09-30T07:30:00Z,2025-09-30T08:00:00Z,30,6456,337.304586,38361735.0100475,113730.25035019091024158206968463808553139565081395,d925bd95eb7f36b9642165c6b95e0c630c1fd4ea969b37e57fd1197366ab1519
2025-09-30T08:00:00Z,BCH_USDT,OK,2025-09-30T07:30:00Z,2025-09-30T08:00:00Z,30,172,101.626,56640.03224,557.33800641568102650896424143427862948458071753291,ec160d393220b1e368a4496c3505675398a2a87c0a61ab7d14c086c38d5bc10e
2025-09-30T08:00:00Z,LTC_USDT,OK,2025-09-30T07:30:00Z,2025-09-30T08:00:00Z,30,109,348.764,36866.73438,105.70682289456480600061932997671778050486862176142,e75e6176b94bb15e8a76c9637b19dba5e83434cc970f4bb3e07d6b12ea67b7ee
2025-09-30T08:00:00Z,DOGE_USDT,OK,2025-09-30T07:30:00Z,2025-09-30T08:00:00Z,30,1210,4309549.62,998169.3120346,0.23161801117273131664278180419233692452530573252803,e185fbbb872cb835d49285f7a4a0e4315b0004262ea3848c83b23e139e501b87
2025-09-30T08:00:00Z,ETC_USDT,OK,2025-09-30T07:30:00Z,2025-09-30T08:00:00Z,30,233,1556.417,28543.353954,18.339143015014613692859946916539719111266453656057,8f14617fab1bdbe6291a707cf398d51477aa2b63fc058a94b01a5e1ef9162913
2025-10-01T08:00:00Z,BSV_USDT,OK,2025-10-01T07:30:00Z,2025-10-01T08:00:00Z,30,35,148.643,3576.87995,24.063561351695000773665762935355179860471061536702,9ef3ed34c7db20ab32a699ef637aa8f7db114eb2f0549fc4109888cee31f4176
2025-10-01T08:00:00Z,BTC_USDT,OK,2025-10-01T07:30:00Z,2025-10-01T08:00:00Z,30,3836,254.73922,29174088.7064198,114525.31222486980999627776201874214736152524923331,62718f6f9177e1e15a5b31083df7358f3a7a4fa358c54237d218e6beb1c9441f
2025-10-01T08:00:00Z,BCH_USDT,OK,2025-10-01T07:30:00Z,2025-10-01T08:00:00Z,30,191,47.465,26645.30466,561.36742146845043716422627198988728536816601706521,787ca99ef48e8d16bff7222a3752af98fdfac1bcd753fe677bfb94181db104dd
2025-10-01T08:00:00Z,LTC_USDT,OK,2025-10-01T07:30:00Z,2025-10-01T08:00:00Z,30,172,421.934,44659.2632,105.84419174562846321936606199073788791611958268355,e497436512eb6b1c630796b59ef362e95880e9230f6567ec87dab8ddd129fb2c
2025-10-01T08:00:00Z,DOGE_USDT,OK,2025-10-01T07:30:00Z,2025-10-01T08:00:00Z,30,1656,4697181.86,1097134.7903222,0.23357298546712006590266445421382939599447401425501,d532a94002f98ebd6dc9b4e618d8a1ac04eec99c4b7c3eabb8ca4d9f3d1bcdfd
2025-10-01T08:00:00Z,ETC_USDT,OK,2025-10-01T07:30:00Z,2025-10-01T08:00:00Z,30,128,2269.291,41478.190851,18.278039639252964912829601844805271778718551300825,a316b254af92228c5648345e7e4921eac05befbe9713de8c829f6694eb347e02
2025-10-02T08:00:00Z,BSV_USDT,OK,2025-10-02T07:30:00Z,2025-10-02T08:00:00Z,30,72,182.502,4884.16762,26.762269016229959123735630294462526438066432148689,db6876d5c37be8c9660691192e2509075b639dfd29bd42e3603690d5ef58b0f2
2025-10-02T08:00:00Z,BTC_USDT,OK,2025-10-02T07:30:00Z,2025-10-02T08:00:00Z,30,6415,199.364894,23621176.6662309,118482.1268795242355958617267892711341646739470591,ad82694b230567705f47a4b3b8bdc95448457cf88300f3490c5e97c2dc8e3932
2025-10-02T08:00:00Z,BCH_USDT,OK,2025-10-02T07:30:00Z,2025-10-02T08:00:00Z,30,83,24.923,14606.39878,586.0610191389479597159250491513862697107089836697,5c5e0ad95546baaac21401ceeac5c51a97a0d1a956bab90117da03673b97c00b
2025-10-02T08:00:00Z,LTC_USDT,OK,2025-10-02T07:30:00Z,2025-10-02T08:00:00Z,30,653,1276.706,151874.62047,118.95817868013465903661453772442520047685214920271,90ac200f71201ba2a2146f6a450d490bb2173b5d14656f1005e691dc750fd30d
2025-10-02T08:00:00Z,DOGE_USDT,OK,2025-10-02T07:30:00Z,2025-10-02T08:00:00Z,30,1172,3000507.56,767888.307441,0.255919470984768990217108468141969953910064469226,a272d0819fd20cb457451843fd6f96f5133bb6f7e459f34093988f4debc6d666
2025-10-02T08:00:00Z,ETC_USDT,OK,2025-10-02T07:30:00Z,2025-10-02T08:00:00Z,30,321,2334.368,46500.897236,19.920122806686863425132626903727261511466915242155,82873318c4a9203d9cd1e81046ee10a247a1bc3fcebbc65e9f8e1cb3c38779bc
2025-10-03T08:00:00Z,BSV_USDT,OK,2025-10-03T07:30:00Z,2025-10-03T08:00:00Z,30,101,482.021,13008.26614,26.98692824586480672003916841797349078152196688526,4fd738f78a186afc2ad1599c467a66ab1868f149cc430a44296fa7eccbec0ca6
2025-10-03T08:00:00Z,BTC_USDT,OK,2025-10-03T07:30:00Z,2025-10-03T08:00:00Z,30,7626,474.125469,56757149.1210227,119709.13361969740545619159724996760298485462716199,b3421924c596cc2f9d8d2c2e770a264d7d691e4a44b3b4293b0f55bb4f3b53e2
2025-10-03T08:00:00Z,BCH_USDT,OK,2025-10-03T07:30:00Z,2025-10-03T08:00:00Z,30,86,25.875,15502.46166,599.12895304347826086956521739130434782608695652174,60e62f2bb27ddd82971ccbc0cb63305f69b1c144745fb3b54c131fadbf694b96
2025-10-03T08:00:00Z,LTC_USDT,OK,2025-10-03T07:30:00Z,2025-10-03T08:00:00Z,30,552,3542.156,412135.42641,116.35157412886388967623108637790091684273645768283,e4f5e957b5222fc0e3768106ae7a2a7f5d7b8a95ed518d5f34a4aa732568a863
2025-10-03T08:00:00Z,DOGE_USDT,OK,2025-10-03T07:30:00Z,2025-10-03T08:00:00Z,30,949,3100896.06,791063.0014914,0.2551078740418664661723618043489016526403661527436,e99c4aef4351505307ac109f7e243eebeb458547732a4c7d256a1ae7d3323480
2025-10-03T08:00:00Z,ETC_USDT,OK,2025-10-03T07:30:00Z,2025-10-03T08:00:00Z,30,302,1384.117,27241.00707,19.68114478039067506576394914591757777702318517871,131efa2066a77c4e40df96b752754879de6df2dff7c4b8733375961279a88de6
2025-10-04T08:00:00Z,BSV_USDT,OK,2025-10-04T07:30:00Z,2025-10-04T08:00:00Z,30,95,300.806,8663.68868,28.801582016316163906305060404380231777291676362839,10b160bebfbcc9431303d424b2d06b2e76c0ed5f06cd54a02410cfc3cdd5f45f
2025-10-04T08:00:00Z,BTC_USDT,OK,2025-10-04T07:30:00Z,2025-10-04T08:00:00Z,30,6730,298.585479,36520112.328498,122310.40990609593576384201858657701167041683229344,b9679a83f30f6462afcf441d6abcd0a29821cc1d897481dd5104383ae6cd9061
2025-10-04T08:00:00Z,BCH_USDT,OK,2025-10-04T07:30:00Z,2025-10-04T08:00:00Z,30,203,141.597,83632.3149,590.63620627555668552299836860950443865336130002754,0451ad1739d3028a7785d86b838395942a2a10ae76bb6cfedbc91aed7b5d5ae6
2025-10-04T08:00:00Z,LTC_USDT,OK,2025-10-04T07:30:00Z,2025-10-04T08:00:00Z,30,244,1123.0223,133247.186419,118.65052583461610691078885966912678403625644833589,982e626cb1dbad30d607871959dab06a82b2286144a431386d65fe612a1cf1ab
2025-10-04T08:00:00Z,DOGE_USDT,OK,2025-10-04T07:30:00Z,2025-10-04T08:00:00Z,30,866,2623253.6,667197.8630195,0.25433982555842103866740142851609924408375919125776,7a6453c1b37eae04230bf07268a08651bac5538ef51ad07d289a57081715d045
2025-10-04T08:00:00Z,ETC_USDT,OK,2025-10-04T07:30:00Z,2025-10-04T08:00:00Z,30,101,640.906,12603.965008,19.665855847815436273025997572186872957968875310888,ed772ab3381181e75764fe76f1134e5a288ebc2e0cf992e4143e7e2057324e91
2025-10-05T08:00:00Z,BSV_USDT,OK,2025-10-05T07:30:00Z,2025-10-05T08:00:00Z,30,529,2979.863,87567.00564,29.38625220018504206401435233767458436847600040673,e272cfebddadb6ea4225e04daac5e81d2e8004f262978d1bebf5e1d6f5afd5c9
2025-10-05T08:00:00Z,BTC_USDT,OK,2025-10-05T07:30:00Z,2025-10-05T08:00:00Z,30,10479,438.301757,54676194.6740322,124745.55212433748012559301695886197417182610107584,174638edc42947b84064cd94b3d38c884334de007d538bd563b123789b889727
2025-10-05T08:00:00Z,BCH_USDT,OK,2025-10-05T07:30:00Z,2025-10-05T08:00:00Z,30,186,66.819,40345.29563,603.79975201664197309148595459375327376943683682785,4a1fd97fcafaee3d62e93868e77e139871842e785d273ada29fdc3cc1e851fa8
2025-10-05T08:00:00Z,LTC_USDT,OK,2025-10-05T07:30:00Z,2025-10-05T08:00:00Z,30,248,500.974,61157.23312,122.07666090455792116956169382043778719055280313948,d3126872fde0b07cc920b9107fe8dc4a11815b3bc9d4e36ef7b4839505b8d753
2025-10-05T08:00:00Z,DOGE_USDT,OK,2025-10-05T07:30:00Z,2025-10-05T08:00:00Z,30,1972,6875763.02,1805987.8635085,0.26265999253541754555700205037025839788178156262285,296c3ced28b30946a2c09cf19d7963c0cc20a78db8fcf920bda7da0cf4e2bf63
2025-10-05T08:00:00Z,ETC_USDT,OK,2025-10-05T07:30:00Z,2025-10-05T08:00:00Z,30,287,2284.649,45967.901659,20.120334309121444913419960790475911179354027686529,dc4a84ef3da4b4db251ed6c29d4595178f7b4d4a4c088510092bff57eb1b2357
2025-10-06T08:00:00Z,BSV_USDT,OK,2025-10-06T07:30:00Z,2025-10-06T08:00:00Z,30,43,146.171,4145.23162,28.358782658666903831813424003393285945912663934707,ed1dd06fa73b5f4ad090568aa6c6ae811a7652e8d9e10456ef193929b731933a
2025-10-06T08:00:00Z,BTC_USDT,OK,2025-10-06T07:30:00Z,2025-10-06T08:00:00Z,30,10115,404.985897,49997391.6666678,123454.64875945494961272688465988730466829070840459,f353e4ef667eaecbeffd77dc5eef96081ab488e074821a9f327e63dde8c261ce
2025-10-06T08:00:00Z,BCH_USDT,OK,2025-10-06T07:30:00Z,2025-10-06T08:00:00Z,30,161,76.732,45793.42626,596.79698509096595944325705051347547307511859458896,5ddb3adca6c8ef17bb0f281862dbabd6348d1ac9d748e27f4d87d12904b6b3d3
2025-10-06T08:00:00Z,LTC_USDT,OK,2025-10-06T07:30:00Z,2025-10-06T08:00:00Z,30,251,976.977,117210.63083,119.97276377028323082324353592766257547516471728608,60c610dfb1144ba88912752ae94a183b7772a1ea6ffa642d67a3ddc48e6fed90
2025-10-06T08:00:00Z,DOGE_USDT,OK,2025-10-06T07:30:00Z,2025-10-06T08:00:00Z,30,1678,3683530.76,940278.5296692,0.25526555659038394999041626029478304125794785001334,b67a775555e817c1890702da6c4c1a05c5728d9befa8d7d0fa63edc9c2b7a774
2025-10-06T08:00:00Z,ETC_USDT,OK,2025-10-06T07:30:00Z,2025-10-06T08:00:00Z,30,215,2455.483,48174.138089,19.619006968893696270754063457169119069445807606894,df7d9d068076879788ad5962c1d6d00b3f6b9c72b7b25b8d899ea58d20c58bd7
2025-10-07T08:00:00Z,BSV_USDT,OK,2025-10-07T07:30:00Z,2025-10-07T08:00:00Z,30,124,397.614,11116.87202,27.958955217874622120951475551665685815891794554518,1c4592bc6efb0533d5f8ef943728e32a078e0de945b6a093ba8a4656fa36e310
2025-10-07T08:00:00Z,BTC_USDT,OK,2025-10-07T07:30:00Z,2025-10-07T08:00:00Z,30,7303,276.510941,34200110.1910462,123684.47363189943359239445067745077038380191979456,cda3d8dedacd3b5ee7176dcd67806c900985774e033926decbe81f95d9d397e8
2025-10-07T08:00:00Z,BCH_USDT,OK,2025-10-07T07:30:00Z,2025-10-07T08:00:00Z,30,78,16.814,10001.51547,594.83260794575948614250029737123825383608897347449,a33a143a4719945b7f00d65d3730be50f54eb274b4ac53cd76941438e94d7ce5
2025-10-07T08:00:00Z,LTC_USDT,OK,2025-10-07T07:30:00Z,2025-10-07T08:00:00Z,30,194,489.093,57596.15658,117.76115499506228876716698051290858793726346523054,5be85dcf354b4aa4d18cbff8fadd3d7b6cdbee8338f3351b30b2c5e7b63ee40e
2025-10-07T08:00:00Z,DOGE_USDT,OK,2025-10-07T07:30:00Z,2025-10-07T08:00:00Z,30,1254,3627656.75,943774.7228773,0.26016097660764073116895637934873524073081059832907,23bd747c5eafc2804f0d0320746e3c5d009aa046fce3fad76b1fcb4a467d49b7
2025-10-07T08:00:00Z,ETC_USDT,OK,2025-10-07T07:30:00Z,2025-10-07T08:00:00Z,30,242,2524.687,49875.396674,19.755081193827195212713496762172895095510849463716,c439c123838a095420372848946746725e18f6ecb0f35a65b0b75a0db06a9113
2025-10-08T08:00:00Z,BSV_USDT,OK,2025-10-08T07:30:00Z,2025-10-08T08:00:00Z,30,246,2285.205,57550.60561,25.184001264656781339092116462199233766773659255953,08dc8b5470ad10a0685dcb0fb460f3cb90393c615386e2f92bf75bcbc3f7191d
2025-10-08T08:00:00Z,BTC_USDT,OK,2025-10-08T07:30:00Z,2025-10-08T08:00:00Z,30,9457,304.379597,36966468.9143968,121448.57697014691822461411564323741449726671397098,a87e71c9101f9e5f03c751c85a0e6d8371ae60c06b4cc1b124bd847bf5c3e2e8
2025-10-08T08:00:00Z,BCH_USDT,OK,2025-10-08T07:30:00Z,2025-10-08T08:00:00Z,30,206,61.799,35667.17966,577.14816841696467580381559572161361834333888897879,cde43accc5ee0cee6d6737ca387347a6fc4d34855a05855d4fd5cf7e4d5a3ac7
2025-10-08T08:00:00Z,LTC_USDT,OK,2025-10-08T07:30:00Z,2025-10-08T08:00:00Z,30,284,830.23,96166.1351,115.83071570528648687713043373522999650699203835082,f9ae42227a9cf3c73415918b5d68674726590ed695458860169444b0e5edc7f2
2025-10-08T08:00:00Z,DOGE_USDT,OK,2025-10-08T07:30:00Z,2025-10-08T08:00:00Z,30,939,2097606.48,516385.5722009,0.24617847872061302938003890987217011267051387064746,44c5e27dae9644accb8f3a570b183c58e8e738ab5dad707da0a5e22d0150a50d
2025-10-08T08:00:00Z,ETC_USDT,OK,2025-10-08T07:30:00Z,2025-10-08T08:00:00Z,30,162,1467.448,27944.125794,19.042668492512170789016033276817986054701767967247,f7835dc58d670b36a7b4af311d76ad5dbf873f305c4c51b8268ff04939ff4fa9
2025-10-09T08:00:00Z,BSV_USDT,OK,2025-10-09T07:30:00Z,2025-10-09T08:00:00Z,30,169,472.595,12081.99621,25.56522225161078724912451464784858070864059078069,f2c5ec3409a3026ffbb782cbc043d4931ba8ecec8de29ff4980197792d304c78
2025-10-09T08:00:00Z,BTC_USDT,OK,2025-10-09T07:30:00Z,2025-10-09T08:00:00Z,30,6197,221.114915,26949914.5532868,121881.93887005225314628820945886893247341546362895,49283edd3afa4073164439092191c739d5ab39cf085db495977bb99ce59632cf
2025-10-09T08:00:00Z,BCH_USDT,OK,2025-10-09T07:30:00Z,2025-10-09T08:00:00Z,30,217,260.117,150522.25204,578.67133651395333638324292529900006535520554212143,d71ac4820d426d371b8945b6a0fe0315f59f914b784fcc1a8a066b9e3f2fdb6f
2025-10-09T08:00:00Z,LTC_USDT,OK,2025-10-09T07:30:00Z,2025-10-09T08:00:00Z,30,214,869.002,102158.13119,117.55799318068312846230503497115081438247552940039,21da0c67dca75334f2b132998e42025b5f287866f044a7ca5ed4afca03db4d32
2025-10-09T08:00:00Z,DOGE_USDT,OK,2025-10-09T07:30:00Z,2025-10-09T08:00:00Z,30,1579,5330039.55,1318054.4515243,0.2472879308230086210148290550677058296875114181845,8da4efdc684eac824ab951d21852fcfee749386e1db270db9b556e9824d3f65d
2025-10-09T08:00:00Z,ETC_USDT,OK,2025-10-09T07:30:00Z,2025-10-09T08:00:00Z,30,178,733.186,14010.218129,19.108682011113141822129718788956690389614640759644,949044871ade4d26848a1d9def994a15c971870af49cd8992ce619f1f6724919
2025-10-10T08:00:00Z,BSV_USDT,OK,2025-10-10T07:30:00Z,2025-10-10T08:00:00Z,30,58,94.717,2383.08356,25.160040541824593262033214734419375613670196480041,8bb3a68315cbc6e4dfd6c58122e0c3a2851242df06aed396cf13d84801f2e911
2025-10-10T08:00:00Z,BTC_USDT,OK,2025-10-10T07:30:00Z,2025-10-10T08:00:00Z,30,9984,406.385898,49220563.9053902,121117.79505053150244893586341915830947460681817261,62e507ec79e5d2726c9f19dbd6b5867b218019d2b5fc54ec758bc9c54de4ea03
2025-10-10T08:00:00Z,BCH_USDT,OK,2025-10-10T07:30:00Z,2025-10-10T08:00:00Z,30,169,46.761,27468.59526,587.42531725155578366587540899467504972092128055431,5cf4aeddade769797c03e42dc108eace9b5765a37c9c8a001d6c4e34581fb6d8
2025-10-10T08:00:00Z,LTC_USDT,OK,2025-10-10T07:30:00Z,2025-10-10T08:00:00Z,30,708,4343.5503,558435.489917,128.56659905999016518814113882829905296595736441685,aa62432f3937edc3784263b7b9334de95c2ac832b526aebd8c0ef7ba47ff29cd
2025-10-10T08:00:00Z,DOGE_USDT,OK,2025-10-10T07:30:00Z,2025-10-10T08:00:00Z,30,1157,2584534.81,640663.0235851,0.24788330228955206062788529437527676402238126558644,6ea73c09f1bbc3563c5ec6124d7bc8dd386e5a058c01caa726a9c3fa888757b5
2025-10-10T08:00:00Z,ETC_USDT,OK,2025-10-10T07:30:00Z,2025-10-10T08:00:00Z,30,697,9308.181,186107.764324,19.993999292020642916161600209536105926603704848455,4f9460bbc7f451e914a6dda5b34053637c408a0c827efa37545d65c802e7c603
2025-10-11T08:00:00Z,BSV_USDT,OK,2025-10-11T07:30:00Z,2025-10-11T08:00:00Z,30,214,1059.897,21791.5857,20.560097537779614434232760353128653067232004619317,f0e4d86bfa3a66094d8f4a879968cfb1d7210362ff6b47060147bfc1e2fc8d81
2025-10-11T08:00:00Z,BTC_USDT,OK,2025-10-11T07:30:00Z,2025-10-11T08:00:00Z,30,20460,1101.78425,121854121.8506747,110597.08091731634392123503308383651336457205664358,2ca3a56b973de22a0343ce8c5c9b9ba27ca01c38e72a63e48c4ffae6b53673c7
2025-10-11T08:00:00Z,BCH_USDT,OK,2025-10-11T07:30:00Z,2025-10-11T08:00:00Z,30,513,87.306,46159.7912,528.71270244885803953909238769385838315808764575172,d2f9f0da9edd33011668d4ecaa1679d5a0f15eb994fba5db5537a8b85beee97f
2025-10-11T08:00:00Z,LTC_USDT,OK,2025-10-11T07:30:00Z,2025-10-11T08:00:00Z,30,1889,7168.404,707421.88186,98.686106678697238604297414040838100084760847742398,319953a2221be579bc0725dce9a57d96adf714e81d00ce5b4403b40de438b30d
2025-10-11T08:00:00Z,DOGE_USDT,OK,2025-10-11T07:30:00Z,2025-10-11T08:00:00Z,30,5935,16507560.79,3159598.446832,0.19140310837116717351188988109732715998679051358502,7b136ac4ebc1278775c28bebb2a1b3e49af787f2b60eb8c00bc38a7ee513960e
2025-10-11T08:00:00Z,ETC_USDT,OK,2025-10-11T07:30:00Z,2025-10-11T08:00:00Z,30,1196,19212.526,286684.207367,14.92173425644290604993846202212036043568659321528,9f31587825966c7fa7ce3eb20b6c05007c275a539a1240069e476bfdb3ebf15e
2025-10-12T08:00:00Z,BSV_USDT,OK,2025-10-12T07:30:00Z,2025-10-12T08:00:00Z,30,59,296.546,6406.93065,21.605183175628738880308619910570366823359613685566,a57aa62b90dee86ff82ed5f172d102391bd287a18f96135a4da4d554d0b93fce
2025-10-12T08:00:00Z,BTC_USDT,OK,2025-10-12T07:30:00Z,2025-10-12T08:00:00Z,30,6963,233.400095,26041602.1667225,111574.94244688503661491654491400271280952135002344,445a86fd8fd6be7b1173956f50b9af4a4817900d21735616953e5dfd3c87d78e
2025-10-12T08:00:00Z,BCH_USDT,OK,2025-10-12T07:30:00Z,2025-10-12T08:00:00Z,30,192,110.051,57345.29105,521.0792364449209911768180207358406556959954929987,5215aacc54161d0fd2c861ab1afa8876bea8e4cdcd2998835e57585c838a584f
2025-10-12T08:00:00Z,LTC_USDT,OK,2025-10-12T07:30:00Z,2025-10-12T08:00:00Z,30,541,2763.827,263663.93762,95.39813368202857848917461186970096174615849689579,4de00c26fb77b8ad5171d763822c9e227ccda3acd452a9690eeb31b5548c5434
2025-10-12T08:00:00Z,DOGE_USDT,OK,2025-10-12T07:30:00Z,2025-10-12T08:00:00Z,30,1603,4530384.43,859164.0090001,0.18964483528390106179135001132784663044588469945805,7c461655ebc5dae03f30142a925da34855d88cf7765c43eefff30e16c817826a
2025-10-12T08:00:00Z,ETC_USDT,OK,2025-10-12T07:30:00Z,2025-10-12T08:00:00Z,30,1224,8081.866,123197.361475,15.243677818340467411857608131587432902253019290347,dec6dd34a92bbe11db7b666904a8e31e7bd621ffbd8fd4bf9e803a81383c1e74
2025-10-13T08:00:00Z,BSV_USDT,OK,2025-10-13T07:30:00Z,2025-10-13T08:00:00Z,30,115,349.875,8100.0703,23.151326330832440157198999642729546266523758485173,b289af694cf27ad59d54e5eaf4daa5f6f2f8c1d6307de4cf0ca501321fbcecc7
2025-10-13T08:00:00Z,BTC_USDT,OK,2025-10-13T07:30:00Z,2025-10-13T08:00:00Z,30,11702,412.794908,47611172.4322437,115338.56525246600183353036903255599267227395159632,8f222d866bf0cede081fa5e4f6775ebce5decdcf58fdfff8edce02f953dc7c55
2025-10-13T08:00:00Z,BCH_USDT,OK,2025-10-13T07:30:00Z,2025-10-13T08:00:00Z,30,327,79.001,42960.83845,543.80119808610017594713990962139719750382906545487,59643e16bf7f5060e30a79225f49297f695da98a7a8a05851a33620c90b98a40
2025-10-13T08:00:00Z,LTC_USDT,OK,2025-10-13T07:30:00Z,2025-10-13T08:00:00Z,30,710,3133.9896,305400.332568,97.447781118354700347442122973222374445658658216351,7dc523643c69339e0cc7da90aebac6c8956a1e139a4b2a119a22b6c2f74fe982
2025-10-13T08:00:00Z,DOGE_USDT,OK,2025-10-13T07:30:00Z,2025-10-13T08:00:00Z,30,4113,11115859.06,2334756.6192943,0.21003834311788224490136707436806957860079237096768,e5541ca18f1b014592af3dbb9dc1a8ad471fbb9ddc37d98ae86ba66b563a0e31
2025-10-13T08:00:00Z,ETC_USDT,OK,2025-10-13T07:30:00Z,2025-10-13T08:00:00Z,30,478,7786.991,131647.283592,16.906053132975240372051283994035693633137626587728,c6cdf9f18e59cbe322c372914d17def450badf955d49b030ed22019e7c9bbf41
2025-10-14T08:00:00Z,BSV_USDT,OK,2025-10-14T07:30:00Z,2025-10-14T08:00:00Z,30,155,865.758,19074.70807,22.032378643916660313852138819392948144862652149908,962544c2fca68195f90301ea0e14177fd2d33e80c8a399eaf4ffc568b70a6b52
2025-10-14T08:00:00Z,BTC_USDT,OK,2025-10-14T07:30:00Z,2025-10-14T08:00:00Z,30,8816,105.662107,11803862.6065777,111713.29951406041902987984140804612196499166915155,3834c071390ca9921cd27ae5a369069c05602d2c020126a3bbeebbad16322456
2025-10-14T08:00:00Z,BCH_USDT,OK,2025-10-14T07:30:00Z,2025-10-14T08:00:00Z,30,582,186.108,96110.93683,516.42560679820319384443441442603219635910331635395,4dbef4d91a9139f01d1215a168052e018de846502a0d4323990bc6f69bb273b6
2025-10-14T08:00:00Z,LTC_USDT,OK,2025-10-14T07:30:00Z,2025-10-14T08:00:00Z,30,1444,4752.016,443425.39681,93.313111069070474510186834387763004164969141518042,d8d2eea179a63e1e25f95d51fd0c517467fa8bf58d6904e9810fbc5e3780e060
2025-10-14T08:00:00Z,DOGE_USDT,OK,2025-10-14T07:30:00Z,2025-10-14T08:00:00Z,30,4327,6674997.1,1318344.7627109,0.19750491917230945313818937838939285831300211351403,169b0f4dee480851aa98a4ed097a20fa83884edcac3497e11188d00fbc538400
2025-10-14T08:00:00Z,ETC_USDT,OK,2025-10-14T07:30:00Z,2025-10-14T08:00:00Z,30,1361,9128.374,149442.954506,16.37125675459835453718263515495749845481791171133,a5cff321253440a90d4f0133576d6f75475cda1d3c111cb530b9358ae79e60fa
2025-10-15T08:00:00Z,BSV_USDT,OK,2025-10-15T07:30:00Z,2025-10-15T08:00:00Z,30,39,163.888,3753.97108,22.905710485209411305281655764912623254905789319535,c91ca02debb4b0265c213a54bfb233e0fe7593f5cb7d95ea50ae25140c5c3ec7
2025-10-15T08:00:00Z,BTC_USDT,OK,2025-10-15T07:30:00Z,2025-10-15T08:00:00Z,30,4639,249.085303,28010771.4017981,112454.53290272248619983813336429568467955734827117,f00559ae542136aa6f93bd880814ad9b5839f8430c7709affcb1f5245e5e3e47
2025-10-15T08:00:00Z,BCH_USDT,OK,2025-10-15T07:30:00Z,2025-10-15T08:00:00Z,30,210,46.036,24649.05916,535.43007993744026414110695977061430185072551915892,ea231184fc2d16b7f29f0593e8f30c6c380b28ce6cd4a55cd21c9d3f03a08bd5
2025-10-15T08:00:00Z,LTC_USDT,OK,2025-10-15T07:30:00Z,2025-10-15T08:00:00Z,30,181,299.373,29333.20996,97.982149225214030657407314620890995513957504517775,e9e47183f2636426960005eb5c9408d30eebee59b4a47307fbe948aa70549f57
2025-10-15T08:00:00Z,DOGE_USDT,OK,2025-10-15T07:30:00Z,2025-10-15T08:00:00Z,30,1053,3830359.01,781592.1776005,0.20405193757555900745711039759690828562829675853282,6f272e74cef4e927a13414ccd8bc90557003ca809e895389e14b9ebd2ef803d8
2025-10-15T08:00:00Z,ETC_USDT,OK,2025-10-15T07:30:00Z,2025-10-15T08:00:00Z,30,162,2470.984,41624.524251,16.845323260288209069747112891058784678492454827712,6287cb053eeabb9214fb4ef0fd7ba9867518af79cbd458a8e5891ef6d1909b77
2025-10-16T08:00:00Z,BSV_USDT,OK,2025-10-16T07:30:00Z,2025-10-16T08:00:00Z,30,40,193.442,4319.87414,22.331624673028608058229340060586635787471179991936,d90ae955a6854063ead74cd91363438d6647011b7ea7078955bfdbc1e645d855
2025-10-16T08:00:00Z,BTC_USDT,OK,2025-10-16T07:30:00Z,2025-10-16T08:00:00Z,30,8252,445.391442,49349460.1980729,110800.19853204296637563143837864760769247110949204,189746787582df88cd3e0299abc91ac8c534ec91fa968976ea33588bd46ea43b
2025-10-16T08:00:00Z,BCH_USDT,OK,2025-10-16T07:30:00Z,2025-10-16T08:00:00Z,30,215,54.864,28627.84549,521.79654217701953922426363371245261009040536599592,169e8223856ba1bded7a2a6aca735082af65233c8ba1164739cc94b611da772a
2025-10-16T08:00:00Z,LTC_USDT,OK,2025-10-16T07:30:00Z,2025-10-16T08:00:00Z,30,136,329.243,31228.30892,94.848816588355712953654291814860148886992282296055,92f41056ec976c2e0456b883984e56bfc3a37c3c6105f69f654739d8690f25da
2025-10-16T08:00:00Z,DOGE_USDT,OK,2025-10-16T07:30:00Z,2025-10-16T08:00:00Z,30,1436,6758469.72,1334179.1776613,0.19740847158242502268694043952896484975300000308354,bdb9a83a9f9a22506f00a855c09b42276bc2c6125b983ce2068a083b3e3d61b0
2025-10-16T08:00:00Z,ETC_USDT,OK,2025-10-16T07:30:00Z,2025-10-16T08:00:00Z,30,176,975.989,15980.095495,16.373233197300379410013842369125061860328343864531,e520e4dc8f254b3e690e7cfb46f99c3bc9a012fd0a9c30d0232f892a54e810cd
2025-10-17T08:00:00Z,BSV_USDT,OK,2025-10-17T07:30:00Z,2025-10-17T08:00:00Z,30,736,3523.529,72560.72581,20.593196709889431873556312435629166100236439092739,2525fd4595dc22ecb1f32c9e876976c1a05e341e2bb5de371b57311d90f8623e
2025-10-17T08:00:00Z,BTC_USDT,OK,2025-10-17T07:30:00Z,2025-10-17T08:00:00Z,30,18414,1330.75473,140897045.1009091,105877.54597040515497547771256090143673582884804024,56376e7f9394a58d21568ccd07b8229ef8505d17a6d3684c279278e58dc4fac7
2025-10-17T08:00:00Z,BCH_USDT,OK,2025-10-17T07:30:00Z,2025-10-17T08:00:00Z,30,704,1001.12,481414.86247,480.87628103524053060572159181716477545149432635448,133d3f4d59d97610b04a4ee8d18b69db1e6a844fc4ded633e0a15df66567280d
2025-10-17T08:00:00Z,LTC_USDT,OK,2025-10-17T07:30:00Z,2025-10-17T08:00:00Z,30,2448,12074.622,1039834.3253,86.117339764342105284952191464047487366478221844129,99de1733e06088a643897d92e7e536e6e158a25894a65f26b30fbac85000e718
2025-10-17T08:00:00Z,DOGE_USDT,OK,2025-10-17T07:30:00Z,2025-10-17T08:00:00Z,30,4001,12398532.01167,2225430.3968032153,0.17949144259244160235632787014637327672274619774708,54997f76666fe391a14396df16826ca75d2cd92548d07add8335a5a9731d19b8
2025-10-17T08:00:00Z,ETC_USDT,OK,2025-10-17T07:30:00Z,2025-10-17T08:00:00Z,30,1477,26137.872,392518.78633,15.017243420964032573118423718656208891068102254078,91f5f6167e337f903f299d3d59bda68d40a5beb02f54f6465a271109c02b3573
2025-10-18T08:00:00Z,BSV_USDT,OK,2025-10-18T07:30:00Z,2025-10-18T08:00:00Z,30,170,941.687,20747.24542,22.031997277226934214871820466885493799956885886712,77af7524e5e204e0a16ab752eba4cc5b9abe7aeb49c76ab76e56a77281dd0a08
2025-10-18T08:00:00Z,BTC_USDT,OK,2025-10-18T07:30:00Z,2025-10-18T08:00:00Z,30,6332,298.01316,31897673.3557128,107034.4455785536450806400630092979786530232423293,507619ac47fc9421744216d1057dee60312a4690f43202c6c422ecb2064070c9
2025-10-18T08:00:00Z,BCH_USDT,OK,2025-10-18T07:30:00Z,2025-10-18T08:00:00Z,30,111,55.046,26160.99106,475.25689532391091087454129273698361370490135523017,7debb8bfa0527436cdcbc2ca488301395a34b810ef9c296a817df02376615b6f
2025-10-18T08:00:00Z,LTC_USDT,OK,2025-10-18T07:30:00Z,2025-10-18T08:00:00Z,30,230,409.881,37450.74492,91.369799819947740929684469394775556807951576189187,9e37ac3aec1001aa1e8a9761230c7c9ac312c11618e98b9f0536993dcb8af220
2025-10-18T08:00:00Z,DOGE_USDT,OK,2025-10-18T07:30:00Z,2025-10-18T08:00:00Z,30,1268,3894894.4,734294.7667221,0.18852751610469849965637065795673433405537259238659,a6a44f014be188cc51c6ea9bb516409402ed80054bafde3b281b65582b81b6ad
2025-10-18T08:00:00Z,ETC_USDT,OK,2025-10-18T07:30:00Z,2025-10-18T08:00:00Z,30,138,1734.42,26976.954815,15.553876693649750348819778369714371374868832232101,16a88034d4f3a6dfc0cf2dda4a2d9edf73d2bf46a936d9ab158c07ac7301dd0b
2025-10-19T08:00:00Z,BSV_USDT,OK,2025-10-19T07:30:00Z,2025-10-19T08:00:00Z,30,7,16.229,347.08728,21.386855628812619385051451106044734734117937026311,99f2f3534d3c158b7e1cd6204b1fd64a014cb7db41bc2c3ca40534565cec5b94
2025-10-19T08:00:00Z,BTC_USDT,OK,2025-10-19T07:30:00Z,2025-10-19T08:00:00Z,30,1671,83.603149,8928151.7693598,106792.05121041313886394398852129361777987573171436,bbce95287470bd8d5883c5e6a2b83819cbd95ddfb09256871438ff029e10829b
2025-10-19T08:00:00Z,BCH_USDT,OK,2025-10-19T07:30:00Z,2025-10-19T08:00:00Z,30,57,11.194,5159.33305,460.90164820439521172056458817223512596033589422905,823b1b34af6501618942ea86823c4bb89cb73a51be8dbde3b707ea55f3e3fcac
2025-10-19T08:00:00Z,LTC_USDT,OK,2025-10-19T07:30:00Z,2025-10-19T08:00:00Z,30,156,450.747,41378.73974,91.800366369604234748095938519834851923584627296466,431793646afab8e8e57861d55e77f39f8f82d1132d5d899758722e46089b45a1
2025-10-19T08:00:00Z,DOGE_USDT,OK,2025-10-19T07:30:00Z,2025-10-19T08:00:00Z,30,765,3468556.1,654019.8458534,0.18855680202300894023308430848213756727186854495448,1d5fa0b0decd04defabf34a5ac2eae478eca062d06c831ea28042ebeb82ab785
2025-10-19T08:00:00Z,ETC_USDT,OK,2025-10-19T07:30:00Z,2025-10-19T08:00:00Z,30,181,2015.61,30852.837551,15.306948046000962487782854818144383089982685142463,546f1996362de279e899292191e2ffc7e7c3f363f057f39ffe400f8547d7c9d0
2025-10-20T08:00:00Z,BSV_USDT,OK,2025-10-20T07:30:00Z,2025-10-20T08:00:00Z,30,41,258.723,5716.70692,22.095858968858586209962005697212849263498026847246,a53b6dd6b08fe0fdb64ead30b2f9fd8034ae1f31f9d40007e49467c48702573e
2025-10-20T08:00:00Z,BTC_USDT,OK,2025-10-20T07:30:00Z,2025-10-20T08:00:00Z,30,4741,299.655725,33326085.2104856,111214.57869855681882934157189888496206771954715699,084fd3e16fe08a15a8a45ef3565a2f3c2f50f7571f2cb4da644d7d5aad4a1182
2025-10-20T08:00:00Z,BCH_USDT,OK,2025-10-20T07:30:00Z,2025-10-20T08:00:00Z,30,163,64.934,31282.03661,481.75126451473804170388394369667662549665814519358,8d31bd6cdb624b760919e091790ce03affc70b27826cd99aca9b85c6006bc9c2
2025-10-20T08:00:00Z,LTC_USDT,OK,2025-10-20T07:30:00Z,2025-10-20T08:00:00Z,30,258,350.861,33370.1282,95.109254662102656037576134138590495951388156563425,bacbf8ce8121ab9b66de4a210b46ccd4297acdeda3910405c412cdb4d520acb2
2025-10-20T08:00:00Z,DOGE_USDT,OK,2025-10-20T07:30:00Z,2025-10-20T08:00:00Z,30,1221,5326005.54,1072733.7776993,0.20141431878782837315636738898322663028998651773839,5ecf8b9641dd786cedf18dc177752c15d23809a5b5ac2e1e213cfae40fafe564
2025-10-20T08:00:00Z,ETC_USDT,OK,2025-10-20T07:30:00Z,2025-10-20T08:00:00Z,30,317,1992.999,32131.315187,16.122092979976407414153243428621890929197656396215,e0bb983cb44a03c355f9197a80cf537c9be070aa3583377ae45d2e15dddff320
2025-10-21T08:00:00Z,BSV_USDT,OK,2025-10-21T07:30:00Z,2025-10-21T08:00:00Z,30,121,378.194,8019.91259,21.205816565043337546338651591511234974642643722534,7cb3c6d7574f9bcb1ead75f817e88e1e3dd44f098cedf9ea082127407af19aba
2025-10-21T08:00:00Z,BTC_USDT,OK,2025-10-21T07:30:00Z,2025-10-21T08:00:00Z,30,5225,266.857643,28842773.1566449,108082.99448498426556214468251149171695262256363405,3032383726648f39910ed27f2ad1f27d78a141bef077eab89b49d94097e9ad8b
2025-10-21T08:00:00Z,BCH_USDT,OK,2025-10-21T07:30:00Z,2025-10-21T08:00:00Z,30,176,26.507,12431.03554,468.97180141094805145810540611913834081563360621723,da0ea47be7a9ee451eb0c931454014f0fb88b842a46ab7f9051adc545a408de5
2025-10-21T08:00:00Z,LTC_USDT,OK,2025-10-21T07:30:00Z,2025-10-21T08:00:00Z,30,286,766.654,71371.33924,93.094589267127022098625977298755370740907893260845,a07585367faa5595c03d336a71810214650c5bac4403a12e2a4453997699045e
2025-10-21T08:00:00Z,DOGE_USDT,OK,2025-10-21T07:30:00Z,2025-10-21T08:00:00Z,30,807,3959762.7,769032.2926174,0.19421171188298733153883185979806315161259537092968,295ad33aba82e96973bda63db00a9efb9d935c50c19f3033efaccca3f29c0e36
2025-10-21T08:00:00Z,ETC_USDT,OK,2025-10-21T07:30:00Z,2025-10-21T08:00:00Z,30,43,251.852,3947.485861,15.673831698775471308546289090418182106951701793117,e2d0f7c7430c327b966b2252d3c5edb25074ecb6125ce0e1d432da00d427ff0e
2025-10-22T08:00:00Z,BSV_USDT,OK,2025-10-22T07:30:00Z,2025-10-22T08:00:00Z,30,27,292.116,6212.18004,21.26614098508811568007230004518752824220515137822,504fb3d26f512717696783bc5b8b2540a051c9e79c8e9403f3e437bb8b2532ba
2025-10-22T08:00:00Z,BTC_USDT,OK,2025-10-22T07:30:00Z,2025-10-22T08:00:00Z,30,5263,290.747896,31445068.3782514,108152.35057883755072814009288651911689156299174045,1910abaf8aec4f017ea00dcbb42278ffcaf9f17914ffda21e105ea78cf1b4928
2025-10-22T08:00:00Z,BCH_USDT,OK,2025-10-22T07:30:00Z,2025-10-22T08:00:00Z,30,186,49.156,23508.69336,478.24667100659126047684921474489380747009520709578,ede7d4c7ab48c3bc604b2b36c7fde6ccfa2f6cf62bc207433ce7a3fff8dbe9b9
2025-10-22T08:00:00Z,LTC_USDT,OK,2025-10-22T07:30:00Z,2025-10-22T08:00:00Z,30,264,603.534,56191.76606,93.104557589133337972674281813452100461614424373772,d7def237292c13b4c3b1a464d156c3f4f2b5949fff4e0eaacee369f135d9fafa
2025-10-22T08:00:00Z,DOGE_USDT,OK,2025-10-22T07:30:00Z,2025-10-22T08:00:00Z,30,1047,3782558.65,724913.6605207,0.19164637685676070085522665986950394014379658065579,909d7ca15a1aa8bef8a9684b345d103e49509fdf8167d999466a4f3e8186f7ed
2025-10-22T08:00:00Z,ETC_USDT,OK,2025-10-22T07:30:00Z,2025-10-22T08:00:00Z,30,271,2939.756,45835.404399,15.591567599147684365641230088483534007584302914936,3adefc2acf5f59fd56e146652e30ebc39f116d32f6ff43588c1d65954597775d
2025-10-23T08:00:00Z,BSV_USDT,OK,2025-10-23T07:30:00Z,2025-10-23T08:00:00Z,30,7,74.108,1574.45136,21.245362983753440924056781993846818157283963944513,91475e0b124cc220d530810f0c4cf602c536f71ddec936bb05e4cd3071275a32
2025-10-23T08:00:00Z,BTC_USDT,OK,2025-10-23T07:30:00Z,2025-10-23T08:00:00Z,30,5983,286.389769,31336051.9449687,109417.49788893017334009581885587539965507636552478,0154d8c2f669ace0d65d3b75d387f62ffc14ae23cf3825d4eafe217e4ae8a1b8
2025-10-23T08:00:00Z,BCH_USDT,OK,2025-10-23T07:30:00Z,2025-10-23T08:00:00Z,30,105,34.176,16587.28336,485.34888108614232209737827715355805243445692883895,2e0fc3e7602d5b1affe996ad193c26981d1d695197b77ca47cbcc33c94510237
2025-10-23T08:00:00Z,LTC_USDT,OK,2025-10-23T07:30:00Z,2025-10-23T08:00:00Z,30,172,475.724,44410.15334,93.352770387871959371400223659096450883285266246815,d0c2473cb2d912658fbc7ec97fd75a62c9ffb62b5cbdc39bd4553b866fd1e434
2025-10-23T08:00:00Z,DOGE_USDT,OK,2025-10-23T07:30:00Z,2025-10-23T08:00:00Z,30,859,4415338.15,855801.4557453,0.19382466906760017916181572639006142711855489482725,ab7bcd63a185caead2371e52e7d0e9fea4dd53969abbfe725943d3162cf947eb
2025-10-23T08:00:00Z,ETC_USDT,OK,2025-10-23T07:30:00Z,2025-10-23T08:00:00Z,30,71,359.224,5636.434641,15.690584818943055029730752956372625437053203572144,6419f50d091e6d2f11083508e9c10ce1abc5272b8f3016ef9ca2b14981e39105
2025-10-24T08:00:00Z,BSV_USDT,OK,2025-10-24T07:30:00Z,2025-10-24T08:00:00Z,30,37,290.495,6236.48491,21.468475911805710941668531300022375600268507203222,3bef3f12e3e402b029b61a23ccac12ae579ad7324f20dd5572033d7010fd1b00
2025-10-24T08:00:00Z,BTC_USDT,OK,2025-10-24T07:30:00Z,2025-10-24T08:00:00Z,30,5878,269.362229,29901711.6732088,111009.29697611315801815702972965819940552986736682,56c333afbfbe589fa363d8a66b5ddd9f1ce8754a41098bbeabb20681958dd54c
2025-10-24T08:00:00Z,BCH_USDT,OK,2025-10-24T07:30:00Z,2025-10-24T08:00:00Z,30,206,120.742,59268.10445,490.86568426893707243544085736529128223816070629938,a8385e351f7ed2f45f5a5b54a25ad4b4bed555bd7f1e881a97f8e8fcaffa0211
2025-10-24T08:00:00Z,LTC_USDT,OK,2025-10-24T07:30:00Z,2025-10-24T08:00:00Z,30,191,619.045,59382.04497,95.925247712201859315558642748103934285875824859259,2237d1735d73df3f355bd10b06ae325de3702f41ece848e9ecd1ba9b33db2c14
2025-10-24T08:00:00Z,DOGE_USDT,OK,2025-10-24T07:30:00Z,2025-10-24T08:00:00Z,30,1133,3149262.51,619600.3701951,0.19674459281423954715035806907059011730336827335489,43de6d454730b4d999f038d3990a62292cd3567e4e8cf7f71a79fd20f658e79c
2025-10-24T08:00:00Z,ETC_USDT,OK,2025-10-24T07:30:00Z,2025-10-24T08:00:00Z,30,180,1523.886,24074.165355,15.797878158208684901626499620050318724629007681677,5083bf9caa09d0d9d7eed3fec1dd83719fbd4b650c42464af0c36c4f86c5faf5
2025-10-25T08:00:00Z,BSV_USDT,OK,2025-10-25T07:30:00Z,2025-10-25T08:00:00Z,30,90,268.149,5759.11427,21.477291617719998955804422168272117367582948286214,e7d85f2dcb86a07b35a2b24c7af4a8a13f3cc5b9fea867009e78931d871f129e
2025-10-25T08:00:00Z,BTC_USDT,OK,2025-10-25T07:30:00Z,2025-10-25T08:00:00Z,30,5103,246.889709,27543912.6231649,111563.63193398595645799072167888536820301408350722,19c620eb76f2518817567dbde53e56a7251072f81ea3fbe55f1909e4545493fa
2025-10-25T08:00:00Z,BCH_USDT,OK,2025-10-25T07:30:00Z,2025-10-25T08:00:00Z,30,187,148.427,75470.44825,508.4684609269203042573116750995438835252346271231,f9d5ce3f47a6664e2cfd1d4ad51846f60917b2bc5db35c2b8c24132253d20ae5
2025-10-25T08:00:00Z,LTC_USDT,OK,2025-10-25T07:30:00Z,2025-10-25T08:00:00Z,30,145,362.134,34985.58267,96.609494468898253132818238552579984204741891123175,5c03079bb1911728b3e425873ed98ce319e631140bebb0bbc5ba562cc13eddd2
2025-10-25T08:00:00Z,DOGE_USDT,OK,2025-10-25T07:30:00Z,2025-10-25T08:00:00Z,30,1082,4197711.43,831309.6363107,0.19803877664613548721237371955318043384416255597636,e30749dbbf8a9ef0666cf80efced743850674cf5246f9926d8e4c9b96051b105
2025-10-25T08:00:00Z,ETC_USDT,OK,2025-10-25T07:30:00Z,2025-10-25T08:00:00Z,30,195,1123.003,17836.574969,15.882927266445414660512928282471195535541757234843,1a7268c17cefde7f3ad23903c16ac973cf2526d70800ca946a9fb8e6c9964ca3
2025-10-26T08:00:00Z,BSV_USDT,OK,2025-10-26T07:30:00Z,2025-10-26T08:00:00Z,30,98,504.156,10977.64023,21.774292540404160616951895841763263751695903648871,e83af15d0be1892da1f3a580d3490d8d470b04db810906f4d96b1443f13fb8f0
2025-10-26T08:00:00Z,BTC_USDT,OK,2025-10-26T07:30:00Z,2025-10-26T08:00:00Z,30,1372,68.930909,7699251.8603854,111695.20280641301277486417595334481952065944756365,8cc669a51116c6c5b9c6e79c13e01259d85e17675c1aea6ee3ba93f580abab44
2025-10-26T08:00:00Z,BCH_USDT,OK,2025-10-26T07:30:00Z,2025-10-26T08:00:00Z,30,330,311.849,161416.97224,517.61260173994465270050569346061715766284323502721,948ad2f16b6450905a8a7dcf104f55076168d8e659e9f091c36b63628173f079
2025-10-26T08:00:00Z,LTC_USDT,OK,2025-10-26T07:30:00Z,2025-10-26T08:00:00Z,30,124,375.992,36663.34867,97.51098073895189259345943530713419434456052256431,3aa463b4c79d0e8260daa0e80f50d57f59ec8b46455684c10b1c6b1b6b09952d
2025-10-26T08:00:00Z,DOGE_USDT,OK,2025-10-26T07:30:00Z,2025-10-26T08:00:00Z,30,740,3206065.49,629995.0301809,0.19650098606716233984353201718284301173149148615801,4d5c0b281da75ae5477a5d648fe8b0527f0c434e0be10a2b4e2615eb156838c4
2025-10-26T08:00:00Z,ETC_USDT,OK,2025-10-26T07:30:00Z,2025-10-26T08:00:00Z,30,30,172.15,2750.678176,15.978380342724368283473714783618936973569561428986,a835542dc950f615a91ef8b62131f378208027c6e4fb6562328d8cf35eb76f2f
2025-10-27T08:00:00Z,BSV_USDT,OK,2025-10-27T07:30:00Z,2025-10-27T08:00:00Z,30,30,100.372,2324.36769,23.157530885107400470250667516837365002191846331646,8d7fb699e2c2e6fb79a56de13007947a7fdda701e7878063cd8665216603ef3b
2025-10-27T08:00:00Z,BTC_USDT,OK,2025-10-27T07:30:00Z,2025-10-27T08:00:00Z,30,8672,393.036692,45461104.0124342,115666.3103922984371138560264495611010281961155932,d6c3e736f9d5efec5c9a43109c66667c6eb2a037f60fc821607d26f7dd30538b
2025-10-27T08:00:00Z,BCH_USDT,OK,2025-10-27T07:30:00Z,2025-10-27T08:00:00Z,30,368,503.953,281892.24017,559.36216307869979938605385819709377660218314009441,55aab5dd6069479bf4326ba6b36e14d4b337d92aa69493bdc4519bead77ba714
2025-10-27T08:00:00Z,LTC_USDT,OK,2025-10-27T07:30:00Z,2025-10-27T08:00:00Z,30,707,1884.183,187995.70587,99.775714922595098246826343301048783478037961280831,5bf04ee3f094186ab22f45554abe8ec0a3d908e1a0bd95a141622ad122f3da4e
2025-10-27T08:00:00Z,DOGE_USDT,OK,2025-10-27T07:30:00Z,2025-10-27T08:00:00Z,30,1698,3973811.37,819277.6778737,0.20616924196724013097783249837548277989853353305998,51d84e3d27c888ae308ffd3a53dc11cfaa7b315044446da05a058a1d1f3b406c
2025-10-27T08:00:00Z,ETC_USDT,OK,2025-10-27T07:30:00Z,2025-10-27T08:00:00Z,30,251,4830.086,80872.889875,16.743571413635285168835503135969007591169184151172,d5c0dfe1b5592083374a7df2aee7fee35fe0d1f446207db051f4f307d0765413
2025-10-28T08:00:00Z,BSV_USDT,OK,2025-10-28T07:30:00Z,2025-10-28T08:00:00Z,30,79,768.167,17331.03446,22.561545158800104664740870149329507776303850594988,2f5612673085939d88bc95e2bb21ba45401cabf3201672f8d5c97579ae06188c
2025-10-28T08:00:00Z,BTC_USDT,OK,2025-10-28T07:30:00Z,2025-10-28T08:00:00Z,30,3766,199.476615,22783001.9042574,114213.89872821633753911454733678932741063407357298,917ea6c2465f07b8c25ddba3c5cc3525569a0902bcdedb981e60b85efc533654
2025-10-28T08:00:00Z,BCH_USDT,OK,2025-10-28T07:30:00Z,2025-10-28T08:00:00Z,30,191,126.47,70334.69361,556.13737336917846129516881473867320313117735431328,f6764514098861e30c25a446eeb1918f4d460cbcff51d8ca8dd2ea61110708c1
2025-10-28T08:00:00Z,LTC_USDT,OK,2025-10-28T07:30:00Z,2025-10-28T08:00:00Z,30,762,3182.573,328469.28816,103.20872079289304597255114022522028559910487520632,faf1e7db32b061630261e4467fb6fc00c3570e5fd5ae78bc2c54df4b00bbe75b
2025-10-28T08:00:00Z,DOGE_USDT,OK,2025-10-28T07:30:00Z,2025-10-28T08:00:00Z,30,871,1892909.5,379677.4457457,0.20057876287572121118310199193358161074261606273306,7125edf0695a0d4b9f18df4642066f4f68dcc32c50a25591b907cd48eae485e2
2025-10-28T08:00:00Z,ETC_USDT,OK,2025-10-28T07:30:00Z,2025-10-28T08:00:00Z,30,107,444.34,7324.096456,16.483090552279785749651168024485754152225773056668,62b7dce407e379f156f842eccbf1d0d88a591b8c900472c8393de1fcb6028c90
2025-10-29T08:00:00Z,BSV_USDT,OK,2025-10-29T07:30:00Z,2025-10-29T08:00:00Z,30,23,59.71,1341.16078,22.461242337966839725339139172667894824987439289901,f001a31e5a6f681c24287066778f3f61c6ae93b4f291a16693580b6c603038bd
2025-10-29T08:00:00Z,BTC_USDT,OK,2025-10-29T07:30:00Z,2025-10-29T08:00:00Z,30,9787,414.747805,47015850.173943,113360.09403098106812162634591881685787342503235189,7bdc18c4ce41697a18def89c47d6bbcb9861d69c1c32f7f80fb12b54d994ec9d
2025-10-29T08:00:00Z,BCH_USDT,OK,2025-10-29T07:30:00Z,2025-10-29T08:00:00Z,30,123,38.609,21615.19773,559.84868113652257245719909865575383977829003600197,87e1b23f9d6911c2f05357a6e7f80118edb0f3487a4048c2230dd661abd9154c
2025-10-29T08:00:00Z,LTC_USDT,OK,2025-10-29T07:30:00Z,2025-10-29T08:00:00Z,30,635,1381.689,135812.50646,98.294555764719846506703027960706063376056406325881,6f8a13351d633012cb8bd1866634795b13664f7075833753aba05677f4aec718
2025-10-29T08:00:00Z,DOGE_USDT,OK,2025-10-29T07:30:00Z,2025-10-29T08:00:00Z,30,602,2903148.71,563727.803654,0.19417806663234967388218979660879996739815646577746,263e9b23e96e5a8c1f07684f38398bc8a89d13d81e4807d367b2295b2df76f89
2025-10-29T08:00:00Z,ETC_USDT,OK,2025-10-29T07:30:00Z,2025-10-29T08:00:00Z,30,133,1218.37,19508.11718,16.011652601426496056206242766975549299473887242792,967ff08707ff26c97bb232716b2743593db2e484810f4fdc19daeee2d230e28d
2025-10-30T08:00:00Z,BSV_USDT,OK,2025-10-30T07:30:00Z,2025-10-30T08:00:00Z,30,121,406.992,9099.71865,22.358470559617879466918268663757518575303691473051,acf0e03b7ca2a94bb273fc1974989cb3f3dd69c732d8aa9d62739105a2094c5f
2025-10-30T08:00:00Z,BTC_USDT,OK,2025-10-30T07:30:00Z,2025-10-30T08:00:00Z,30,3205,151.935317,16909778.8548321,111295.90663132061652262192601342319903146679188487,e4694659febe678f81ac763c020ddc75766034cf5ab87678333be711d0fd702e
2025-10-30T08:00:00Z,BCH_USDT,OK,2025-10-30T07:30:00Z,2025-10-30T08:00:00Z,30,169,99.015,56736.49665,573.00910619603090440842296621723981214967429177397,5b155719c6a01dea326c922d56f702eadf1c91f7981dad5115e4427c2b36d93e
2025-10-30T08:00:00Z,LTC_USDT,OK,2025-10-30T07:30:00Z,2025-10-30T08:00:00Z,30,444,1404.105,138692.71058,98.776594756090178441071002524739958906207156872171,d15132345041937d41d74c0ae9d3a9999bbfd5dd19c7f7c6977aea87bcc1c558
2025-10-30T08:00:00Z,DOGE_USDT,OK,2025-10-30T07:30:00Z,2025-10-30T08:00:00Z,30,897,2642191.62,509508.5491775,0.19283557835880957036719388278129502204688697029476,61e70e41b67d31ec797d74732d6100382eeed15e84a0b5d58545ce037669c216
2025-10-30T08:00:00Z,ETC_USDT,OK,2025-10-30T07:30:00Z,2025-10-30T08:00:00Z,30,47,535.244,8566.946083,16.005683544327446921404069919513343447100761521848,8d39aed6fe43bce0a369984162134127e9fd5b2d5abfd59111055bb5f8f0abf1
2025-10-31T08:00:00Z,BSV_USDT,OK,2025-10-31T07:30:00Z,2025-10-31T08:00:00Z,30,245,351.777,7648.76963,21.7432340090455032591670291121932360557967121216,55ec3e296f6d80b96872cbb3c04da0fa8a3e9bbbce20487fff3cf208e854487d
2025-10-31T08:00:00Z,BTC_USDT,OK,2025-10-31T07:30:00Z,2025-10-31T08:00:00Z,30,4914,235.730398,25812741.4809812,109501.11525702001317623873014459509799834979280016,4f9ac54ad546fd53cad166b224d760575fb1902af0101fcd4d373eabad9d6fef
2025-10-31T08:00:00Z,BCH_USDT,OK,2025-10-31T07:30:00Z,2025-10-31T08:00:00Z,30,244,122.367,67836.63706,554.37035360840749548489380306782057253998218473935,c6617b4f718ecd7091346ba8a50060a45a33c897f8c5f7441f2fa5851c3b21f5
2025-10-31T08:00:00Z,LTC_USDT,OK,2025-10-31T07:30:00Z,2025-10-31T08:00:00Z,30,221,277.996,26174.10781,94.152821659304450423747104274881652973424078044288,2b9bc20fa2cb83b4c01c97f8891bc15bf04c7d71a6bf7c073f9c808668ab4212
2025-10-31T08:00:00Z,DOGE_USDT,OK,2025-10-31T07:30:00Z,2025-10-31T08:00:00Z,30,1470,5162518.11,953046.8713972,0.18460891586048111703379574197755211361379611702708,adb0efd9627af5d526f4e8629166b042c29cd48bfa2ad3ab507143985a583ce9
2025-10-31T08:00:00Z,ETC_USDT,OK,2025-10-31T07:30:00Z,2025-10-31T08:00:00Z,30,174,580.233,9080.493514,15.649736423126571566939488102193429191376567689187,dc0c775fe30bfdc4c538a0014ad9e8133d9662cd0605e3a41aa876914a5ceee4
2025-11-01T08:00:00Z,BSV_USDT,OK,2025-11-01T07:30:00Z,2025-11-01T08:00:00Z,30,121,511.788,11468.10197,22.407914937435031692810304266610393366003110663009,f8d596d3556c8cf9671f1dda027b6f8c74021782887c9830bcd884769c071842
2025-11-01T08:00:00Z,BTC_USDT,OK,2025-11-01T07:30:00Z,2025-11-01T08:00:00Z,30,2271,112.852615,12429095.8253499,110135.64750227453745755027475437764556895735202946,d85312c2fab1d44abfaad5fcda2bb8eb567d3b7fc3bbe6005e6c373b569bee11
2025-11-01T08:00:00Z,BCH_USDT,OK,2025-11-01T07:30:00Z,2025-11-01T08:00:00Z,30,186,63.147,34564.72682,547.36926251445040936228166025306031957179280092483,3b014d10f1f99de5649a4686815e536972374a718f157c29926eaaf30d45ea41
2025-11-01T08:00:00Z,LTC_USDT,OK,2025-11-01T07:30:00Z,2025-11-01T08:00:00Z,30,1038,3869.045,381263.65498,98.54205753099279021050414249511184284493977195923,7e81158d0dc30055f719701d438e97937708afef7735953b0c4c815ba9aa5914
2025-11-01T08:00:00Z,DOGE_USDT,OK,2025-11-01T07:30:00Z,2025-11-01T08:00:00Z,30,568,3285578.75,614130.9189322,0.18691712044101819200042001732571468573078639493879,df501c3cf9dcc740c82356ae1a599d2b0251d6a3f3fe831433acef21ac0ca213
2025-11-01T08:00:00Z,ETC_USDT,OK,2025-11-01T07:30:00Z,2025-11-01T08:00:00Z,30,222,3949.18,63862.081063,16.170972470993978496801867729503339933859687327496,a11ce8977cd4e5f19b93822b65558ef9b81075f8f70c5cb719ebd8d2202d1d90
2025-11-02T08:00:00Z,BSV_USDT,OK,2025-11-02T07:30:00Z,2025-11-02T08:00:00Z,30,47,49.473,1122.07607,22.680574656883552644877003618135144422210094394922,6fd750436872844098c8b2702619c62531cabbd95ed9243e656a4504ac05b315
2025-11-02T08:00:00Z,BTC_USDT,OK,2025-11-02T07:30:00Z,2025-11-02T08:00:00Z,30,5185,207.442963,22987397.8139516,110813.10005175543120255180697549137880372447244692,4616b6228022350334aabb23ba3809a679ccc5d179b2b4cec3f4911056a38940
2025-11-02T08:00:00Z,BCH_USDT,OK,2025-11-02T07:30:00Z,2025-11-02T08:00:00Z,30,124,53.69,29586.23524,551.05671894207487427826410877258334885453529521326,0c90dc9eca12cae2c1d795012211363190a8be8bfaefb0277e52fe3edea26262
2025-11-02T08:00:00Z,LTC_USDT,OK,2025-11-02T07:30:00Z,2025-11-02T08:00:00Z,30,123,142.964,14382.88398,100.60493536834447833020900366525838672672840715145,88dabf70ced66760c47469b484eb49878e2199dd05956add12f10510e84227f8
2025-11-02T08:00:00Z,DOGE_USDT,OK,2025-11-02T07:30:00Z,2025-11-02T08:00:00Z,30,915,3349111.8,630215.8849331,0.18817403615283909005366736338870502919609909708001,bebe7409b49a7357815d033859b51e2eb1dd5657ef4a193889191674c5186294
2025-11-02T08:00:00Z,ETC_USDT,OK,2025-11-02T07:30:00Z,2025-11-02T08:00:00Z,30,212,6001.886,99148.81259,16.519609434434442773488200209067616412574314140588,9a797230cbaa63d8774ae9f61f98c4047623e0897c338b59459ce08a3589b842
2025-11-03T08:00:00Z,BSV_USDT,OK,2025-11-03T07:30:00Z,2025-11-03T08:00:00Z,30,121,441.901,9488.69734,21.472450480990086014740858246530331454330268544312,f1e0d60225ab28404273b7ce80f948ca71b7700ca20223b74ba16bbadff745ef
2025-11-03T08:00:00Z,BTC_USDT,OK,2025-11-03T07:30:00Z,2025-11-03T08:00:00Z,30,7205,347.971894,37430541.7061562,107567.71552979563343699247158162722188131665599406,f9f8781654d67b17b3a951a97800b9a6cffa6c2197be903bfb56593f3fa54def
2025-11-03T08:00:00Z,BCH_USDT,OK,2025-11-03T07:30:00Z,2025-11-03T08:00:00Z,30,228,131.755,69308.70398,526.04230564304959963568745019164358088877082463664,ea3b9e6b311068119c9c1fda55d71818856b98161c3e30bb93369629aa55099d
2025-11-03T08:00:00Z,LTC_USDT,OK,2025-11-03T07:30:00Z,2025-11-03T08:00:00Z,30,333,588.47,54944.40738,93.368238618791102350162285248185973796455214369467,369e00926cd7613b88e74a6b27960dd4f11e05ebf3d0e81df26086e70154642e
2025-11-03T08:00:00Z,DOGE_USDT,OK,2025-11-03T07:30:00Z,2025-11-03T08:00:00Z,30,954,3536927.63,614748.1908881,0.17380852966112286555323157686435331446122916572087,d557d4c7c1a0be615ce353219b9bb1c7a7c16e7d0722d142b9d09209f81360bf
2025-11-03T08:00:00Z,ETC_USDT,OK,2025-11-03T07:30:00Z,2025-11-03T08:00:00Z,30,308,4274.719,65893.221822,15.414632358758552316538233273344984781455810311742,5db819b5da6315ba6b5cb030594dd332d637129a6ad095ba5adeb9c2462e0d16
2025-11-04T08:00:00Z,BSV_USDT,OK,2025-11-04T07:30:00Z,2025-11-04T08:00:00Z,30,235,640.187,13724.64474,21.438493346475326740468019500552182409202311199696,95f42f562576bd0a54fba1685bbf74d84b59761082db1cc3e0ad6bba64a566ba
2025-11-04T08:00:00Z,BTC_USDT,OK,2025-11-04T07:30:00Z,2025-11-04T08:00:00Z,30,7129,328.730541,34356855.1105369,104513.73032156723156428596027528820329474650181651,9e7f8efcdd55d845e60dc369af7ce739353379493490fc1b8c0820b813edef6b
2025-11-04T08:00:00Z,BCH_USDT,OK,2025-11-04T07:30:00Z,2025-11-04T08:00:00Z,30,1037,1346.587,666126.94884,494.67798875230490120578915435838902350906402631245,2ac23e67787335e06022eedf5432ad23d75870ec323b9247190c1a86176906f4
2025-11-04T08:00:00Z,LTC_USDT,OK,2025-11-04T07:30:00Z,2025-11-04T08:00:00Z,30,421,1227.71,105662.78334,86.064936621840662697216769432520709288024044766272,2cb4d5517c98287ba91d42eb05eaa9b636698be4fca4da5f255d66e372993479
2025-11-04T08:00:00Z,DOGE_USDT,OK,2025-11-04T07:30:00Z,2025-11-04T08:00:00Z,30,1715,4391968.63,711105.7621918,0.1619104829971884384793522534790964570254683262617,d3058c0952478ca46b55c9c221345e5ed6a981990ca879dc661ddd2f5a987678
2025-11-04T08:00:00Z,ETC_USDT,OK,2025-11-04T07:30:00Z,2025-11-04T08:00:00Z,30,261,6588.949,96257.179366,14.608882139776768647017908318913987648105942237525,812362cf2849e1a3015eaec85ada932c1d755a09f8ecdda8e23b62ec0e6aea29
2025-11-05T08:00:00Z,BSV_USDT,OK,2025-11-05T07:30:00Z,2025-11-05T08:00:00Z,30,55,179.702,3756.67062,20.905001725078184995158651545336167655340508174645,6f4cd9f0f9fa67359eb75558d13a804765d9ce251d5dfb07d732d84750cd3be3
2025-11-05T08:00:00Z,BTC_USDT,OK,2025-11-05T07:30:00Z,2025-11-05T08:00:00Z,30,5513,256.864455,26182095.60595,101929.61733825725322719330706928679563702186820672,09741ee346c2986e430d38d4f5d72780a1500d009522456e1b6caa63ef7bf83d
2025-11-05T08:00:00Z,BCH_USDT,OK,2025-11-05T07:30:00Z,2025-11-05T08:00:00Z,30,176,43.278,20961.6396,484.34862054623596284486344100928878413974767780397,97f897200523dfe067e2ebe52f412dd04f32a8e20b8777c901f11554e2ed797d
2025-11-05T08:00:00Z,LTC_USDT,OK,2025-11-05T07:30:00Z,2025-11-05T08:00:00Z,30,226,606.064,52777.41307,87.082243904934132368858734391087409910504501174793,126a6631f9afd039e8d712bd44198eb541384f7cd83ae1dab731f1572ba96aab
2025-11-05T08:00:00Z,DOGE_USDT,OK,2025-11-05T07:30:00Z,2025-11-05T08:00:00Z,30,777,2550910.45,420821.2675011,0.1649690476202722051650225510660321298225110175859,905099a9a5c676c64b9afb3ef5b14add686225602cf33b4caa079da12b3d49d1
2025-11-05T08:00:00Z,ETC_USDT,OK,2025-11-05T07:30:00Z,2025-11-05T08:00:00Z,30,146,1649.59,23736.188697,14.389144391636709727871774198437187422329184827745,787437c569fa8918a6f6d0ef5ecbfeaeeb8e2d48e4c5b691543d9ff403deac06
2025-11-06T08:00:00Z,BSV_USDT,OK,2025-11-06T07:30:00Z,2025-11-06T08:00:00Z,30,14,26.878,585.43379,21.781151499367512463724979537167944043455614257013,a1165417a7dc7d689f0b42121c513512d01d53351e1ed8abdc8043dc1241b3bb
2025-11-06T08:00:00Z,BTC_USDT,OK,2025-11-06T07:30:00Z,2025-11-06T08:00:00Z,30,8908,281.856266,29080880.1529812,103176.27692187336363847238365103438927981824608434,40625bb8b4645395334ceb5c83efa59811def46a8dc2b5d5a0610babb2dd4d0d
2025-11-06T08:00:00Z,BCH_USDT,OK,2025-11-06T07:30:00Z,2025-11-06T08:00:00Z,30,295,99.559,47773.71526,479.85330567804015709277915607830532648982010667042,effc14f38ffef6224ea050866081e93a6489e3c0886528994bb4bf32fa2bb799
2025-11-06T08:00:00Z,LTC_USDT,OK,2025-11-06T07:30:00Z,2025-11-06T08:00:00Z,30,209,383.388,33286.00521,86.820675686249960875144761964380731791292372218223,8ca6fe6d9c81426fd6ae20ed866b98a64e07fd7e5b78decc1468f01af5492fe0
2025-11-06T08:00:00Z,DOGE_USDT,OK,2025-11-06T07:30:00Z,2025-11-06T08:00:00Z,30,1156,4507895.17,736732.9551657,0.16343169647525321668028052214000353517537542914956,79a7c57f489144d8f66c2b71cbf568b12cad516b19a09d69e9c1ec0b3a12ea20
2025-11-06T08:00:00Z,ETC_USDT,OK,2025-11-06T07:30:00Z,2025-11-06T08:00:00Z,30,807,6008.904,86236.587595,14.351467022105861568099606850101116609617993564217,f60e30b0eed65d275fe5045f694a1d4afec3326e9272ee9be2821580cdb18ef7
2025-11-07T08:00:00Z,BSV_USDT,OK,2025-11-07T07:30:00Z,2025-11-07T08:00:00Z,30,493,1262.497,29455.20398,23.330910077410084934855290745245335236440165798414,17a42db9253db95ad3ec01dc0e3826088aa2c4871a8af5e6ad5c578143686dd8
2025-11-07T08:00:00Z,BTC_USDT,OK,2025-11-07T07:30:00Z,2025-11-07T08:00:00Z,30,4937,283.376186,28863853.3009255,101857.01808028956956884161042382015826834510363549,ed5bbd111cb33f6b86d661f0de82aeca6ea94bd8b0cd75220d9ffce710f8f245
2025-11-07T08:00:00Z,BCH_USDT,OK,2025-11-07T07:30:00Z,2025-11-07T08:00:00Z,30,296,250.285,121691.12279,486.21021151886848992148950196775675729668178276764,99557de037c650663ad9ec12130bc0873f3b5fc20c9cd89e7b2c9898f8026a34
2025-11-07T08:00:00Z,LTC_USDT,OK,2025-11-07T07:30:00Z,2025-11-07T08:00:00Z,30,456,1259.056,113551.04307,90.187444458387871548207545970949663875157260677841,7b9ce2a4a6cb697bbc5f6ff19edf444007fff6fc8dcbd60ab1cc89dfd65083ae
2025-11-07T08:00:00Z,DOGE_USDT,OK,2025-11-07T07:30:00Z,2025-11-07T08:00:00Z,30,1016,2423438.41,403342.4397382,0.16643395519104609718552740112755743604806527763171,4073b9415144344d47f00a352910bd2083260d696667f3d9173a1bf7ef3a0e96
2025-11-07T08:00:00Z,ETC_USDT,OK,2025-11-07T07:30:00Z,2025-11-07T08:00:00Z,30,2045,59531,935012.221834,15.706308004804219650266247837261258839932136197947,f81a7f848f2848c1789bb2175516b2cee5a07fd069dd9f31465eaeab4bdc8097
2025-11-08T08:00:00Z,BSV_USDT,OK,2025-11-08T07:30:00Z,2025-11-08T08:00:00Z,30,825,1171.626,28031.75243,23.925512433148462051883450862305889422051064076762,66943fc0fff78d9d0ab20ce5d19d14f98c101cd3c581c97c51fabeae48e4cb76
2025-11-08T08:00:00Z,BTC_USDT,OK,2025-11-08T07:30:00Z,2025-11-08T08:00:00Z,30,3517,170.613888,17440876.3596789,102224.24776861599918524803795573781191833574532924,c0f85c40e5a5521e259f2e32c591a4edd5e504a379770b211781553a1dc8b9a0
2025-11-08T08:00:00Z,BCH_USDT,OK,2025-11-08T07:30:00Z,2025-11-08T08:00:00Z,30,132,36.127,18150.92749,502.4200041520192653693913139756968472333711628422,a3f28790404dce0d7f12f355c26eb5baad9523223c0633e497999f1a039ad051
2025-11-08T08:00:00Z,LTC_USDT,OK,2025-11-08T07:30:00Z,2025-11-08T08:00:00Z,30,233,445.408,44537.3571,99.992270233134564264674186363962928371291041023062,ad5591b420f89c358fd6f628b4c5b392c59f4154b4a695e4111d0f79a562819e
2025-11-08T08:00:00Z,DOGE_USDT,OK,2025-11-08T07:30:00Z,2025-11-08T08:00:00Z,30,876,1326136.17,238393.4591456,0.17976544531290478262122961324552364784681199065704,f2f99fd884a8cfda43cb37efa4f863589e3adde4929f79059345c72cf3c7c10e
2025-11-08T08:00:00Z,ETC_USDT,OK,2025-11-08T07:30:00Z,2025-11-08T08:00:00Z,30,513,6391.916,107656.12576,16.842543888248844321483573939332118882663664541274,7a1ccff271a58f6c26634cc65fe14748bc14df2c13c6eef6758045388e6ede2f
2025-11-09T08:00:00Z,BSV_USDT,OK,2025-11-09T07:30:00Z,2025-11-09T08:00:00Z,30,65,315.349,7602.54196,24.108343327551379582621159413855759808973549939908,ce143164997a8ad9b2bada99c136425d42fce8c302bf801ee96366abb1868aa6
2025-11-09T08:00:00Z,BTC_USDT,OK,2025-11-09T07:30:00Z,2025-11-09T08:00:00Z,30,3920,283.174744,28848707.7535035,101875.99129074696011731893717188281452105771127668,37c862886698ec6bd4f7b995b2af75819a239ecb90299205dce6351877e6fb36
2025-11-09T08:00:00Z,BCH_USDT,OK,2025-11-09T07:30:00Z,2025-11-09T08:00:00Z,30,74,7.683,3801.18397,494.75256670571391383574124690875959911492906416764,110ec2007791d00dcc7832d58af98d197bb323b5a96151a1d9497464d6b84f14
2025-11-09T08:00:00Z,LTC_USDT,OK,2025-11-09T07:30:00Z,2025-11-09T08:00:00Z,30,544,3787.113,383767.84552,101.3351979515794749192854821073466780632106831774,4ed5479c34a86a7f397964c12f6d410d769e6e0044cbe322d031e8abf3a2aa4b
2025-11-09T08:00:00Z,DOGE_USDT,OK,2025-11-09T07:30:00Z,2025-11-09T08:00:00Z,30,648,1727213.26,302395.6026676,0.17507716601689359425135492533215035646495673614734,943fee8e8dc9dc5872fc95fcf0aa88c02867557540eea409e801809922609feb
2025-11-09T08:00:00Z,ETC_USDT,OK,2025-11-09T07:30:00Z,2025-11-09T08:00:00Z,30,225,6130.852,98626.619478,16.086935303282480151208999988908556265915406211078,c8dcf9129e29b18eba1f2ad10e0d558c6b20773544a2bf5f2d6a350dee46909b
2025-11-10T08:00:00Z,BSV_USDT,OK,2025-11-10T07:30:00Z,2025-11-10T08:00:00Z,30,45,153.969,3835.11828,24.908379478986029655320226798901077489624534808955,cdcf1eb8407ccdbef65e64c07b8c502e139f45531d4f095a06fc00dd8215009e
2025-11-10T08:00:00Z,BTC_USDT,OK,2025-11-10T07:30:00Z,2025-11-10T08:00:00Z,30,3922,196.337042,20885961.0987234,106378.09801944250540353969476630904931327222501396,5c000f6bc7af56765b1036beb0f64df9c67ccbfea3dad748ef6aa991cf83c09d
2025-11-10T08:00:00Z,BCH_USDT,OK,2025-11-10T07:30:00Z,2025-11-10T08:00:00Z,30,409,415.051,211436.42684,509.42276211839027011138390221924534575269063319929,ee6ddeb826028ab271f723401701880c38f4b628098908f6c5fbba6a1ae4bacd
2025-11-10T08:00:00Z,LTC_USDT,OK,2025-11-10T07:30:00Z,2025-11-10T08:00:00Z,30,591,2437.967,262082.51511,107.50043585905797740494436553078856276561577740798,22047ee2166b5978b919dbc272eb841eee4ddd071e66e1101ee7b828e1e1beab
2025-11-10T08:00:00Z,DOGE_USDT,OK,2025-11-10T07:30:00Z,2025-11-10T08:00:00Z,30,767,1390078.33,251698.9078958,0.18106814735814204081578625860601682784307557689932,1adfdf005c8228f7a8d87ca1e7d49d027c659e4be661dca4682b04470f939ff8
2025-11-10T08:00:00Z,ETC_USDT,OK,2025-11-10T07:30:00Z,2025-11-10T08:00:00Z,30,157,1471.154,23925.807263,16.263292125093633977136316116463674095302055393249,0cab797c986d678054b3f37b6384888dd6ce00323a00f3ecb4e8355afa16e9e0
2025-11-11T08:00:00Z,BSV_USDT,OK,2025-11-11T07:30:00Z,2025-11-11T08:00:00Z,30,112,245.255,6172.53351,25.167819249352714521620354325090212228089131720046,e59522427c2bed08dfb4d57343326892c55a688e20fab2ad97c46fb8ea06c3b7
2025-11-11T08:00:00Z,BTC_USDT,OK,2025-11-11T07:30:00Z,2025-11-11T08:00:00Z,30,5234,271.246078,28460172.7652586,104923.81300074908364204993223902024493050918878171,2159240194029b6125505fabca13212c96d08d3bebe767586255d5519fff72e1
2025-11-11T08:00:00Z,BCH_USDT,OK,2025-11-11T07:30:00Z,2025-11-11T08:00:00Z,30,2402,1104.738,573012.72668,518.68653624660326701896739317376608752482489060755,670d7ea5883b3f64b6cc34c58fa29279848b4b78c2a2422013064a8e5f0caf43
2025-11-11T08:00:00Z,LTC_USDT,OK,2025-11-11T07:30:00Z,2025-11-11T08:00:00Z,30,898,3644.157,373294.43173,102.43642953089013453591598825187828076562014205206,309b29c28d0309c8a1ef6f62beeab10545954dc571b589db603a9f3b398bad3b
2025-11-11T08:00:00Z,DOGE_USDT,OK,2025-11-11T07:30:00Z,2025-11-11T08:00:00Z,30,1024,2486703.8,439577.1359802,0.17677100745983498316124340985042126850813514661457,1f7b5cfe1372c60ef697c8ccc208a95bf48f81b5e602d77f45d4c96d4c48c1c0
2025-11-11T08:00:00Z,ETC_USDT,OK,2025-11-11T07:30:00Z,2025-11-11T08:00:00Z,30,534,21164.316,336322.78304,15.891030120699388536818293584352076391223793861328,bdb1f8e03e0778dafe58cf51fbba73e8a154e469a4e2e0bdc98f2f5741fb9363
2025-11-12T08:00:00Z,BSV_USDT,OK,2025-11-12T07:30:00Z,2025-11-12T08:00:00Z,30,188,510.945,12324.55727,24.121103582577381127127185900635097711103934865788,f5432d0a90e0e696591eb8a5b50f3b617351dabe7f82af89d5c59589a944a21b
2025-11-12T08:00:00Z,BTC_USDT,OK,2025-11-12T07:30:00Z,2025-11-12T08:00:00Z,30,3174,134.87965,13935320.263819,103316.69947111369283653983384446801278028227386414,5b28d24950381838564f91158846d3431ce50d3f5f8c510e2acfcd9f29877b84
2025-11-12T08:00:00Z,BCH_USDT,OK,2025-11-12T07:30:00Z,2025-11-12T08:00:00Z,30,285,81.78,41618.59934,508.90926069943751528491073612130105160185864514551,03df99d0bb87579fd74b52bf1ea16be352dab545142e4da66f72ece411a28ca3
2025-11-12T08:00:00Z,LTC_USDT,OK,2025-11-12T07:30:00Z,2025-11-12T08:00:00Z,30,428,455.718,45493.19341,99.827510456027631122755739294914837684708525886623,ba4b335bfb0465f428df84784e0e17b57f2c63f368005f87071472f78e75046e
2025-11-12T08:00:00Z,DOGE_USDT,OK,2025-11-12T07:30:00Z,2025-11-12T08:00:00Z,30,750,2061983.21,354476.5172265,0.17191047701426240032284258997433834584909156462045,8199838d0a991e8cd568867d97dbf2041300369b2a0d38f2665b0119ef9e1782
2025-11-12T08:00:00Z,ETC_USDT,OK,2025-11-12T07:30:00Z,2025-11-12T08:00:00Z,30,154,1750.986,27516.541123,15.714883570171320615927254701065571055393932332983,c0e4aed94e939c769828ef34c23aa350e70a59a2763fa0e0e47f5c9749edf2f9
2025-11-13T08:00:00Z,BSV_USDT,OK,2025-11-13T07:30:00Z,2025-11-13T08:00:00Z,30,17,15.103,360.10129,23.843030523737005892868966430510494603721115010263,d200c258175ad1bac84e23397b61a4bc85ae623441570f65ea69b03889311e24
2025-11-13T08:00:00Z,BTC_USDT,OK,2025-11-13T07:30:00Z,2025-11-13T08:00:00Z,30,9109,366.60139,37988950.5634017,103624.67682788027617680336673027890047007186743073,db70f6958b4101e0e68bad9cc8fe7d9a767cfc225d18b018addd0a5a598a542f
2025-11-13T08:00:00Z,BCH_USDT,OK,2025-11-13T07:30:00Z,2025-11-13T08:00:00Z,30,239,97.084,51064.86204,525.98638333814016727782126818013266861686786700177,cb654a126eda8eb3413d3c30ff270962d059ed9c487412aad7028f53153b0721
2025-11-13T08:00:00Z,LTC_USDT,OK,2025-11-13T07:30:00Z,2025-11-13T08:00:00Z,30,435,2946.776,296841.74558,100.73441129559898682492323814229517275829584603648,b5a823ae6d62c28502d078b7beaa9462efc77aa091900e6989f5141d1c1afa42
2025-11-13T08:00:00Z,DOGE_USDT,OK,2025-11-13T07:30:00Z,2025-11-13T08:00:00Z,30,1589,4047910.81,711533.6093571,0.17577798591790119012034259717298464883913783663628,e9fad6200eb089e8cc0f0b8bba35b0a78edc5894a917d38111bf8508a4380a6a
2025-11-13T08:00:00Z,ETC_USDT,OK,2025-11-13T07:30:00Z,2025-11-13T08:00:00Z,30,183,2557.518,40125.667913,15.689300295442690921432420025978311785097895694185,b89d5bf5a38cf85d220a7f9ea870623d10e84ea3d9fea5bce9ab484cdf429642
2025-11-14T08:00:00Z,BSV_USDT,OK,2025-11-14T07:30:00Z,2025-11-14T08:00:00Z,30,183,609.359,13841.2205,22.714394142041062821752037797094980134863028198484,0802030ae08819efdb944d1961164d54670485afd9f9e26d997d9cde1b771537
2025-11-14T08:00:00Z,BTC_USDT,OK,2025-11-14T07:30:00Z,2025-11-14T08:00:00Z,30,11682,374.193389,36383687.4336476,97232.309557579062413633395324362611868591831268296,a33bd4617343d6b820be23e60f7f5b4ec1cec6bdd7b1c2bcec2ba6d5360df14c
2025-11-14T08:00:00Z,BCH_USDT,OK,2025-11-14T07:30:00Z,2025-11-14T08:00:00Z,30,240,78.82,39434.55005,500.3114698046181172291296625222024866785079928952,88953c637182ae04d7715fb186535bada2290e06ad4c17fdf144af1be9bebe0e
2025-11-14T08:00:00Z,LTC_USDT,OK,2025-11-14T07:30:00Z,2025-11-14T08:00:00Z,30,1507,2034.936,200296.72229,98.429003315091973408500316471869385572814083587887,932f880cf8ae9c34fa4526e0d1ffba30e6617cd1ba1a60663460d13166fc587a
2025-11-14T08:00:00Z,DOGE_USDT,OK,2025-11-14T07:30:00Z,2025-11-14T08:00:00Z,30,1208,1824565.19,301330.2226378,0.16515179851578775324547324066836987063202712970754,7a39081269a092a75b4c6df5a97033ad2c98013be036c4d11b3ec7a3b4268177
2025-11-14T08:00:00Z,ETC_USDT,OK,2025-11-14T07:30:00Z,2025-11-14T08:00:00Z,30,276,3805.991,57419.080053,15.086499167496717674844738203532273197703305131305,65d91eb70e7e1906630b675585248a5dc38affdebf7cc9e3eb59f99863a9efe2
2025-11-15T08:00:00Z,BSV_USDT,OK,2025-11-15T07:30:00Z,2025-11-15T08:00:00Z,30,100,278.528,6527.25714,23.434832907284007352941176470588235294117647058824,be72395d5d1e70e4f953aa976796fb0e6ef4872e9e6378109ce6d2399cb4a5a2
2025-11-15T08:00:00Z,BTC_USDT,OK,2025-11-15T07:30:00Z,2025-11-15T08:00:00Z,30,3888,220.288169,21200003.3901588,96237.594085948392444080825784157296254979540004257,37752e77d09159f086f82674fed067b0c4fab54ea5debeb1cf2359545ff8314d
2025-11-15T08:00:00Z,BCH_USDT,OK,2025-11-15T07:30:00Z,2025-11-15T08:00:00Z,30,202,44.925,22255.30836,495.38805475792988313856427378964941569282136894825,1ac37a925f4d8c81441aaaaa492154af245c415e28363d9392ca2bf2378ee6e6
2025-11-15T08:00:00Z,LTC_USDT,OK,2025-11-15T07:30:00Z,2025-11-15T08:00:00Z,30,1367,7247.902,746002.36855,102.92666326752210501742435259196385381590424373839,6bac1a6f5178d702c3d8b9354e8dfda89057b08e1922587b880c86dcaa55f231
2025-11-15T08:00:00Z,DOGE_USDT,OK,2025-11-15T07:30:00Z,2025-11-15T08:00:00Z,30,557,1911433.77,311660.3330074,0.16305055288805533659688350070324435044380323991032,62afdad5d71671ef832804c090fb1a9cfaf7e28891da1d806de2877119bff769
2025-11-15T08:00:00Z,ETC_USDT,OK,2025-11-15T07:30:00Z,2025-11-15T08:00:00Z,30,491,11704.13,181786.661732,15.531838909171377966581027380933055254854482990192,42f7785d241fa75f314b77e5649a094fe477ca0bee8414b2a112e424fc7e4cd1
2025-11-16T08:00:00Z,BSV_USDT,OK,2025-11-16T07:30:00Z,2025-11-16T08:00:00Z,30,65,113.983,2588.37335,22.708415728661291596115210162919031785441688672872,0b6c69b38411362fdc5baae295abd4c794dceb0a5f066b389ad0375355f50021
2025-11-16T08:00:00Z,BTC_USDT,OK,2025-11-16T07:30:00Z,2025-11-16T08:00:00Z,30,3488,159.463383,15299856.5958905,95945.892455388959106680936274881362575883643456881,6dab534e82be19d745435c12e7c775aafcf16bcf9c50e4782d619ae4b33d648a
2025-11-16T08:00:00Z,BCH_USDT,OK,2025-11-16T07:30:00Z,2025-11-16T08:00:00Z,30,98,3.364,1692.2148,503.03650416171224732461355529131985731272294887039,89f9da15dce1d5fb733dbdc7e0851ad928a1bc8f68981af6b41ed1b340d25378
2025-11-16T08:00:00Z,LTC_USDT,OK,2025-11-16T07:30:00Z,2025-11-16T08:00:00Z,30,251,766.167,78080.39238,101.91040906225405166236603769152156122620786329873,4756542e848e87d59a5ff6694391a6d212cbf3ac5dc0cd9ac7de95597e176b19
2025-11-16T08:00:00Z,DOGE_USDT,OK,2025-11-16T07:30:00Z,2025-11-16T08:00:00Z,30,505,1304789.38,213507.4472913,0.16363364889688173274371684416989966610549819159319,2f3b5c8506bdb2c9a57f1852c31619149e891b13571abb80b1da8da9714648bf
2025-11-16T08:00:00Z,ETC_USDT,OK,2025-11-16T07:30:00Z,2025-11-16T08:00:00Z,30,116,1008.171,15423.303766,15.298301345704250568603937228902636556695243168074,dea3a82cdd5d3524dce976a31f1b2104470d70101470e9d4f0bf4109dc6fb04c
2025-11-17T08:00:00Z,BSV_USDT,OK,2025-11-17T07:30:00Z,2025-11-17T08:00:00Z,30,261,486.078,10919.66512,22.464841280617514061529219590271520208690786252412,66703207b054b2ee87356670b73558dfa38ca90ab02f08f36115a9bec19d203f
2025-11-17T08:00:00Z,BTC_USDT,OK,2025-11-17T07:30:00Z,2025-11-17T08:00:00Z,30,5315,290.469457,27795969.5365303,95693.260914968763824280499136954010279986167358037,4cea89de32275c3e1c608d4079fa97ada72397ac2545863234bcead1957f89cf
2025-11-17T08:00:00Z,BCH_USDT,OK,2025-11-17T07:30:00Z,2025-11-17T08:00:00Z,30,367,294.331,145542.93132,494.48726542566022607200736585680747185991281924092,c38ba4023c2657b6ebc60246fd340793d731683bc0b6560f9f741737c8289c8f
2025-11-17T08:00:00Z,LTC_USDT,OK,2025-11-17T07:30:00Z,2025-11-17T08:00:00Z,30,579,1226.193,119216.50996,97.224914805418070401641503417488111577867431962179,dbe91b658e2d10c9d6fa37e7bbd1d52705efc5fba0fbf0410f5c153b397fdd45
2025-11-17T08:00:00Z,DOGE_USDT,OK,2025-11-17T07:30:00Z,2025-11-17T08:00:00Z,30,853,1970700.06,319036.0527542,0.16188970570904635787142564962422541358221707264778,72442d4b37eb853bdecb8b0259bd3679483229e82aa3bcf537ea737c132e0372
2025-11-17T08:00:00Z,ETC_USDT,OK,2025-11-17T07:30:00Z,2025-11-17T08:00:00Z,30,216,2336.729,35133.191389,15.035201509888395273906387946569756270410475498015,f6484ef5e8f488909292d4c55ea3e18e55779b21f45e9070d138e01c1e52e5cc
2025-11-18T08:00:00Z,BSV_USDT,OK,2025-11-18T07:30:00Z,2025-11-18T08:00:00Z,30,701,2097.467,44593.27273,21.260536032271306294687830607108478941504204833735,b2c4789f35c2433d8cddccb1c8294a87da8f461da6d8e4080f0dc5ae587ada72
2025-11-18T08:00:00Z,BTC_USDT,OK,2025-11-18T07:30:00Z,2025-11-18T08:00:00Z,30,7904,439.750862,39753825.4839138,90400.790354593551655164237062939515056595841306162,ee3929f0387a33e4de9829d971c53389135b8e7d2e8835fe8da680723449d909
2025-11-18T08:00:00Z,BCH_USDT,OK,2025-11-18T07:30:00Z,2025-11-18T08:00:00Z,30,260,99.449,48340.42178,486.08253255437460406841697754628000281551347927078,7111756e79c349e8b9009b947e54292122e9d1428fff8059a066a9f08f3cb417
2025-11-18T08:00:00Z,LTC_USDT,OK,2025-11-18T07:30:00Z,2025-11-18T08:00:00Z,30,1065,3449.044,329282.48006,95.470652174921514483433670315600496833325408432018,2498c6fa7f7d33a8c8b23404085222f620cbb0f9ff76950f2d4ddedacc107a11
2025-11-18T08:00:00Z,DOGE_USDT,OK,2025-11-18T07:30:00Z,2025-11-18T08:00:00Z,30,924,1883015.29,292277.2452989,0.15521766968705814385607033493604823569966869467109,7bb6d27443c98071ac590f1a5505431496f1611be028f02ffcdd00346f09a8de
2025-11-18T08:00:00Z,ETC_USDT,OK,2025-11-18T07:30:00Z,2025-11-18T08:00:00Z,30,306,4761.857,68704.755515,14.428143372428025453095294545804294417073003242223,bd4c7bd77193fdd3c9a4489ff7c41a3b5955f9404803ffe678d1f7472fa2986e
2025-11-19T08:00:00Z,BSV_USDT,OK,2025-11-19T07:30:00Z,2025-11-19T08:00:00Z,30,202,416.776,9180.62631,22.027723069466571971514674549398237902374416952992,259eba6fe21fe8cc9e8c92b5367e3c72a28cde80c0c95f49b2654ecf0f5db340
2025-11-19T08:00:00Z,BTC_USDT,OK,2025-11-19T07:30:00Z,2025-11-19T08:00:00Z,30,8058,396.019277,36333708.9766931,91747.324150316803896392144567245396996166931540557,04b470cbf3bb8d410b6ee40ced710185be0635b133373e4adc2d998249f5c5eb
2025-11-19T08:00:00Z,BCH_USDT,OK,2025-11-19T07:30:00Z,2025-11-19T08:00:00Z,30,178,34.58,17316.86537,500.7769048582995951417004048582995951417004048583,c17ea4e1c1ae3e974f7e4168ca7f8b0b3fc9eb0dfe2163bff4bb2086af727e48
2025-11-19T08:00:00Z,LTC_USDT,OK,2025-11-19T07:30:00Z,2025-11-19T08:00:00Z,30,336,801.41,75819.3226,94.607407693939431751537914425824484346339576496425,77de3aa3870036713e14cf17d7a690878e35ffdf0751c43364b41143f89406af
2025-11-19T08:00:00Z,DOGE_USDT,OK,2025-11-19T07:30:00Z,2025-11-19T08:00:00Z,30,1031,2938170.12,465816.8212403,0.15853977210832843130267759989336492197395295817657,d73c1bfadf9a8c7f6e8e41adb0a5c0be01e7d5faef82077551932b9487a2a133
2025-11-19T08:00:00Z,ETC_USDT,OK,2025-11-19T07:30:00Z,2025-11-19T08:00:00Z,30,161,2421.015,35062.63981,14.482619814416680607100740804992947172983232239371,c304503a8bb2121be711d2d0716b346a6995e8a6e1c43816e8979fa6e9dc6557
2025-11-20T08:00:00Z,BSV_USDT,OK,2025-11-20T07:30:00Z,2025-11-20T08:00:00Z,30,166,249.243,5350.68311,21.467736746869520909313400978161874154941161838046,17a90a056b3dcce1554f89cfa473f1084fedfcb2a781f3413c52a7a9b0bb2ef8
2025-11-20T08:00:00Z,BTC_USDT,OK,2025-11-20T07:30:00Z,2025-11-20T08:00:00Z,30,4196,295.913185,27297803.5570432,92249.36549225814321183424118124374890561229976961,938cfbaa310d9fd6054abdc4789ae67f0630050e4b7c3f5d3caf7cd5aa6d42e3
2025-11-20T08:00:00Z,BCH_USDT,OK,2025-11-20T07:30:00Z,2025-11-20T08:00:00Z,30,512,662.904,333229.18964,502.68091554734923910551150694519870147110290479466,ea59092997ae09015977095b9ed025ba4e322200613f4757408d3e7a1355b27f
2025-11-20T08:00:00Z,LTC_USDT,OK,2025-11-20T07:30:00Z,2025-11-20T08:00:00Z,30,233,737.973,68685.23541,93.072829778325223280526523328089239037200547987528,8626fa752bf3d882ceefc7b039e6ca50cb058b534095fe4233a6d3a6e013ff30
2025-11-20T08:00:00Z,DOGE_USDT,OK,2025-11-20T07:30:00Z,2025-11-20T08:00:00Z,30,1093,4247286.16,671098.4776796,0.15800641925186411268319156531708708791121340409048,a8ac341780940c215ae65706f340f08b0babfd774d947aa59230f8d665629933
2025-11-20T08:00:00Z,ETC_USDT,OK,2025-11-20T07:30:00Z,2025-11-20T08:00:00Z,30,79,845.446,12124.911069,14.341437618724318288808510537633391133200701168377,5081ba3eff4bdf32d6140cb3fc080a0c2965154380e1fa65637c97f17f20f4ac
2025-11-21T08:00:00Z,BSV_USDT,OK,2025-11-21T07:30:00Z,2025-11-21T08:00:00Z,30,1331,5000.1,99537.98865,19.907199586008279834403311933761324773504529909402,8581fbb186aa05726cdc32341c98b0a67fa8b84e18319f6914f8aa2b560885fb
2025-11-21T08:00:00Z,BTC_USDT,OK,2025-11-21T07:30:00Z,2025-11-21T08:00:00Z,30,48881,1356.613379,113885582.0674738,83948.44384582307735002810996160756571751309552727,0108b9db74095af034930ce14d05141c8346e6a02a93863c9d3f63cc384bfd58
2025-11-21T08:00:00Z,BCH_USDT,OK,2025-11-21T07:30:00Z,2025-11-21T08:00:00Z,30,4616,1980.199,919151.72903,464.17139339531026932141668589874048012346233888614,bd6ec6bbb2726ab6fb42f8080aedd54d9c08abdcc72b3568444d43011cf7c0b5
2025-11-21T08:00:00Z,LTC_USDT,OK,2025-11-21T07:30:00Z,2025-11-21T08:00:00Z,30,6379,25487.715,2135237.80718,83.775175890816418811964901522164697776948620148962,5adf40b202ed9c0530340ce0f5e892b98ea61382307d9965ed07c13a3ee29136
2025-11-21T08:00:00Z,DOGE_USDT,OK,2025-11-21T07:30:00Z,2025-11-21T08:00:00Z,30,19615,40534859.11,5658165.526654,0.13958764507604082307614563212429036613469063072809,8bbbdef0511ad52404d7627f90974a67e289f88f36f5a0330f69372261718d87
2025-11-21T08:00:00Z,ETC_USDT,OK,2025-11-21T07:30:00Z,2025-11-21T08:00:00Z,30,4260,83460.215,1084620.542152,12.995659574469104830367379235723272459818130111455,7aeee2f92aa6d37004dac94181e87c50dd7f53a3ecde42577641fdc914a1c273
2025-11-22T08:00:00Z,BSV_USDT,OK,2025-11-22T07:30:00Z,2025-11-22T08:00:00Z,30,802,720.964,15351.19179,21.292591294433563950488512602571002158221492335262,7317644714d539e8dcfd935c0977204bf1f30e421cc9a13582ae5041e19e9554
2025-11-22T08:00:00Z,BTC_USDT,OK,2025-11-22T07:30:00Z,2025-11-22T08:00:00Z,30,2880,144.578449,12225861.1621653,84562.126974852939527660861820422489108317934715152,6bb71b81c2aeff29ae08e77504dc034007f71b9bdf285e1f3af3d41256ea6f23
2025-11-22T08:00:00Z,BCH_USDT,OK,2025-11-22T07:30:00Z,2025-11-22T08:00:00Z,30,405,295.744,157894.65056,533.8896158840077905215321359013200605929452499459,e35b51c4a2d2751ac1cd9e0f923f593f509e5138a7ebbbf16cc1f2ba407e583e
2025-11-22T08:00:00Z,LTC_USDT,OK,2025-11-22T07:30:00Z,2025-11-22T08:00:00Z,30,479,730.485,60837.43729,83.283622921757462507785923051123568587992908820852,73996f973972ed1862ce9d626cdb30ba49d2f6f28ba7615f805b7be2258ef6e9
2025-11-22T08:00:00Z,DOGE_USDT,OK,2025-11-22T07:30:00Z,2025-11-22T08:00:00Z,30,644,1765799.96,246324.1324153,0.139497189939510475467447626400444589431296623203,4322d23a07470800cd8b722ee557abf520b8a7f3f12b40233be5b6f71a0f2ccd
2025-11-22T08:00:00Z,ETC_USDT,OK,2025-11-22T07:30:00Z,2025-11-22T08:00:00Z,30,145,2791.985,37641.345123,13.481929567315010646547169845110199374280305947202,a480a2625d05766b5cbdc628eb8a06e2efaa4c60570b31f37c74efb9db7a4c70
2025-11-23T08:00:00Z,BSV_USDT,OK,2025-11-23T07:30:00Z,2025-11-23T08:00:00Z,30,785,1069.687,22602.79665,21.130290122250714461333081546284099928296782142814,7c97cb43582e48d253923cfbb22fa8eaa1eaea2ccc36b69d699755bc87f7e01c
2025-11-23T08:00:00Z,BTC_USDT,OK,2025-11-23T07:30:00Z,2025-11-23T08:00:00Z,30,4110,252.292738,21605896.5596321,85638.202394997592043255719869352719934412063814536,ef0fb0c4e63cc71c3fc150c7934a40f1ddb1babd4134eaecd03fa4dcfcc2f3d1
2025-11-23T08:00:00Z,BCH_USDT,OK,2025-11-23T07:30:00Z,2025-11-23T08:00:00Z,30,449,326.695,179617.62631,549.80218953458118428503650193605656652229143390624,4bb6b7d87d7b1d71087fb59312b4f0fe41a9787ab8a948fe16f6113758899c0b
2025-11-23T08:00:00Z,LTC_USDT,OK,2025-11-23T07:30:00Z,2025-11-23T08:00:00Z,30,211,342.877,28378.70316,82.766423994610312152754486302668303794071926667581,3a0d1140ddfacaba181f56e80b0698dd6f3a7df3e15e27f9aa38e6f2e8b1f6f6
2025-11-23T08:00:00Z,DOGE_USDT,OK,2025-11-23T07:30:00Z,2025-11-23T08:00:00Z,30,627,1905515.63,271596.6137526,0.14253182155876622224295268572528056356063581593398,be1895df698e4d850c6714d084e37deb90830d6a4659dcd8b8b1608de1065dd3
2025-11-23T08:00:00Z,ETC_USDT,OK,2025-11-23T07:30:00Z,2025-11-23T08:00:00Z,30,138,2658.51,36472.145331,13.719017544037825699357911010302763578094496541296,c67d9ebad79054fbd8aed2e448ad3be9aa545ee488a57968aeaf56cf04e88028
2025-11-24T08:00:00Z,BSV_USDT,OK,2025-11-24T07:30:00Z,2025-11-24T08:00:00Z,30,192,355.239,7241.24177,20.384140733421724529119832000427880947756299280203,7339ff242cd4aeff5b329ae8d4db861cba9659557449e21c42033e50c0c83853
2025-11-24T08:00:00Z,BTC_USDT,OK,2025-11-24T07:30:00Z,2025-11-24T08:00:00Z,30,5523,282.362846,24597991.382985,87114.830196126440799509436875416675747771716396427,0025473124a360681fda7e5010be3ebec3059b2f1f457044d8a893ea769f6fc9
2025-11-24T08:00:00Z,BCH_USDT,OK,2025-11-24T07:30:00Z,2025-11-24T08:00:00Z,30,350,177.138,96460.33526,544.54908184579254592464632094750985107656177669388,c7ac8c3b7bab5bb1ab4ddfaeecfbdc242e93ba78bc508564ee342be35e6c74ba
2025-11-24T08:00:00Z,LTC_USDT,OK,2025-11-24T07:30:00Z,2025-11-24T08:00:00Z,30,151,375.556,31570.81595,84.064203341179477894109001054436621968494711840578,82ffdde125d96d87ee3bf9409c5dc6dfbdec0c9eed2390694fc22cf696062ce8
2025-11-24T08:00:00Z,DOGE_USDT,OK,2025-11-24T07:30:00Z,2025-11-24T08:00:00Z,30,736,2145400.11,314290.1722222,0.14649489890358959662773579330151148356191703560601,6befa2cdbc6c0184109592f7ae7e47269714677763ed7723612c8f4b5708dd40
2025-11-24T08:00:00Z,ETC_USDT,OK,2025-11-24T07:30:00Z,2025-11-24T08:00:00Z,30,284,6056.907,83107.44047,13.721102283723359133630415656043587923671273143207,cb6be6ad97bf1a5f41a8da07ef6b611abde6ba07b47ef51b5b0bce53a410e371
2025-11-25T08:00:00Z,BSV_USDT,OK,2025-11-25T07:30:00Z,2025-11-25T08:00:00Z,30,241,872.993,18085.74338,20.716939746366809355859668977872674809534555259893,ed20408fd69cb38f9dde5579b3007f97b29abcf5e64dd9e7b180a7317f6d6c12
2025-11-25T08:00:00Z,BTC_USDT,OK,2025-11-25T07:30:00Z,2025-11-25T08:00:00Z,30,4627,76.84465,6727988.8195524,87553.119437103298668157119591279288798894913308864,eeaab70c69d8df63fe2552d4cdc87b8231cf13a01bd6b94837b8763277623e93
2025-11-25T08:00:00Z,BCH_USDT,OK,2025-11-25T07:30:00Z,2025-11-25T08:00:00Z,30,852,876.891,462617.11275,527.56512810600177217008727424503159457674899160785,83ac89cd028448600961df4fc900d73fe983ff09f9ec63527b109fa8ff6fc6f5
2025-11-25T08:00:00Z,LTC_USDT,OK,2025-11-25T07:30:00Z,2025-11-25T08:00:00Z,30,283,1793.885,151282.50929,84.332334174152746692235009490574925371470300493064,62deaf8d8152b37827eee0e3437d428dee3ea68c2e386f7acac8cd48b8cafaab
2025-11-25T08:00:00Z,DOGE_USDT,OK,2025-11-25T07:30:00Z,2025-11-25T08:00:00Z,30,805,1615801.82,242093.0883899,0.14982845383222801420040484915408747342542292717556,25addf8c15ba11724c5bedac19016aa121907a4033ad666c25251def88885072
2025-11-25T08:00:00Z,ETC_USDT,OK,2025-11-25T07:30:00Z,2025-11-25T08:00:00Z,30,223,3117.027,43392.949756,13.921262073122882798256158833401186451063786101307,203adc8fadb163ea8a8ba537a5e5764bb52db1b0ccd1755ab4ad68055c684ffd
2025-11-26T08:00:00Z,BSV_USDT,OK,2025-11-26T07:30:00Z,2025-11-26T08:00:00Z,30,93,90.834,1908.93044,21.015593720413061188541735473501111918444635268732,ee4ce66cfe2c72ec9d3da87271917eb79e5630bcea8ddde38977e9804d8bfb8c
2025-11-26T08:00:00Z,BTC_USDT,OK,2025-11-26T07:30:00Z,2025-11-26T08:00:00Z,30,2825,179.149275,15728100.0324503,87793.266439120671853123603207436926551893665212991,ec77827123ed3a7509b600fa43d0ea4fb40a4e078840ea3df45cb9da72b678cb
2025-11-26T08:00:00Z,BCH_USDT,OK,2025-11-26T07:30:00Z,2025-11-26T08:00:00Z,30,62,18.193,9697.55737,533.03783708019567965701093827296212829110097290167,756b40ad201b1612780249b8b5cef96723dd092b6a0deed81360251a406d3226
2025-11-26T08:00:00Z,LTC_USDT,OK,2025-11-26T07:30:00Z,2025-11-26T08:00:00Z,30,193,365.77,31162.84939,85.19793692757743937447029554091368893020203953304,4cb661d9163e80695ba3401d5fca4ba4b397f21296231af046eda1ca7c508977
2025-11-26T08:00:00Z,DOGE_USDT,OK,2025-11-26T07:30:00Z,2025-11-26T08:00:00Z,30,762,2267915.73,345010.9406819,0.15212687848939607645827298882926306966440944434915,c7a90fd437212a2b6fac0282878ebf2b7d819733b75e71be81016796c9683e58
2025-11-26T08:00:00Z,ETC_USDT,OK,2025-11-26T07:30:00Z,2025-11-26T08:00:00Z,30,68,399.907,5623.904044,14.063029764420227702940933767100850947845374049467,d739cda85843552ab889eb02816e0bd7151b71d6d3cb3fc9cb686e9ad7fa8b69
2025-11-27T08:00:00Z,BSV_USDT,OK,2025-11-27T07:30:00Z,2025-11-27T08:00:00Z,30,138,920.474,19388.27771,21.063362691395954692908219026284283966738875840056,00dfd1eea4983d0eb0fe221318c430b92184715d7a7aa94bcfd69ca7298b52af
2025-11-27T08:00:00Z,BTC_USDT,OK,2025-11-27T07:30:00Z,2025-11-27T08:00:00Z,30,2722,217.27772,19860650.3066371,91406.750340702673058240854147401767654778409861812,38636b9b3629a33f7ff0694202d679118a9940584d7dfe29559a884f4fbec591
2025-11-27T08:00:00Z,BCH_USDT,OK,2025-11-27T07:30:00Z,2025-11-27T08:00:00Z,30,236,84.567,46053.55545,544.58069282344176806555748696299975167618574621306,50f9dee0f9c20a12ac7f4bebe81c76287bc11bc52fbc2385614b1d93ccd4a07b
2025-11-27T08:00:00Z,LTC_USDT,OK,2025-11-27T07:30:00Z,2025-11-27T08:00:00Z,30,168,746.19,64517.10727,86.462036840482986906819978825768235972071456331497,4a75c2dfa541a7c008b20ae8fe99ba150eb5bb630c5be1c7aff8e312c2d0bc1f
2025-11-27T08:00:00Z,DOGE_USDT,OK,2025-11-27T07:30:00Z,2025-11-27T08:00:00Z,30,781,2230589.69,343834.7650199,0.1541452318915273028093302089995762510674923813532,20c44bc96e738c7c9c0657344fed895c542341863ed6fb82e0aac26fab3b2b67
2025-11-27T08:00:00Z,ETC_USDT,OK,2025-11-27T07:30:00Z,2025-11-27T08:00:00Z,30,256,5848.67,81987.935038,14.018218678434584273005657696536135565863692087261,4f21ae65703caa40fb1d5fe9a2e11e0097885c76fb5c6331681ce698869f7726
2025-11-28T08:00:00Z,BSV_USDT,OK,2025-11-28T07:30:00Z,2025-11-28T08:00:00Z,30,105,183.285,3836.77319,20.933372561857216902637968191614152822107646561366,689425ec0c3ab726ce7e79b66adef37aa2925e0dd94d1acd9bd1cf93d13fcfea
2025-11-28T08:00:00Z,BTC_USDT,OK,2025-11-28T07:30:00Z,2025-11-28T08:00:00Z,30,5528,400.556085,36469959.3384951,91048.321831124098389367870918750366755756562779467,3c0a99b40d986f15860ce57925c69227b5da0f15bc97cee38cabedbb959f917d
2025-11-28T08:00:00Z,BCH_USDT,OK,2025-11-28T07:30:00Z,2025-11-28T08:00:00Z,30,263,80.083,42857.55218,535.16416942422236929185969556585043017868960953011,f086c5e7e9e962b2bee92f3139e775f49bd7f5120520dd832f7ed5d4cbaa12c2
2025-11-28T08:00:00Z,LTC_USDT,OK,2025-11-28T07:30:00Z,2025-11-28T08:00:00Z,30,257,1110.261,94191.9526,84.837666638745304032114971164437911446047370843432,a80f919770eddd3540e86c2fab78be52c7b9085ed007f9091cfa7d0274fd7aca
2025-11-28T08:00:00Z,DOGE_USDT,OK,2025-11-28T07:30:00Z,2025-11-28T08:00:00Z,30,778,3321456.89,498421.0114753,0.15006096059109170012439932646544149486161176699782,9189f63f84810c4275476ef571b5ec8e82ed9569aaab692206e84b836dff3081
2025-11-28T08:00:00Z,ETC_USDT,OK,2025-11-28T07:30:00Z,2025-11-28T08:00:00Z,30,210,6734.328,92979.083328,13.806735182485913962016700107271282301663952216168,474931b9a31ba27124984343062e0fffa9a6375dcb151798d99ac58ba4eda430
2025-11-29T08:00:00Z,BSV_USDT,OK,2025-11-29T07:30:00Z,2025-11-29T08:00:00Z,30,33,28.887,599.31914,20.747019074324090421296777096964032263648007754353,00c9d84663ff07c2f673ed17bbc93518aec1a5ebd8040eb74a11459e802ef2fd
2025-11-29T08:00:00Z,BTC_USDT,OK,2025-11-29T07:30:00Z,2025-11-29T08:00:00Z,30,2231,121.148992,10959104.2618721,90459.723031555227467348634646502052613033709764585,f1004d44f3804c0af2d10c94ce85cee9780f5955a6f864ae2528de689b9a7e00
2025-11-29T08:00:00Z,BCH_USDT,OK,2025-11-29T07:30:00Z,2025-11-29T08:00:00Z,30,286,216.771,115512.26095,532.87691134884278801131147616609232784828228868253,51d114f556d5a130fd86663c93a5ce54ab75116a5b855e538f349ff497e7352e
2025-11-29T08:00:00Z,LTC_USDT,OK,2025-11-29T07:30:00Z,2025-11-29T08:00:00Z,30,170,331.186,27877.68762,84.175320273199954104340159306250868092250276279794,a18adc1eddec90de5003d1e1189fb90d0d68e956af3a8189bf54a518c161e6c8
2025-11-29T08:00:00Z,DOGE_USDT,OK,2025-11-29T07:30:00Z,2025-11-29T08:00:00Z,30,755,2555632.11,380579.6125798,0.1489179960960030354290704228160601722913866503266,97c6d483c3e04622aa10d1f36fc6a8b9924b46439ea88d50dae5dfbca75cfb83
2025-11-29T08:00:00Z,ETC_USDT,OK,2025-11-29T07:30:00Z,2025-11-29T08:00:00Z,30,63,804.25,11010.180278,13.689997237177494560149207336027354678271681691016,4d4c8d74f541b50b4fdd26760f2cc24418a90b1e979b7e54452552119727c4e9
2025-11-30T08:00:00Z,BSV_USDT,OK,2025-11-30T07:30:00Z,2025-11-30T08:00:00Z,30,187,284.803,5941.0175,20.860094521476248494573441993237430785490321380042,a187d0656f828a32ca92d9594b5fcc7e107f67003d4a96104b3450050f001348
2025-11-30T08:00:00Z,BTC_USDT,OK,2025-11-30T07:30:00Z,2025-11-30T08:00:00Z,30,2265,171.878104,15634603.1687698,90963.321126522317234777037102992478902373742731069,c4bc6bab92f0394e4e228127188044e8512bd7f0a4442c9d7c1dee385511fd78
2025-11-30T08:00:00Z,BCH_USDT,OK,2025-11-30T07:30:00Z,2025-11-30T08:00:00Z,30,154,18.391,9629.55864,523.60168778206731553477244304279267032787776629873,5e85d30452ed112b17344881126293055c955879d4fccda1aaf3863bc795863d
2025-11-30T08:00:00Z,LTC_USDT,OK,2025-11-30T07:30:00Z,2025-11-30T08:00:00Z,30,91,87.915,7390.3519,84.062468293237786498322243075698117499857817209805,5f7d371eae0ece6e1b3c72c5040bca338de52dad17ea065715a9ffa5c0e1216f
2025-11-30T08:00:00Z,DOGE_USDT,OK,2025-11-30T07:30:00Z,2025-11-30T08:00:00Z,30,543,1675109.41,249794.8802969,0.14912153128964871613968188501788668239885297999729,a67da1b8fdf86cf85b5cace0033ea454cfe2354337b732b26e7656747fd300c7
2025-11-30T08:00:00Z,ETC_USDT,OK,2025-11-30T07:30:00Z,2025-11-30T08:00:00Z,30,142,3925.613,54225.283534,13.813201539224574607838317225870201672961649556388,b0d6423963198b3e6c622130fbd41831f7510d7e100e188126e2862ee151759f
2025-12-01T08:00:00Z,BSV_USDT,OK,2025-12-01T07:30:00Z,2025-12-01T08:00:00Z,30,252,324.602,6476.57472,19.952356177719176098730137214188452320071965052587,90cb8be45c15ce6a20b2b715e4ada6ba130a95c7cfd6ea71fa87ee424dc0f056
2025-12-01T08:00:00Z,BTC_USDT,OK,2025-12-01T07:30:00Z,2025-12-01T08:00:00Z,30,6114,341.609895,29530375.6832558,86444.731594369653724462518862341502139450615152702,7d9522cf4662e2896119930249f2bdd36eb57941d88693220a82be77d2b3f1be
2025-12-01T08:00:00Z,BCH_USDT,OK,2025-12-01T07:30:00Z,2025-12-01T08:00:00Z,30,650,280.835,146503.56193,521.67130852635889401249844214574394217245001513344,a4b34177ff8ed233660e868ca7370db5a5e96b41b29edafae7af1ce36d734260
2025-12-01T08:00:00Z,LTC_USDT,OK,2025-12-01T07:30:00Z,2025-12-01T08:00:00Z,30,322,2004.08,155053.70757,77.369020982196319508203265338709033571514111213125,40c904baae5c1bb5c508c876891af609ec16dff028df4fd5c782605ee6a13239
2025-12-01T08:00:00Z,DOGE_USDT,OK,2025-12-01T07:30:00Z,2025-12-01T08:00:00Z,30,1397,6609697.9,908599.4014465,0.13746458842642414867402638780208093928165763824092,0028ea1128f302cfd2968fa8d462f935535cdc653639a4b566dab182fcdfe47f
2025-12-01T08:00:00Z,ETC_USDT,OK,2025-12-01T07:30:00Z,2025-12-01T08:00:00Z,30,363,11375.606,146533.181379,12.881351672957027520116290947488863450439475488163,f98c3d547faaae1a25d434d119dcb4e9fe1f8251a0c4ff083d24553fb146405c
2025-12-02T08:00:00Z,BSV_USDT,OK,2025-12-02T07:30:00Z,2025-12-02T08:00:00Z,30,37,50.865,1018.17602,20.017222451587535633539762115403519119237196500541,f8e8607ce4c23ffa69110b8a0bc36e0538d0c2be0c9526a22cf7696c60e22471
2025-12-02T08:00:00Z,BTC_USDT,OK,2025-12-02T07:30:00Z,2025-12-02T08:00:00Z,30,3074,163.843131,14254118.7272019,86998.573819990659236120188645564884865389932032,04a085a5683cde4190b8cc6567883afe2287db326b16d3f89dac48246f8c4f35
2025-12-02T08:00:00Z,BCH_USDT,OK,2025-12-02T07:30:00Z,2025-12-02T08:00:00Z,30,290,86.417,45092.88954,521.80577363250286401981091683349340986148558732657,4a2e52d9b01bf442bdf51e99af45f56b3fdb3ebf6c082191562e1636c823fcd3
2025-12-02T08:00:00Z,LTC_USDT,OK,2025-12-02T07:30:00Z,2025-12-02T08:00:00Z,30,133,461.097,35960.29019,77.988558134188684810354437352661153726873087441471,c8c0a07402367191d1881fa66b5eee55e0c12399a28157b6fbd6f4f4b18fd550
2025-12-02T08:00:00Z,DOGE_USDT,OK,2025-12-02T07:30:00Z,2025-12-02T08:00:00Z,30,922,3289465.86,445907.465681,0.13555619199556003295927199560599786860229034266372,891191c61fc0f218862a6208a8ad8c51b3257a66c5008b9cd43e50a1d19caf32
2025-12-02T08:00:00Z,ETC_USDT,OK,2025-12-02T07:30:00Z,2025-12-02T08:00:00Z,30,18,169.853,2202.151189,12.965041471154468864253207185036472714641484106845,54f9a7124beb6924545e14264a368d66443509bbdd3f0c2256d2911872432262
2025-12-03T08:00:00Z,BSV_USDT,OK,2025-12-03T07:30:00Z,2025-12-03T08:00:00Z,30,64,204.859,4349.28769,21.230640049985599851605250440546912754626352759703,20bd8547d5350bb45c74a47c30ef537b2c7de8a7949e6db3d54c3dc5d2307bbd
2025-12-03T08:00:00Z,BTC_USDT,OK,2025-12-03T07:30:00Z,2025-12-03T08:00:00Z,30,5058,386.180377,35917482.3400569,93007.01040036764995959388169534051700405274605654,bff66152b7cb6a4a833dc9e3b50ecb868233410f1b9ea5988465ee734896d5c9
2025-12-03T08:00:00Z,BCH_USDT,OK,2025-12-03T07:30:00Z,2025-12-03T08:00:00Z,30,634,394.99,230476.44031,583.49943115015570014430745082153978581736246487253,e38f9b33915947af4467c4659be508cba530763490315dce7e95608159cb508a
2025-12-03T08:00:00Z,LTC_USDT,OK,2025-12-03T07:30:00Z,2025-12-03T08:00:00Z,30,144,400.785,34105.35945,85.096396945993487780231296081440173659193832104495,fac634cc2074e8e58ff91993a59d34c37672d6838be217692690186e6419fffb
2025-12-03T08:00:00Z,DOGE_USDT,OK,2025-12-03T07:30:00Z,2025-12-03T08:00:00Z,30,771,3240929.31,487703.8969994,0.1504827320653285091244399897139379445459117403582,07ff88cb571280edf630afde2bc48e91b548043677aee1b7f206c2da373212c1
2025-12-03T08:00:00Z,ETC_USDT,OK,2025-12-03T07:30:00Z,2025-12-03T08:00:00Z,30,128,1562.436,21622.036595,13.838670252733551966288539178564754012324344805163,8e7225f2bfcfc5cc03635ad8e2058e902e3162be1068de5c7aafed9c0b6c4c73
2025-12-04T08:00:00Z,BSV_USDT,OK,2025-12-04T07:30:00Z,2025-12-04T08:00:00Z,30,17,16.4,347.81202,21.20805,2f576167175e49bd6f5bdb4ee4fdb37a0433034a4dc17af2e2ee4039ef461ccb
2025-12-04T08:00:00Z,BTC_USDT,OK,2025-12-04T07:30:00Z,2025-12-04T08:00:00Z,30,2902,153.635859,14331228.583259,93280.492435421602973561009607789546059035605743578,96bf221624c4fc6a1c6a9160c0c78b0c20c8f1dadf1322d73bec6c01b7442264
2025-12-04T08:00:00Z,BCH_USDT,OK,2025-12-04T07:30:00Z,2025-12-04T08:00:00Z,30,215,92.635,54703.49145,590.52724618124898796351271117828034760079883413397,4dca1021211b581d511179aa9512f6da61c434603ffa4472d399b5fc044fdeb8
2025-12-04T08:00:00Z,LTC_USDT,OK,2025-12-04T07:30:00Z,2025-12-04T08:00:00Z,30,130,222.58,19038.00298,85.533304789289244316650193188965765118159762781921,dbf31232744178c6f271bcc88c978e49c50964ca31ddc134c4a5765a438ef938
2025-12-04T08:00:00Z,DOGE_USDT,OK,2025-12-04T07:30:00Z,2025-12-04T08:00:00Z,30,750,3098476.14,464187.5037081,0.14981154694581575832305747560153876156683911078947,5e374d0ee1a0a2dd1d587fc18d50d23ecdac5dfdc85894849dc7617b14c2a588
2025-12-04T08:00:00Z,ETC_USDT,OK,2025-12-04T07:30:00Z,2025-12-04T08:00:00Z,30,181,2131.68,29978.318115,14.063235624014861517676199054267056969151092096375,624d18639d458fdb895ffad2778d12f6ef51524b60806c04ec0a8a3c6939bb0c
2025-12-05T08:00:00Z,BSV_USDT,OK,2025-12-05T07:30:00Z,2025-12-05T08:00:00Z,30,31,105.957,2210.03361,20.857834876412129448738639259322177864605453155525,f299683bb3dd9db69d6552e6da0252dfcd2fe89d49209579e982c8fb4a95003f
2025-12-05T08:00:00Z,BTC_USDT,OK,2025-12-05T07:30:00Z,2025-12-05T08:00:00Z,30,3014,140.978603,13014889.3648217,92318.189341269752829087120405073101767081632948228,4974561455ee618362821d80d6d3a023c07f44616891275f0b9eafc9a738585e
2025-12-05T08:00:00Z,BCH_USDT,OK,2025-12-05T07:30:00Z,2025-12-05T08:00:00Z,30,130,34.314,19749.03205,575.53861543393367138777175496881739231800431310835,b8f2afa8945e43e94070b15fa9c16f13c72891e9ccca382cb1c122931a9ec32f
2025-12-05T08:00:00Z,LTC_USDT,OK,2025-12-05T07:30:00Z,2025-12-05T08:00:00Z,30,86,107.596,9003.30758,83.676972935796869772110487378712963307186140748727,59109bbba244a0fde9c602b24ba4daa4e6191705d17f203aeba9788ce815e03b
2025-12-05T08:00:00Z,DOGE_USDT,OK,2025-12-05T07:30:00Z,2025-12-05T08:00:00Z,30,731,2502106.23,368621.8489129,0.14732461975161622134644539053004156422247507852614,4a7e168146dcce05174fce24576599af4d58563d7ed52f620830c32cd67a8217
2025-12-05T08:00:00Z,ETC_USDT,OK,2025-12-05T07:30:00Z,2025-12-05T08:00:00Z,30,96,1124.27,15514.007157,13.79918272034297811024042267426863653748654682594,014841261c43ebdd43b892fb8b25f21db759c4a25ff5214f36ca30db0042f57b
2025-12-06T08:00:00Z,BSV_USDT,OK,2025-12-06T07:30:00Z,2025-12-06T08:00:00Z,30,32,63.49,1285.65439,20.249714758229642463380059851945188218617105055914,b5efa97d8bece1595cc4d12b0f0450d2c9fa0ed44c90b101a29aabcbacf85100
2025-12-06T08:00:00Z,BTC_USDT,OK,2025-12-06T07:30:00Z,2025-12-06T08:00:00Z,30,2725,161.025638,14429709.2674683,89611.253504043250553678911677406302218780837868812,23b428f852395648f7acf310c8a85a8cf5ef11f100b3f40ff189dc28c0e31ba1
2025-12-06T08:00:00Z,BCH_USDT,OK,2025-12-06T07:30:00Z,2025-12-06T08:00:00Z,30,137,48.63,27973.95001,575.24059243265473987250668311741723216121735554185,ae95e6befa6a89190918b42192d72a91a8848b852b35a285a17b21ce6e973856
2025-12-06T08:00:00Z,LTC_USDT,OK,2025-12-06T07:30:00Z,2025-12-06T08:00:00Z,30,178,2853.503,228813.67857,80.186941653819883841019266494550732906185835445065,fd6d9570559835fbbe147e16279c36809c60142cb9f756b1cfb5e99943c993b2
2025-12-06T08:00:00Z,DOGE_USDT,OK,2025-12-06T07:30:00Z,2025-12-06T08:00:00Z,30,675,1977819.41,275295.1126745,0.13919122811849642025709516118056501427498883732767,bfe6f1dd45c8a0882892063239302d6d947157c9cca00ff8cf845960ebe6e75f
2025-12-06T08:00:00Z,ETC_USDT,OK,2025-12-06T07:30:00Z,2025-12-06T08:00:00Z,30,96,950.906,12530.261334,13.177181902312110765943216259020344808004156036454,5dd3ca2fd1a64e000a99d229eb58a9532d7f1ad99f0a90591915edcf114a3e2e
2025-12-07T08:00:00Z,BSV_USDT,OK,2025-12-07T07:30:00Z,2025-12-07T08:00:00Z,30,19,31.997,655.09949,20.473778479232428040128762071444197893552520548801,6abda4d84c5fcb3f8b40ba0d2a73609c701bbfe15fcbd6452431cf08c0ed890c
2025-12-07T08:00:00Z,BTC_USDT,OK,2025-12-07T07:30:00Z,2025-12-07T08:00:00Z,30,2702,142.919899,12764591.4956796,89312.905935370133447967242126304609269280270062324,7e607d21b16754d8d5066173a9d5b552b14b2e5ff0d810026343b444d240527b
2025-12-07T08:00:00Z,BCH_USDT,OK,2025-12-07T07:30:00Z,2025-12-07T08:00:00Z,30,530,576.927,339035.46314,587.65747337184773810204757274317201309697760721894,ce21eb9a64bb4ff9588de51c33564bcf7a01ba53925ca61a5b7628d0572525d6
2025-12-07T08:00:00Z,LTC_USDT,OK,2025-12-07T07:30:00Z,2025-12-07T08:00:00Z,30,156,247.624,20370.08853,82.262173819985138758763286272736083739863664265176,332b44abafe6a001ef8f957c2c48496ce90e70fa029cc7e7d3d5bcb3d994f2f3
2025-12-07T08:00:00Z,DOGE_USDT,OK,2025-12-07T07:30:00Z,2025-12-07T08:00:00Z,30,696,2826365.33,394419.6634546,0.13955013503318058320507349274624735083344657358927,f6a3beda2e6351ac5519b2468dc3b80c86bbdddd39ad37d9353ccf1f7273d293
2025-12-07T08:00:00Z,ETC_USDT,OK,2025-12-07T07:30:00Z,2025-12-07T08:00:00Z,30,54,727.045,9633.387745,13.250057073496138478361036799647889745476552345453,aab7288bfdfcc15926d862269c794ed08637915d856714f3689a2f558aab0cc7
2025-12-08T08:00:00Z,BSV_USDT,OK,2025-12-08T07:30:00Z,2025-12-08T08:00:00Z,30,24,34.654,706.21549,20.37904686327696658394413343336988515034339470191,47761c106519538400b628007a2752785ae2be33cdfa9f2f3b7ea08066208d6c
2025-12-08T08:00:00Z,BTC_USDT,OK,2025-12-08T07:30:00Z,2025-12-08T08:00:00Z,30,4578,221.916582,20339961.3646042,91655.887907484984605611851033286011948399601792713,432a6b32f3b206a90fe6d5d172dd46610e10fe7b8ac6a417415ad0ced8083190
2025-12-08T08:00:00Z,BCH_USDT,OK,2025-12-08T07:30:00Z,2025-12-08T08:00:00Z,30,145,45.137,27108.52448,600.58321288521611981301371380463920951769058643685,6447506429740ad4479a169bad46848cb8c94344affed885b2156a41128d63ed
2025-12-08T08:00:00Z,LTC_USDT,OK,2025-12-08T07:30:00Z,2025-12-08T08:00:00Z,30,405,1277.426,106294.4568,83.209874231462331281812018856669583991558023713311,dbf72d1e821441bf9c125393103f97154b5bb9ab53c4c10b0d1e4d0a5d34465e
2025-12-08T08:00:00Z,DOGE_USDT,OK,2025-12-08T07:30:00Z,2025-12-08T08:00:00Z,30,811,2951339.04,419746.5130082,0.14222239712866062314548585377029404253060671741733,81cda5f2e62e11103e050239aa204809aa4d767f9b94e0e7da3ed0ee2e996fc9
2025-12-08T08:00:00Z,ETC_USDT,OK,2025-12-08T07:30:00Z,2025-12-08T08:00:00Z,30,69,929.501,12505.675362,13.454181719008371158288156763682879308360077073613,4b73f70557d1a703ec472fcca595f8f765f739aa11e2b117ac71ab3a1a0869b8
2025-12-09T08:00:00Z,BSV_USDT,OK,2025-12-09T07:30:00Z,2025-12-09T08:00:00Z,30,33,163.965,3299.22753,20.12153526667276552922879882901838807062482846949,481b96441499115550712680895275f254108d8e5386dbf384e9791b9b38f5ba
2025-12-09T08:00:00Z,BTC_USDT,OK,2025-12-09T07:30:00Z,2025-12-09T08:00:00Z,30,3995,273.680593,24761087.7645675,90474.40117380738063513330665722432134601520685831,5179ff297055a99c1421cefd4e7a5e8fb6d8bd75f3f72c9b10cf179496dc71d6
2025-12-09T08:00:00Z,BCH_USDT,OK,2025-12-09T07:30:00Z,2025-12-09T08:00:00Z,30,379,198.4,113991.53124,574.55408891129032258064516129032258064516129032258,001cdb609d1b751ff44036c5e56ea3589a49ef18eba2a2b2abc7ced1a074e96c
2025-12-09T08:00:00Z,LTC_USDT,OK,2025-12-09T07:30:00Z,2025-12-09T08:00:00Z,30,189,803.301,67031.05593,83.44450701542759189892705225065075233318519459082,8704c423d51957ed6461f20b609991ff17256d4705adfa6bc76b7f1b6eb712ff
2025-12-09T08:00:00Z,DOGE_USDT,OK,2025-12-09T07:30:00Z,2025-12-09T08:00:00Z,30,1003,3213108.96,451728.2530341,0.1405891485964733670283002167470847300491172885715,4aa59afd8185963770c23e27a69eb07897d8190a0e94f3d5f0a6b9a61186c5fe
2025-12-09T08:00:00Z,ETC_USDT,OK,2025-12-09T07:30:00Z,2025-12-09T08:00:00Z,30,84,415.298,5554.48848,13.37470558490529691932058425516135401567067503335,8b2ca2c183c6367a54536accd79e64b49e5166923c0cb70cbc67920461b929f7
2025-12-10T08:00:00Z,BSV_USDT,OK,2025-12-10T07:30:00Z,2025-12-10T08:00:00Z,30,37,94.457,1935.4172,20.489928750648443206961898006500312311422128587611,1eaa900b0f3ee9f874e50c64a9f767cfdf55fa4e45751e4583c266ba7e8a5e49
2025-12-10T08:00:00Z,BTC_USDT,OK,2025-12-10T07:30:00Z,2025-12-10T08:00:00Z,30,3132,250.83148,23246067.3129451,92676.036169563325942979724873448898838375470255966,d4b76270c8ca0bfe14b108cf716b51b018c7f05a307845dff160705e817298d2
2025-12-10T08:00:00Z,BCH_USDT,OK,2025-12-10T07:30:00Z,2025-12-10T08:00:00Z,30,464,421.714,237788.12262,563.86110638963847536482070787310831511403463010476,c083f959b364668790d3b47fd6abbb3ec5466ebdb2f5c33ed892ac4a8e258060
2025-12-10T08:00:00Z,LTC_USDT,OK,2025-12-10T07:30:00Z,2025-12-10T08:00:00Z,30,187,399,33556.60585,84.101769047619047619047619047619047619047619047619,b4db0d8779f0fc9fff56e4389dc8a49ad97819510c35aef30bcfce0c8f8a7bff
2025-12-10T08:00:00Z,DOGE_USDT,OK,2025-12-10T07:30:00Z,2025-12-10T08:00:00Z,30,825,5272191.51,772188.9977045,0.14646451978078846380904702758037710204499001592603,f1f545deb9f5fced3bf761c8e0c4ecac35248e8d9b6bf2971595cb7d0664e0ad
2025-12-10T08:00:00Z,ETC_USDT,OK,2025-12-10T07:30:00Z,2025-12-10T08:00:00Z,30,65,531.161,7253.482379,13.655901655053740767865110578525155273071629882465,19b219ec49f139e95c80e15cb1397e355c98a0e5db5ee08ab3a092e887f051d8
2025-12-11T08:00:00Z,BSV_USDT,OK,2025-12-11T07:30:00Z,2025-12-11T08:00:00Z,30,38,253.511,5089.54946,20.076247026756235429626327851651407631227047347058,4b0e9c5230f527a476a698d5f248515987e36c2cfdaf225c1c9c8d1d26208881
2025-12-11T08:00:00Z,BTC_USDT,OK,2025-12-11T07:30:00Z,2025-12-11T08:00:00Z,30,2950,194.812967,17571287.1535661,90195.675494055280211403997558335015758986926162877,78ee448c39c6e8318a1eeb73b618a4113c96196c5cf9687bfc8397fc4b70337d
2025-12-11T08:00:00Z,BCH_USDT,OK,2025-12-11T07:30:00Z,2025-12-11T08:00:00Z,30,386,148.434,82981.13051,559.04395563011169947586132557230823126776884002318,36fe1f8eda738eddb5cb08446cb4e081c8677c06adc2dab3baf40ece2df2699a
2025-12-11T08:00:00Z,LTC_USDT,OK,2025-12-11T07:30:00Z,2025-12-11T08:00:00Z,30,167,277.605,22480.89443,80.981590497289313953278939500369229660849048107923,85bfc114b77c746362871819b88f97086c60e07335944d7d066a03fb57b9f999
2025-12-11T08:00:00Z,DOGE_USDT,OK,2025-12-11T07:30:00Z,2025-12-11T08:00:00Z,30,752,4271749.59,590518.9102026,0.13823818502493260612684930344898798246270797909762,f96edf60fbdb7bad17687befd3130f9807e52d7655966b07339e013324ac006e
2025-12-11T08:00:00Z,ETC_USDT,OK,2025-12-11T07:30:00Z,2025-12-11T08:00:00Z,30,96,955.981,12523.567821,13.100226700112240724449544499315362962234605081063,0c83095d3d813125edd8259bd80e5bd2aa289d0986b6013dcb7a84d86e1c5e7f
2025-12-12T08:00:00Z,BSV_USDT,OK,2025-12-12T07:30:00Z,2025-12-12T08:00:00Z,30,19,22.23,446.47229,20.08422357174988753936122357174988753936122357175,9af429e3d90650c1aa33b56dadbd1c159d7cb88666b594e8fdb2c44179d3e6ce
2025-12-12T08:00:00Z,BTC_USDT,OK,2025-12-12T07:30:00Z,2025-12-12T08:00:00Z,30,3024,143.945626,13302590.5145734,92413.996063856778808964990711145332057536781284344,b7de1ab6c0387494e903493ea1f04c9cd720b93ae0e443f2b4906fa39680b0b5
2025-12-12T08:00:00Z,BCH_USDT,OK,2025-12-12T07:30:00Z,2025-12-12T08:00:00Z,30,555,196.954,114102.47016,579.33563248271169917848837799689267544705870406288,5601b3bb358771aa82df9c8acae60abe7cd981737108bc0c010332aa4fb5e900
2025-12-12T08:00:00Z,LTC_USDT,OK,2025-12-12T07:30:00Z,2025-12-12T08:00:00Z,30,191,203.904,17009.18833,83.4176295217357187696170747018204645323289391086,f3b9c5304792014da9832715f5238a4d34f243e87c5e524356764a17e816e76f
2025-12-12T08:00:00Z,DOGE_USDT,OK,2025-12-12T07:30:00Z,2025-12-12T08:00:00Z,30,803,2413263.37,339375.834361,0.1406294226232754695149580793579111093871200638992,9929704d2a4bede6a811d2e49c0b4841152b2f04e540fcee95c6df7aeb197ecd
2025-12-12T08:00:00Z,ETC_USDT,OK,2025-12-12T07:30:00Z,2025-12-12T08:00:00Z,30,140,893.971,11855.8907,13.262052907756515591669080988085743273551379183441,7497e367313e3b2f38eb67cb895c75810a1302f67b8cdc6138a8c6af43e0aa9e
2025-12-13T08:00:00Z,BSV_USDT,OK,2025-12-13T07:30:00Z,2025-12-13T08:00:00Z,30,18,17.287,341.38009,19.747792560883901197431595996991959275756348701336,09d8743a2472e628ae2752950d1bfed383660cbdeb192915e2b401e4d3ea21b5
2025-12-13T08:00:00Z,BTC_USDT,OK,2025-12-13T07:30:00Z,2025-12-13T08:00:00Z,30,2448,199.978978,18069062.4205912,90354.809296961203592109566636549167683015161723649,af77fd8ade5a33c6fe1be1ec48ace71196e66a79e3b680f563e87a9bb1bc21fe
2025-12-13T08:00:00Z,BCH_USDT,OK,2025-12-13T07:30:00Z,2025-12-13T08:00:00Z,30,269,52.119,29879.15219,573.28713501793971488324795180260557570175943513882,f6829e5530794d915a36fd0916e81080a4322d111dd5590acb6cdea156375fe2
2025-12-13T08:00:00Z,LTC_USDT,OK,2025-12-13T07:30:00Z,2025-12-13T08:00:00Z,30,199,116.105,9492.93468,81.761635416218078463459799319581413375823607941088,acb54030188342e4b598e85a456dfdbfd6365cf929e396b39cf26d9f3be812d1
2025-12-13T08:00:00Z,DOGE_USDT,OK,2025-12-13T07:30:00Z,2025-12-13T08:00:00Z,30,566,1401445.67,193038.6444226,0.13774251014853825906786668369384594124151812463768,3de94d8f7618d0dc86113bfede6f8d213af0d80eabff48aba14d82a07ec49069
2025-12-13T08:00:00Z,ETC_USDT,OK,2025-12-13T07:30:00Z,2025-12-13T08:00:00Z,30,68,330.245,4341.445229,13.146134624294084694696361792002906932731759754122,c3875910f6ce9a2a19b30b6e920f796327c4dbcdc9a752a20c62070e83bc917d
2025-12-14T08:00:00Z,BSV_USDT,OK,2025-12-14T07:30:00Z,2025-12-14T08:00:00Z,30,25,24.028,470.59072,19.585097386382553687364741135342100882303978691527,0801c0e90a2f6c2c7511a37a6ab6b1c0e793cb7cece59e0b44edaebd0f3019ff
2025-12-14T08:00:00Z,BTC_USDT,OK,2025-12-14T07:30:00Z,2025-12-14T08:00:00Z,30,2151,186.45483,16814321.9804262,90179.063639307171608265658765718217114568713505571,9c696fb5d816fc0b2c8984f1d7542a1fff522ac63a579ad839f69664410fdec3
2025-12-14T08:00:00Z,BCH_USDT,OK,2025-12-14T07:30:00Z,2025-12-14T08:00:00Z,30,125,72.391,41777.94972,577.11524526529540965037090246025058363608735892583,cdb8aebae5406ddc089feefe6095d3b373d29b2c04ce5c528f50ac9e391d7581
2025-12-14T08:00:00Z,LTC_USDT,OK,2025-12-14T07:30:00Z,2025-12-14T08:00:00Z,30,157,228.69,18526.29559,81.010518999518999518999518999518999518999518999519,0622c774e9cd1affebf7085b3b1dc5e09b5bae80136943a16a1420afedb554df
2025-12-14T08:00:00Z,DOGE_USDT,OK,2025-12-14T07:30:00Z,2025-12-14T08:00:00Z,30,568,1478870.05,204417.5987888,0.13822553157310880695704128973333390584250455271577,5dd9e19d0c01c0f9b22106ecb1ef183b401b8d4e4ff098c8b825f1be6d1a8854
2025-12-14T08:00:00Z,ETC_USDT,OK,2025-12-14T07:30:00Z,2025-12-14T08:00:00Z,30,80,648.5,8490.036079,13.091805827293754818812644564379336931380107941403,efca82f5b03e3bd723504d9729252985df7c7fe62bacc773fad0c9de7e585f84
2025-12-15T08:00:00Z,BSV_USDT,OK,2025-12-15T07:30:00Z,2025-12-15T08:00:00Z,30,14,13.6,263.60365,19.382621323529411764705882352941176470588235294118,b5ba7f4680726d5fc93a8c779b17953a652d402222a1a6fa59c4c7663c70f3f0
2025-12-15T08:00:00Z,BTC_USDT,OK,2025-12-15T07:30:00Z,2025-12-15T08:00:00Z,30,3288,131.655074,11804315.8123619,89660.92573357180293712037258814650774492747617156,db071d0e7c3c876007d8bde9ae872de04ec337723ad07ba7181d163452d786dd
2025-12-15T08:00:00Z,BCH_USDT,OK,2025-12-15T07:30:00Z,2025-12-15T08:00:00Z,30,147,34.404,19478.04536,566.15641669573305429601209161725380769677944425067,76207ac88549e6064456d27a37e2fb2855cbf20be7aba133d16c8f2982d33e1b
2025-12-15T08:00:00Z,LTC_USDT,OK,2025-12-15T07:30:00Z,2025-12-15T08:00:00Z,30,168,505.999,40836.66804,80.705037045527757959995968371478995017776714973745,00ea25a2892be87019cdd79645c412533e4b850e5a32022800f7ace10830d999
2025-12-15T08:00:00Z,DOGE_USDT,OK,2025-12-15T07:30:00Z,2025-12-15T08:00:00Z,30,674,1703987.6,232088.1164137,0.13620293740030737312877159434728280886551052366813,90381de170150103a10da50a462bebf914f8ca0a19759d5a566f01be678963a4
2025-12-15T08:00:00Z,ETC_USDT,OK,2025-12-15T07:30:00Z,2025-12-15T08:00:00Z,30,200,1468.714,19171.650596,13.053358649812012413580860535134818623639456013901,838f716de0a361b09f9f2dbb9180bbac83f52aa65eb9b0ed15faf38cb6f7bfa1
2025-12-16T08:00:00Z,BSV_USDT,OK,2025-12-16T07:30:00Z,2025-12-16T08:00:00Z,30,36,180.453,3271.58287,18.129833640892642405501709586429707458451785229395,eeaa6375f4293f0eb72794b71efd1e0626ecda9e89e75211765c671429758d4f
2025-12-16T08:00:00Z,BTC_USDT,OK,2025-12-16T07:30:00Z,2025-12-16T08:00:00Z,30,5380,275.101134,23667505.571457,86032.017488728345263745804842811007823762733017306,acc45a3829e713eda4dd6f0a9c85726a91898bc625fd622c7bedd03e768c9ffa
2025-12-16T08:00:00Z,BCH_USDT,OK,2025-12-16T07:30:00Z,2025-12-16T08:00:00Z,30,146,26.454,14061.68707,531.55239547894458304982233310652453315188629318818,2ec4ff7a137bcea63343df53ba529b480ae9efc1f273e0e31fb92e3e7ad2cbaf
2025-12-16T08:00:00Z,LTC_USDT,OK,2025-12-16T07:30:00Z,2025-12-16T08:00:00Z,30,467,1192.192,92268.36348,77.393879073169422374919476057547777539188318660082,959b2b03a694bd92fff4aafee24782db30e4bab9a028c62b7e80cec11e7908e7
2025-12-16T08:00:00Z,DOGE_USDT,OK,2025-12-16T07:30:00Z,2025-12-16T08:00:00Z,30,937,3446333.41,443135.8062858,0.12858181538674750566283718904608245665935148160839,b240a5117c24aee0c7ce19499f7cf6429563ec72c5b441e6fd115dab83285673
2025-12-16T08:00:00Z,ETC_USDT,OK,2025-12-16T07:30:00Z,2025-12-16T08:00:00Z,30,228,1588.188,19275.082827,12.136524660178769767810863701274660178769767810864,1b498525c373989ffa50bbcffb318a27cce1f0d33ac5abbbc4249b889c426a16
2025-12-17T08:00:00Z,BSV_USDT,OK,2025-12-17T07:30:00Z,2025-12-17T08:00:00Z,30,30,135.203,2496.26035,18.463054444058193974985762150248145381389466210069,9711b5132de4e3be410a45d2c2bcf250e385344adb8d38093bbbd484dcae3ab0
2025-12-17T08:00:00Z,BTC_USDT,OK,2025-12-17T07:30:00Z,2025-12-17T08:00:00Z,30,5804,299.659076,26071103.5189801,87002.54925360612137774862524103891984236112374584,591dd41cfbe959ebd0f30c04e19eb7cbe085a28f0230758082a7bcdcac0b35c9
2025-12-17T08:00:00Z,BCH_USDT,OK,2025-12-17T07:30:00Z,2025-12-17T08:00:00Z,30,454,111.379,60782.98125,545.73107363147451494446888551701846847251277170741,c52188f52964cc281493566aba5086fac1cd9243b2d36c8c21d04431146db019
2025-12-17T08:00:00Z,LTC_USDT,OK,2025-12-17T07:30:00Z,2025-12-17T08:00:00Z,30,246,416.571,32909.77328,79.001594638128914398745952070595408705838860602394,3d6ce0c4538d0851bd7f2cd2ec10385c33fa711bfdc6cac0f4f8c757a6c5b217
2025-12-17T08:00:00Z,DOGE_USDT,OK,2025-12-17T07:30:00Z,2025-12-17T08:00:00Z,30,969,2802368.11,367290.0745158,0.13106417861563518862623654392070569201560033453278,f459d5f6eea0a86d1dcd421f7d52f51652d47193167eba0df7d720b129ebf27d
2025-12-17T08:00:00Z,ETC_USDT,OK,2025-12-17T07:30:00Z,2025-12-17T08:00:00Z,30,306,2327.714,29030.871416,12.471837784195137375124263547841358517412362515326,d87f7b8afe62f96d11090274f8f0f4f7ebfba56865c1c96f7dcf0b1a391909a2
2025-12-18T08:00:00Z,BSV_USDT,OK,2025-12-18T07:30:00Z,2025-12-18T08:00:00Z,30,61,151.217,2625.44246,17.362085347546902795320631939530608331073887195223,ec8ced9e4a34f93750aca43d35a5fdb3b3548a8dfd961607fcdbca07b0bcb6fd
2025-12-18T08:00:00Z,BTC_USDT,OK,2025-12-18T07:30:00Z,2025-12-18T08:00:00Z,30,8857,118.516074,10285777.6934617,86788.039346137132419691863907000496827122369915831,576a65a71f83f65ef7452e974f26dba74d0c093907bf09766950c858ec4435f0
2025-12-18T08:00:00Z,BCH_USDT,OK,2025-12-18T07:30:00Z,2025-12-18T08:00:00Z,30,110,81.967,43517.99105,530.92087120426513108934083228616394402625446826162,a2cdace14b695528d885113421563a6ba18068140630263bed683680ecb41956
2025-12-18T08:00:00Z,LTC_USDT,OK,2025-12-18T07:30:00Z,2025-12-18T08:00:00Z,30,122,596.815,44941.25519,75.301819139934485560852190377252582458550807201562,55889c58637df9a673d41edaa0c0d3a8619f1b8bee6d4503e1340a65d9c530cf
2025-12-18T08:00:00Z,DOGE_USDT,OK,2025-12-18T07:30:00Z,2025-12-18T08:00:00Z,30,1000,3345534.83,417238.8642842,0.12471514585433265389139589379196509515938891002369,b97a505339c698119639e5fda192c97009c30ed63b8291cad607754de30fafd6
2025-12-18T08:00:00Z,ETC_USDT,OK,2025-12-18T07:30:00Z,2025-12-18T08:00:00Z,30,129,830.944,9965.559768,11.993058218123002272114607001193822929102322178149,203107c2d0c8c30be6301637caa38692cd4d27a6a21582e1ab13b74f296e3b40
2025-12-19T08:00:00Z,BSV_USDT,OK,2025-12-19T07:30:00Z,2025-12-19T08:00:00Z,30,40,112.213,1994.725,17.776238047285073921916355502481887125377630042865,0b5daf13cabd9182c91f81292ba1aeb7387623d33720a66f4a8491bb24347536
2025-12-19T08:00:00Z,BTC_USDT,OK,2025-12-19T07:30:00Z,2025-12-19T08:00:00Z,30,3937,161.929741,14228738.807993,87869.829965287229107591791924128378615760275933499,181a93de7cb827fdedf5aec42595294025856a23b1a9ef06d426ce0eb7916025
2025-12-19T08:00:00Z,BCH_USDT,OK,2025-12-19T07:30:00Z,2025-12-19T08:00:00Z,30,396,250.358,146794.35727,586.33779335990861086923525511467578427691545706548,afd20a6646bb60503f1885a7b20efbe1ab0096ffa91e31b8e18ecd0b0a20c985
2025-12-19T08:00:00Z,LTC_USDT,OK,2025-12-19T07:30:00Z,2025-12-19T08:00:00Z,30,159,482.507,36575.41625,75.802871771808491897526875257768281081932490098589,26fac7c2283b7428aae8e1fc3e59dbc6a2fa29f64f337173c577bc684f77991f
2025-12-19T08:00:00Z,DOGE_USDT,OK,2025-12-19T07:30:00Z,2025-12-19T08:00:00Z,30,1635,5589564.13,714522.3866055,0.1278315034924735714589609691086950638492808561801,f27a455cbb3f15d20adc0cc59ab9093014ad5b0faff2c174a6b90f6f27a9c1e7
2025-12-19T08:00:00Z,ETC_USDT,OK,2025-12-19T07:30:00Z,2025-12-19T08:00:00Z,30,187,1932.716,23243.597716,12.026390693718063078072515568764370968109127259256,22b03d2e0783c53c34879da6b5e204b644bf4c77c63f6dfdbd58c79e5952db0f
2025-12-20T08:00:00Z,BSV_USDT,OK,2025-12-20T07:30:00Z,2025-12-20T08:00:00Z,30,86,650.095,12164.83701,18.712398972457871541851575538959690506772087156493,36e0679bfbca06912c8443e8e74839cc640e94c9bf04eebf4246354f1f6831f3
2025-12-20T08:00:00Z,BTC_USDT,OK,2025-12-20T07:30:00Z,2025-12-20T08:00:00Z,30,2209,77.541238,6840667.7496692,88219.738633386276344981750226892173168553228412474,fa53a0537703e85427b70a4edcd486be70845fb87c8d9dfa6a3350bf325c239c
2025-12-20T08:00:00Z,BCH_USDT,OK,2025-12-20T07:30:00Z,2025-12-20T08:00:00Z,30,667,383.896,229099.93427,596.77603900535561714631045908266822264363265050951,af6b72687ac2ff4c6d487f8d9920f127d1a766a82ebc5b439144ac410767069b
2025-12-20T08:00:00Z,LTC_USDT,OK,2025-12-20T07:30:00Z,2025-12-20T08:00:00Z,30,149,466.483,35931.78633,77.027000619529543413157607029623801939191781908451,0f66fd04993658c24761b7088519f8db6e83ee149a9664ee65dcde8ae42c4b7e
2025-12-20T08:00:00Z,DOGE_USDT,OK,2025-12-20T07:30:00Z,2025-12-20T08:00:00Z,30,808,2850506.82,374829.1546463,0.13149561755698588365419171317751837548664416105484,a45f7e8696b0b9a6448927b0f32281ae67675dedf206e0fe7fed7ac3e3c979b9
2025-12-20T08:00:00Z,ETC_USDT,OK,2025-12-20T07:30:00Z,2025-12-20T08:00:00Z,30,210,1747.119,21795.916437,12.475347378741802933858540832078410228496169980408,9d1bfff61619cd1d35b086a3674c107eabeb3ed71314166caa113eb09140d708
2025-12-21T08:00:00Z,BSV_USDT,OK,2025-12-21T07:30:00Z,2025-12-21T08:00:00Z,30,36,279.929,5233.87228,18.697142061022616449171039799377699345191102029443,18c375b79d73ab68c03ecdc1d951844f2a453fc0b2e76789c1728acd40d7c1bd
2025-12-21T08:00:00Z,BTC_USDT,OK,2025-12-21T07:30:00Z,2025-12-21T08:00:00Z,30,1104,46.65525979,4110751.732610256,88109.073898916467698871643127978389936642982735388,a4f090446a89753fd8f2b99aba1be6329531181501e0fda1f429327b21f30806
2025-12-21T08:00:00Z,BCH_USDT,OK,2025-12-21T07:30:00Z,2025-12-21T08:00:00Z,30,550,493.061,290681.00168,589.54369069952805028181097267883689847706470396158,175bb42bb30ea714d261076096c663e5bc34788aac20c1e3eb54a75dd7141602
2025-12-21T08:00:00Z,LTC_USDT,OK,2025-12-21T07:30:00Z,2025-12-21T08:00:00Z,30,87,141.098,10877.85687,77.094337765241179889155055351599597442912018597004,9adf51d5c95686ec011de8210ef146b8cdac4878c4bf365847ef7ef9530d6875
2025-12-21T08:00:00Z,DOGE_USDT,OK,2025-12-21T07:30:00Z,2025-12-21T08:00:00Z,30,973,1270776.71,166929.5170815,0.13136022699180566505660935507702214655791102750065,0bdb9a726c8027e6d6bc3c88eff770a66efd1aa951ca7e464117f1be159675e8
2025-12-21T08:00:00Z,ETC_USDT,OK,2025-12-21T07:30:00Z,2025-12-21T08:00:00Z,30,64,998.997,12273.886614,12.286209682311358292367244346079117354706770891204,f6b0d7221ea62bd1999d29489747f2a51c08b8bb06060bc881153ac2c9febb8b
2025-12-22T08:00:00Z,BSV_USDT,OK,2025-12-22T07:30:00Z,2025-12-22T08:00:00Z,30,18,12.102,223.85906,18.497691290695752768137497934225747810279292678896,b05695deec7db81b0ed76840f030b67dfa1cdf542e2870d55495d2f242fff93d
2025-12-22T08:00:00Z,BTC_USDT,OK,2025-12-22T07:30:00Z,2025-12-22T08:00:00Z,30,4241,163.724113,14588977.4045709,89107.078592454490805517449955584734180236481110147,dd308ab3da158d4bdf4eb3eb83aed0eaa0d1215ad6b359a7965104016c7e2d01
2025-12-22T08:00:00Z,BCH_USDT,OK,2025-12-22T07:30:00Z,2025-12-22T08:00:00Z,30,189,60.735,35136.62357,578.52348020087264345105787437227298921544414258665,df45e9bd581522d0f0450c962427fd2198c4056431988c0c8bcfaeea75e64bc3
2025-12-22T08:00:00Z,LTC_USDT,OK,2025-12-22T07:30:00Z,2025-12-22T08:00:00Z,30,191,254.495,19796.72495,77.788266763590640287628440637340615729189178569324,82631db228df7f161e760f9cd45096a4ee4aff3a12f3bb8edc8fe4c15eb5e0b2
2025-12-22T08:00:00Z,DOGE_USDT,OK,2025-12-22T07:30:00Z,2025-12-22T08:00:00Z,30,666,2075243.26,274108.3544642,0.13208492698065671587821468216694750281950078469355,29de026f600bd9cecf68c795ebb73353df2ab41aef7390f8b263c330803040c3
2025-12-22T08:00:00Z,ETC_USDT,OK,2025-12-22T07:30:00Z,2025-12-22T08:00:00Z,30,195,3925.837,48594.809748,12.378203615687559111598367430945299053424785593493,1e61ba797b353d4b436fec6b69c5658e5d610fe73909c6e6a390ce797a940c84
2025-12-23T08:00:00Z,BSV_USDT,OK,2025-12-23T07:30:00Z,2025-12-23T08:00:00Z,30,265,1101.428,21006.8496,19.072376587484610886957658603195124874254150067004,f8912474c4dad7d91d8c34f07ce75db8a64f9eb3972e359d38249f66f8f6b490
2025-12-23T08:00:00Z,BTC_USDT,OK,2025-12-23T07:30:00Z,2025-12-23T08:00:00Z,30,6967,268.613564,23528562.348148,87592.60700680029695000807926438145171254270689026,928b8e7d974fa6f3fba6a840e283b6af9f7f8d1b45c330f4e47fa1cd432a28ee
2025-12-23T08:00:00Z,BCH_USDT,OK,2025-12-23T07:30:00Z,2025-12-23T08:00:00Z,30,198,79.076,46009.85877,581.84352736607820324750872578279123880823511558501,8e52ae5bcc5cfed109ee164839fa02d3153f4a4c5a826a0cd1a882d99db28fd1
2025-12-23T08:00:00Z,LTC_USDT,OK,2025-12-23T07:30:00Z,2025-12-23T08:00:00Z,30,156,523.749,40234.05847,76.819351387783079299435416583134287607231708318298,df1ea48d6cf000d58f4da17c40ba282c983b0a867b69134bbfd82154e14514c7
2025-12-23T08:00:00Z,DOGE_USDT,OK,2025-12-23T07:30:00Z,2025-12-23T08:00:00Z,30,1279,4665621.52,608780.4503777,0.13048217644059992247292275006481880253330107239389,1e211cb7b472629d003362dc2c914c8981715cd7dee52dff3a511d02b35e4244
2025-12-23T08:00:00Z,ETC_USDT,OK,2025-12-23T07:30:00Z,2025-12-23T08:00:00Z,30,75,643.401,7794.394072,12.11436424873445953612133024350288544780005004655,088778b054266de09476e2c86a248cfe1037f5d6fab8437d53d8c3fc7da9af66
2025-12-24T08:00:00Z,BSV_USDT,OK,2025-12-24T07:30:00Z,2025-12-24T08:00:00Z,30,87,177.499,3284.2668,18.503015791638262750776060710201184232023842387844,8750fd6101a7d2ebd0618e229977b20f86edb31e9662f1b479a81649c64b0c7d
2025-12-24T08:00:00Z,BTC_USDT,OK,2025-12-24T07:30:00Z,2025-12-24T08:00:00Z,30,4798,288.759813,25149941.3052261,87096.403907236565498122136545364780382372667626018,7fcf59ee7b20b36c94ebdbebc1fd2f943636be973e6ef36290f21b23b78db279
2025-12-24T08:00:00Z,BCH_USDT,OK,2025-12-24T07:30:00Z,2025-12-24T08:00:00Z,30,149,88.831,50968.50366,573.76933345341153426168792426067476444034177257939,3d3b9753e13081dfcddd6c73192065fdaf3237070f7dd070322c50b72d611e66
2025-12-24T08:00:00Z,LTC_USDT,OK,2025-12-24T07:30:00Z,2025-12-24T08:00:00Z,30,164,840.704,63828.82685,75.923067869309531059683313032886723507917174177832,632aea5176cc9215e867e8aa9c214fb03021f910629ae2df1e50b5afa2352dbe
2025-12-24T08:00:00Z,DOGE_USDT,OK,2025-12-24T07:30:00Z,2025-12-24T08:00:00Z,30,1177,6370868.4,811903.9443294,0.12744007462615300607998746293362455893767951634349,7366e232bb6e0f13b3d612f3600275ab25ea4c3dfef6f11225199892226e54e5
2025-12-24T08:00:00Z,ETC_USDT,OK,2025-12-24T07:30:00Z,2025-12-24T08:00:00Z,30,74,1500.992,17837.444519,11.883770545745746812774485140493753464375559629898,51d28d08ba71bd8b1b12e93fe08ed76b0a8e0d8da5f65bc59c77b20bb2905827
2025-12-25T08:00:00Z,BSV_USDT,OK,2025-12-25T07:30:00Z,2025-12-25T08:00:00Z,30,65,110.124,2069.00015,18.787913170607678616831934909738113399440630561912,0c46b0f0632d7e38f6968e0dd4e35dd264bbcbfd386a3dcf7a55f6e219a1a7ce
2025-12-25T08:00:00Z,BTC_USDT,OK,2025-12-25T07:30:00Z,2025-12-25T08:00:00Z,30,2137,136.968775,12025969.5082465,87800.810865443602018051194514954229531511835453007,8a9a4c64064d31e1d7c84f10d1859119dbe4407c12d7fceee7d8ed6524c53507
2025-12-25T08:00:00Z,BCH_USDT,OK,2025-12-25T07:30:00Z,2025-12-25T08:00:00Z,30,121,27.615,15859.94271,574.32347311243889190657251493753394894079304725693,4fbbd6a57ab3fe95673b90fe9cb7074d1ebae30ae4e3b2b33263708a74d6d813
2025-12-25T08:00:00Z,LTC_USDT,OK,2025-12-25T07:30:00Z,2025-12-25T08:00:00Z,30,178,652.831,50122.51583,76.777168715946393477025447627333873544608022596966,1d29b0dcd332fe0c5ba3d5767bb6909851d2c8fbebc88c3969008e453077061a
2025-12-25T08:00:00Z,DOGE_USDT,OK,2025-12-25T07:30:00Z,2025-12-25T08:00:00Z,30,733,2223503.87,284275.6381194,0.12785030057959827162342649756665366181710311122598,0051ad449ac815bd487231467295ef3268e20d532c9d1e71208b89623c912f91
2025-12-25T08:00:00Z,ETC_USDT,OK,2025-12-25T07:30:00Z,2025-12-25T08:00:00Z,30,22,386.343,4656.788982,12.053509399678524005870431197148647704242085400797,5ef388fc1029d63c636f9b61ca270f877120d3ae142e38f5dfa4e73cae065aaa
2025-12-26T08:00:00Z,BSV_USDT,OK,2025-12-26T07:30:00Z,2025-12-26T08:00:00Z,30,96,180.841,3327.10256,18.397943829109549272565402757118131397194220337202,9775ce932c5adca36e2cc2b4d4ffaa7fa155658a1a2f9fb0e319b4381daa30c7
2025-12-26T08:00:00Z,BTC_USDT,OK,2025-12-26T07:30:00Z,2025-12-26T08:00:00Z,30,10547,507.669503,45068277.4780547,88774.837195715299841440347461643761571393820755075,c100cfb7e44477a75a599a257317e98a16ade442a9790cb32d0f9bc38519a628
2025-12-26T08:00:00Z,BCH_USDT,OK,2025-12-26T07:30:00Z,2025-12-26T08:00:00Z,30,940,733.16,440595.12115,600.95357241257024387582519504610180588139014676196,56a8ef6b9508f3c7f62111481d2f904ff635a7d872c99b5313d20f99e2975225
2025-12-26T08:00:00Z,LTC_USDT,OK,2025-12-26T07:30:00Z,2025-12-26T08:00:00Z,30,268,495.915,38402.34813,77.437359487008862405855842231027494631136384259399,8a5b8f4014b79f61fa100989372f46b194053c10a0f2bb480b46d976b6d5bf61
2025-12-26T08:00:00Z,DOGE_USDT,OK,2025-12-26T07:30:00Z,2025-12-26T08:00:00Z,30,1447,6758521.56,850486.708411,0.12583916480263473480729711543599781014828929538844,9da142662678c29c49f08afad76ac38d261f0b447c95384fdb6fd9880eac8be1
2025-12-26T08:00:00Z,ETC_USDT,OK,2025-12-26T07:30:00Z,2025-12-26T08:00:00Z,30,308,4005.869,47316.63778,11.811828539575308129147508318419798550576666386245,7cb14d024bdbc36d2eb91336f06c252814a379003ffcc2580ddb9100182b0217
2025-12-27T08:00:00Z,BSV_USDT,OK,2025-12-27T07:30:00Z,2025-12-27T08:00:00Z,30,146,281.892,5133.76319,18.211808742355228243440750358293247059157407801569,772fd07ac841663f960caca8350646d756cb4445c12a3fb916711f6cb8e5fd5c
2025-12-27T08:00:00Z,BTC_USDT,OK,2025-12-27T07:30:00Z,2025-12-27T08:00:00Z,30,2127,156.332925,13687797.6779633,87555.437717059921958218334365585496465315927530941,f8ed73e28423233fb5e05c70743fd298f162598c24e922c22955d5d5506d2f6d
2025-12-27T08:00:00Z,BCH_USDT,OK,2025-12-27T07:30:00Z,2025-12-27T08:00:00Z,30,216,71.996,43264.39945,600.9278216845380298905494749708317128729373854103,bdb9d246f45b12b8afbf083d9de7bdd6b9bc915c5c8d47929d7f865145001939
2025-12-27T08:00:00Z,LTC_USDT,OK,2025-12-27T07:30:00Z,2025-12-27T08:00:00Z,30,85,147.081,11352.6835,77.186608059504626702293294171238977162243933614811,e505f0c8114bd1b7cd8d13c9f7e0e464df8bd9fdc783eb68f96c56f98bf7319a
2025-12-27T08:00:00Z,DOGE_USDT,OK,2025-12-27T07:30:00Z,2025-12-27T08:00:00Z,30,602,2537926.19,311789.8746944,0.12285222317454393738692613436484533854784799710822,01b7a706ace4e2b27f78216de1176fece42b7768a190ccaab945da8dfc44173f
2025-12-27T08:00:00Z,ETC_USDT,OK,2025-12-27T07:30:00Z,2025-12-27T08:00:00Z,30,21,173.854,2038.302967,11.724222433766263646507989462422492436182083817456,79e3fa54fdbaf1857e698e561c2c3095f6493de93491b5a7c672f36bdce4c161
2025-12-28T08:00:00Z,BSV_USDT,OK,2025-12-28T07:30:00Z,2025-12-28T08:00:00Z,30,37,58.045,1068.67737,18.411187354638642432595400120596089241106038418468,ff7cc5c6a04b6df6eba0e35a3b458ddb2e3cd336375b180099e1ec38e47f69ce
2025-12-28T08:00:00Z,BTC_USDT,OK,2025-12-28T07:30:00Z,2025-12-28T08:00:00Z,30,1164,55.133083,4835004.1291442,87696.966432009615714760591204377233901467110047156,70f2ea74a5ef2f97570b4be9eea71d83c9e23688e8de0698474465a74dbc1ef7
2025-12-28T08:00:00Z,BCH_USDT,OK,2025-12-28T07:30:00Z,2025-12-28T08:00:00Z,30,98,57.105,35460.02839,620.96188407319849400227650818667367130724104719377,f19ebd8012edf022d268cebc74808ae95273940af336c68cc6db66647c6231c4
2025-12-28T08:00:00Z,LTC_USDT,OK,2025-12-28T07:30:00Z,2025-12-28T08:00:00Z,30,94,248.521,19824.45891,79.769753501716152759726542223795976999931595317901,3a527d9de64f81ce3f086b608efd49c7a57ab4149f20412c4b87152bcac5b174
2025-12-28T08:00:00Z,DOGE_USDT,OK,2025-12-28T07:30:00Z,2025-12-28T08:00:00Z,30,586,1599952.84,198662.4103682,0.12416766632208984359814005517812637527491122800845,1ba420461a23256063e4636582eeecaa6e001edae52ecd877ece3f3e681ad7a5
2025-12-28T08:00:00Z,ETC_USDT,OK,2025-12-28T07:30:00Z,2025-12-28T08:00:00Z,30,56,1241.558,15195.951239,12.239421145850616725114734873441272981205871976984,8c4f9ac15c0f758701d6bbdde6c03125867394ba5792edbf23e97345024e38cc
2025-12-29T08:00:00Z,BSV_USDT,OK,2025-12-29T07:30:00Z,2025-12-29T08:00:00Z,30,97,198.475,3577.59344,18.025410958559012470084393500440861569467187303187,f1d5896f35460cd70d310eee301a65e362220d61cbb08874f76471e428a5f5b9
2025-12-29T08:00:00Z,BTC_USDT,OK,2025-12-29T07:30:00Z,2025-12-29T08:00:00Z,30,4696,302.075213,27071046.6856081,89616.908374432231220507324445716769220651017135921,2f44f8703b1699a850da95a86cc9ce00804caaf5d51b5f7b1b963d78ac8715ff
2025-12-29T08:00:00Z,BCH_USDT,OK,2025-12-29T07:30:00Z,2025-12-29T08:00:00Z,30,492,174.299,107629.99543,617.50208222651879815718965685402670124326588219095,a9f209fdeabd620cc40079895c4dc2adef7f0657612f48408a81c186fce56bd8
2025-12-29T08:00:00Z,LTC_USDT,OK,2025-12-29T07:30:00Z,2025-12-29T08:00:00Z,30,354,963.1,76127.79527,79.044538749870210777697020039455923580105908005399,207f4d0a58ab1ab385dc19d40c2dde7b5fe71a2a923c6c0ceafe2e4c200db01d
2025-12-29T08:00:00Z,DOGE_USDT,OK,2025-12-29T07:30:00Z,2025-12-29T08:00:00Z,30,1017,4197548.77,532960.4168823,0.12696944004352807078879991190668167031207596904228,6c674a3300547f553a88bf38ec526816e5314aaf2fa40bcde98e3767364b0a6a
2025-12-29T08:00:00Z,ETC_USDT,OK,2025-12-29T07:30:00Z,2025-12-29T08:00:00Z,30,99,1631.804,20165.982176,12.358090907976693279339920725773438476679797328601,8a4f1719e4143c3fbc035d378cdc4ec0cda51558151b8bfcd16fda75c31e065d
2025-12-30T08:00:00Z,BSV_USDT,OK,2025-12-30T07:30:00Z,2025-12-30T08:00:00Z,30,90,200.632,3541.7022,17.652728378324494597073248534630567406993899278281,4fab39f94336351f1a1387fdfd58ed386c17525e8d62794c62de7e8e2591f33e
2025-12-30T08:00:00Z,BTC_USDT,OK,2025-12-30T07:30:00Z,2025-12-30T08:00:00Z,30,2447,177.549426,15533204.8694943,87486.65213648339251741653053837526909267507291181,28f9a594e7a2f9381108fe39e79654789c4ff5fcd05f48b29ef400180b818988
2025-12-30T08:00:00Z,BCH_USDT,OK,2025-12-30T07:30:00Z,2025-12-30T08:00:00Z,30,185,42.32,25279.78051,597.3483107277882797731568998109640831758034026465,d83c1f5da74bf2331c0945893e4f8147f3f282b38338c85c9948fb4afa03d60c
2025-12-30T08:00:00Z,LTC_USDT,OK,2025-12-30T07:30:00Z,2025-12-30T08:00:00Z,30,84,128.141,10024.11624,78.227235935414894530244028062837031082947690434755,db8f73c6d936784ea57b12985d088d9aeb91949f1a3fd6dedc7eadf239a98516
2025-12-30T08:00:00Z,DOGE_USDT,OK,2025-12-30T07:30:00Z,2025-12-30T08:00:00Z,30,775,4229111,523187.2233784,0.12371092255048401425264080323264156462197374341794,fda6ae8f43e015a0bb654c97b0096152d224558c8128e4f11db963f625ac8e43
2025-12-30T08:00:00Z,ETC_USDT,OK,2025-12-30T07:30:00Z,2025-12-30T08:00:00Z,30,114,2953.183,35153.483494,11.903591309444758418289689463876772959887687285211,58b2d8210a5bdc4e4cf92e9c74d9298bfb5542312e94c8f23210e30356aca6f0
2025-12-31T08:00:00Z,BSV_USDT,OK,2025-12-31T07:30:00Z,2025-12-31T08:00:00Z,30,114,709.13,12513.22949,17.645889315076220157093903797611157333634171449523,a32d78ec31abf68f086688cac4784741536024b9775c836d6e6dd178f704aeec
2025-12-31T08:00:00Z,BTC_USDT,OK,2025-12-31T07:30:00Z,2025-12-31T08:00:00Z,30,2674,174.736943,15480257.5760123,88591.784371621403494508885851345127401021316940402,83d0c8c2f029a6903edfe1311657a961202a9ec06439fdc51c4c5cb5f9a0dcde
2025-12-31T08:00:00Z,BCH_USDT,OK,2025-12-31T07:30:00Z,2025-12-31T08:00:00Z,30,121,28.092,16870.31836,600.53817314537946746404670368788267122312402107362,d043a81f9190b0564efa87dedef6f0c5c596185663dcf631f369a63f9149402d
2025-12-31T08:00:00Z,LTC_USDT,OK,2025-12-31T07:30:00Z,2025-12-31T08:00:00Z,30,57,155.505,12162.85485,78.215201118935082473232371949455001446898813542973,6f5ec700178c44330b154699bff39dab11c5853b2d463bacf345ed43a3fa3790
2025-12-31T08:00:00Z,DOGE_USDT,OK,2025-12-31T07:30:00Z,2025-12-31T08:00:00Z,30,696,2304276.87,283960.2718216,0.12323183707589791499317527758719376461041333110287,eb2ac016ec98cc5b6a39f03d58a5ae746122441d583e0eca6729c336beade206
2025-12-31T08:00:00Z,ETC_USDT,OK,2025-12-31T07:30:00Z,2025-12-31T08:00:00Z,30,113,438.757,5196.782645,11.844329879637247952739215556674879261185576526414,0be9e2172baf0f7eaee7737f142899d41772d5b5c810ccaa34b8bd6de286c7d5
2026-01-01T08:00:00Z,BSV_USDT,OK,2026-01-01T07:30:00Z,2026-01-01T08:00:00Z,30,57,88.537,1556.92754,17.585049640263392705874380202627150230976879722602,6a04326b197e6d6d7f241b119d8b9a6e06785d71f4d09fa435b4f685387fca5a
2026-01-01T08:00:00Z,BTC_USDT,OK,2026-01-01T07:30:00Z,2026-01-01T08:00:00Z,30,1574,75.14085,6585124.0099756,87637.071046915226537895166211188720915454110513788,9cfdb51c849f63df246c4e37303dedc23e10c09024bc6390f5bdb41da494d0d7
2026-01-01T08:00:00Z,BCH_USDT,OK,2026-01-01T07:30:00Z,2026-01-01T08:00:00Z,30,56,12.359,7362.049,595.68322679828465086172020389999190873047981228255,40903947feef6c3336305428ab07b33522dc7aa269f06945c3ca93c4813d326a
2026-01-01T08:00:00Z,LTC_USDT,OK,2026-01-01T07:30:00Z,2026-01-01T08:00:00Z,30,59,56.82,4385.10849,77.175439809926082365364308342133051742344244984161,a136cba4834cbfe535c61b3158cbe1dd0a2d2c932ce04318cf76c0b0481cf660
2026-01-01T08:00:00Z,DOGE_USDT,OK,2026-01-01T07:30:00Z,2026-01-01T08:00:00Z,30,653,3364653.14,398876.1905997,0.11854897785978022091156772254984952178458430933537,b823a0976e2797880447c0bfc87471ba1545bdae62363d1bb4ab73f513ffb182
2026-01-01T08:00:00Z,ETC_USDT,OK,2026-01-01T07:30:00Z,2026-01-01T08:00:00Z,30,375,8691.354,100588.120687,11.573354472387156247461557773391809837684669155117,076eca4178372e9e034142de1b8e506a06e150c4f48ef7e90d3704d867efc240
2026-01-02T08:00:00Z,BSV_USDT,OK,2026-01-02T07:30:00Z,2026-01-02T08:00:00Z,30,65,224.3,3962.72169,17.667060588497547926883637984841729826125724476148,687dd5f3dc5352e4c3ae2bd918ac2f34d964503a306088b9292e507ac4ae0745
2026-01-02T08:00:00Z,BTC_USDT,OK,2026-01-02T07:30:00Z,2026-01-02T08:00:00Z,30,3102,112.307357,9981663.2851466,88878.089127737197127700191537763639117604735369206,97d92bf8f28cb0798df3e2c4c2919d41209cb150b36082e0f53a69acd10fb435
2026-01-02T08:00:00Z,BCH_USDT,OK,2026-01-02T07:30:00Z,2026-01-02T08:00:00Z,30,635,290.482,172752.53842,594.70995937786162309540694432012999084280609469778,063827f55e47f44ae3f775a99b2c72d8fe7d40a29c0b0d41244f46a403ce19dc
2026-01-02T08:00:00Z,LTC_USDT,OK,2026-01-02T07:30:00Z,2026-01-02T08:00:00Z,30,142,547.489,43431.70443,79.328907850203383081669220751467152764713080993408,0d150960de3cf72c61706977f2171cf904960b6fffb8951099c20beee5be2a25
2026-01-02T08:00:00Z,DOGE_USDT,OK,2026-01-02T07:30:00Z,2026-01-02T08:00:00Z,30,1061,7417135.21,948534.9668046,0.12788427606466675157186463100758277804133491049033,dc9e65202db4b2b4c3e1fc545ff221c2eb85c8342c1547e400acdedac085e066
2026-01-02T08:00:00Z,ETC_USDT,OK,2026-01-02T07:30:00Z,2026-01-02T08:00:00Z,30,147,1986.111,23851.409495,12.009101956033675862023824448885283853722173634807,1dbe4c792a7b9ad531a03a222f1e16053f8f3781c73b81ed4c9f3620a42b8cb3
2026-01-03T08:00:00Z,BSV_USDT,OK,2026-01-03T07:30:00Z,2026-01-03T08:00:00Z,30,116,289.895,5259.01607,18.141106504079063109056727435795719139688507908036,f8b80b679d4eb9caa95255fc5086270beb49b526e766b231af1da4fd36a861bb
2026-01-03T08:00:00Z,BTC_USDT,OK,2026-01-03T07:30:00Z,2026-01-03T08:00:00Z,30,7003,340.233199,30454707.740165,89511.275882765926084714619516010252720811057594647,042cf1f857fe4105a6dadc87edc0db9f9bc435efb3eeac7d50bab8d7f2a38aef
2026-01-03T08:00:00Z,BCH_USDT,OK,2026-01-03T07:30:00Z,2026-01-03T08:00:00Z,30,474,378.668,238014.69423,628.55771871401861261051897704585547233988612716152,1a31823f0f44fb55ca3b9186416dd21d347993b74f8efe6ff356622092422592
2026-01-03T08:00:00Z,LTC_USDT,OK,2026-01-03T07:30:00Z,2026-01-03T08:00:00Z,30,282,826.292,67253.03401,81.391365292172742807627327869566690709821709516733,a0b3f21646301caa49cc7581c742c9d2ea46ee05b4d5c98313406368b6f80db6
2026-01-03T08:00:00Z,DOGE_USDT,OK,2026-01-03T07:30:00Z,2026-01-03T08:00:00Z,30,1937,8910102.74,1247118.0593161,0.13996674288809603557949546157533981476851073885597,af7791dc5584591bb323c4289678c078513e30a73172ccd638303ba6f3a207b5
2026-01-03T08:00:00Z,ETC_USDT,OK,2026-01-03T07:30:00Z,2026-01-03T08:00:00Z,30,282,8379.935,103275.092589,12.324092321599153215388902181222169384368733170365,f37cd516d43d6301cce025b47f77e2ab752bd2b400726a53c5a3b0ab94988209
2026-01-04T08:00:00Z,BSV_USDT,OK,2026-01-04T07:30:00Z,2026-01-04T08:00:00Z,30,121,297.256,5552.74702,18.680016618672121000080738488037247355814516780149,f1b48d5c9ab3cd949ca8b163bedca5ed6ed3fc5bc9ba55f020c9e70d7426b9cf
2026-01-04T08:00:00Z,BTC_USDT,OK,2026-01-04T07:30:00Z,2026-01-04T08:00:00Z,30,4709,153.412316,14028275.3632252,91441.650377178322501825733469795215137746828618375,09c4f2c13f9c274a9b2092e1258d9b4778651c704baa5c814475ab823cba065f
2026-01-04T08:00:00Z,BCH_USDT,OK,2026-01-04T07:30:00Z,2026-01-04T08:00:00Z,30,228,56.933,36540.04616,641.80784711854284861152582860555389668557778441326,4cdb63822960377c7915a757d485bcb365b186ff3e25bd8251a57ed1a307b96e
2026-01-04T08:00:00Z,LTC_USDT,OK,2026-01-04T07:30:00Z,2026-01-04T08:00:00Z,30,169,1038.925,85522.33994,82.318107601607430757754409606083211011381957311644,a7ec8ee11df744d76000637387c9f3348ff26281cfc75b6655eb36b900ffc0f8
2026-01-04T08:00:00Z,DOGE_USDT,OK,2026-01-04T07:30:00Z,2026-01-04T08:00:00Z,30,1565,5709966.09,865480.1959378,0.15157361397531521942891258045982546281636499175777,8a19b9077eb365951584c4a4c4220287484447a9d8a445c2f22a27b0fb95f0ac
2026-01-04T08:00:00Z,ETC_USDT,OK,2026-01-04T07:30:00Z,2026-01-04T08:00:00Z,30,172,2119.851,27065.78969,12.767779287317835074257577537289177399732339678591,b48e6e372420b57fa7103b20fbf79e5af441ddbb5345296bfa619420fba7b68c
2026-01-05T08:00:00Z,BSV_USDT,OK,2026-01-05T07:30:00Z,2026-01-05T08:00:00Z,30,643,2721.058,58313.24277,21.43035641651151868133645074820161863510443364309,983a2bdb6f83c845d6ae6b5c32e850bd198967af0dc6938dbf3b4d94d471e205
2026-01-05T08:00:00Z,BTC_USDT,OK,2026-01-05T07:30:00Z,2026-01-05T08:00:00Z,30,2473,126.191673,11678604.5324963,92546.554418818902575291160455571422688088143502147,3f94d3eecfbea31435488d654daea2b8a626b439061c5f5b20d2731929e4a361
2026-01-05T08:00:00Z,BCH_USDT,OK,2026-01-05T07:30:00Z,2026-01-05T08:00:00Z,30,407,241.893,159938.85929,661.19672454349650465288371304667766326433588404791,d42ddbf6ae33ddfb36b448118e786a24a526faadefe66d76a51a34524f3a43dc
2026-01-05T08:00:00Z,LTC_USDT,OK,2026-01-05T07:30:00Z,2026-01-05T08:00:00Z,30,85,288.65,23790.7497,82.420750736185692014550493677464056816213407240603,e07484959248fa518d6d864abfe68dec0b2d61f05f40767b51e27764e8fd4c0b
2026-01-05T08:00:00Z,DOGE_USDT,OK,2026-01-05T07:30:00Z,2026-01-05T08:00:00Z,30,1114,2670323.93,401027.6310381,0.15017939454188241499225152058611855378909029961769,6e9d67d2434354db5df132d9686776a359b674874396189f9d43e8488bf27804
2026-01-05T08:00:00Z,ETC_USDT,OK,2026-01-05T07:30:00Z,2026-01-05T08:00:00Z,30,62,576.682,7504.421948,13.013102451611113230515257975799487412473425562095,36bc5f06c0d3c4f722c529ddc17c5a5e1c7b0d550c380fe710ec8b2340040171
2026-01-06T08:00:00Z,BSV_USDT,OK,2026-01-06T07:30:00Z,2026-01-06T08:00:00Z,30,660,4302.077,88437.6868,20.556974410267412693915055448798336245492584163417,d7cc0ce274bd3afa3ff72bed67b4c0745c359441ecbac16ed7fbd6956553577e
2026-01-06T08:00:00Z,BTC_USDT,OK,2026-01-06T07:30:00Z,2026-01-06T08:00:00Z,30,9691,391.895545,36560043.0714045,93290.27476289504643386543217785239176423911631861,922260e9b6bf4af9e2aa864bb446236d7ecfc2aeb712a4eecfcb9ee4db761c9b
2026-01-06T08:00:00Z,BCH_USDT,OK,2026-01-06T07:30:00Z,2026-01-06T08:00:00Z,30,320,212.659,137028.06762,644.35583549250208079601615732228591312852971188617,0acb928a2e841a52acfe49839fd5eaa69ac67d6c5c2f01db59a2fb4fb6279264
2026-01-06T08:00:00Z,LTC_USDT,OK,2026-01-06T07:30:00Z,2026-01-06T08:00:00Z,30,234,957.543,79469.86604,82.993522003711582665217123408557109184652804103837,28dcad81fcd6251965b98b05e0964d94732e55e0000f085ce25204d17adbea38
2026-01-06T08:00:00Z,DOGE_USDT,OK,2026-01-06T07:30:00Z,2026-01-06T08:00:00Z,30,1590,4296200.25,642966.1644135,0.14965926330214705424869336572474711810744855293931,9bb9ce184077fa780eead6fefc54603ef87484fc4225047aace2db195475e158
2026-01-06T08:00:00Z,ETC_USDT,OK,2026-01-06T07:30:00Z,2026-01-06T08:00:00Z,30,376,8203.368,107653.508614,13.123086592482502308807796992649848208686968571933,2edae6ab1119b7551fda1b4c21328324d5b083ec89fcb210252aea568e375c51
2026-01-07T08:00:00Z,BSV_USDT,OK,2026-01-07T07:30:00Z,2026-01-07T08:00:00Z,30,270,444.744,9064.97723,20.382460988793553145180148579857176263198604140809,880a78d6c8b9f9031cfa82ccda79b663274ba951fb414580588a831924fd45ef
2026-01-07T08:00:00Z,BTC_USDT,OK,2026-01-07T07:30:00Z,2026-01-07T08:00:00Z,30,4197,124.148799,11525020.7810124,92832.317943022549899979298229054958477689341159072,3140065a2f2559484967e4481e4946da548c2cec35930c0a30df4a1e3987a45d
2026-01-07T08:00:00Z,BCH_USDT,OK,2026-01-07T07:30:00Z,2026-01-07T08:00:00Z,30,582,1627.185,1029496.63281,632.68567053531098184902146959319315259174586786383,147fe2a1c9e5f163e6d8c978ee7e70aaced3daa356d079389a7c976f95f11d04
2026-01-07T08:00:00Z,LTC_USDT,OK,2026-01-07T07:30:00Z,2026-01-07T08:00:00Z,30,696,12231.014,1019947.96912,83.390303462983526958598853700927821683467944685535,ab9fa29d7a244f305db8a9858227bf9a4754228d15c837d49f7295f991044b66
2026-01-07T08:00:00Z,DOGE_USDT,OK,2026-01-07T07:30:00Z,2026-01-07T08:00:00Z,30,719,2231542.69,332244.3659338,0.14888550751130824210223825025726933326110826049221,835fc48ba5f4953348acd1977d7f023d36c16eedee8edc0cf63af837839705b1
2026-01-07T08:00:00Z,ETC_USDT,OK,2026-01-07T07:30:00Z,2026-01-07T08:00:00Z,30,138,1259.264,16592.149839,13.176069385768194755031510469607643830046757471031,4def49737f67c616a66e3b9fa7df5eee0df9f14e3177f8901a42c28e3b1fd583
2026-01-08T08:00:00Z,BSV_USDT,OK,2026-01-08T07:30:00Z,2026-01-08T08:00:00Z,30,200,485.585,9485.04769,19.533238650287797193076392392680993029026843909923,ab39f48bdfdd36c2af9eb1cd035ca7d8bf74a7fb855c6d95b62f3a8b6d4b46b0
2026-01-08T08:00:00Z,BTC_USDT,OK,2026-01-08T07:30:00Z,2026-01-08T08:00:00Z,30,8200,302.358993,27343330.853529,90433.330863517593472075097167690328959390336374086,f6d858fc5b2845665209051316e2043b0f0d125cd65cbfbce1be79a9bae49948
2026-01-08T08:00:00Z,BCH_USDT,OK,2026-01-08T07:30:00Z,2026-01-08T08:00:00Z,30,361,173.578,110310.02059,635.50692247865512910622313887704663033333717406584,6d486f4617b6c39c0dac4f0b6a5e5ccf5b6676f6e32a8f759a3a0e29c0228309
2026-01-08T08:00:00Z,LTC_USDT,OK,2026-01-08T07:30:00Z,2026-01-08T08:00:00Z,30,214,248.368,20178.19369,81.243129912065966630161695548540874830896089673388,1f6b7cf0af1172f1b7fd1a1df24d20ab885779a05e1bbbe62214fc70e870062c
2026-01-08T08:00:00Z,DOGE_USDT,OK,2026-01-08T07:30:00Z,2026-01-08T08:00:00Z,30,1754,9199684.09,1323661.100263,0.1438811471474125368580998741664399913106146669869,3c1a899c37309cf847f8c1500379fe00475df0e1d56a4ed2d5b8e0ea0f5bba4e
2026-01-08T08:00:00Z,ETC_USDT,OK,2026-01-08T07:30:00Z,2026-01-08T08:00:00Z,30,166,1725.424,21914.704393,12.701054577309693153682804922152468031046281957362,a7c29e0540b2c58f7f2b6386b97818d322901d2133adb57c12f167a150371cf8
2026-01-09T08:00:00Z,BSV_USDT,OK,2026-01-09T07:30:00Z,2026-01-09T08:00:00Z,30,182,667.634,13033.87322,19.522482707591285045399125868365002381544379105917,0edc61bdca51a01140ee760f5f4d1a9c53bc14a2abea8e20eaf2c6ee1a6922da
2026-01-09T08:00:00Z,BTC_USDT,OK,2026-01-09T07:30:00Z,2026-01-09T08:00:00Z,30,6757,191.187003,17387560.4137429,90945.305595605261932998656817691733993026712176664,462969928478f7a0ec2fdda60b0aaa5d781164e5514a5157d3e1f637db8a9f94
2026-01-09T08:00:00Z,BCH_USDT,OK,2026-01-09T07:30:00Z,2026-01-09T08:00:00Z,30,132,39.895,25343.50359,635.25513447800476250156661235743827547311693194636,110eea1ba9f5332c2f4d9d94640bd152913c7196775d01e96ca68b7e5f78bf50
2026-01-09T08:00:00Z,LTC_USDT,OK,2026-01-09T07:30:00Z,2026-01-09T08:00:00Z,30,200,255.481,20875.49885,81.710572801891334384944477280110849730508335257808,e15b8dddae3e8fecbff277a8ecf89e6ae06b60bd91ad154b5936bb2102cb9b5b
2026-01-09T08:00:00Z,DOGE_USDT,OK,2026-01-09T07:30:00Z,2026-01-09T08:00:00Z,30,1211,5091422.29,725366.7502255,0.14246839270240536264769347977223079643625475034011,f69b699178d4a7f3a1be770e19c03c8e6a9156a0c6854555b30f588e1ed870e9
2026-01-09T08:00:00Z,ETC_USDT,OK,2026-01-09T07:30:00Z,2026-01-09T08:00:00Z,30,67,1254.686,15964.685415,12.724048419285781462453554116328706943410542558058,d8f25019ff8e0d0fb6555e96cf3b53ad5a0ec69d68141ebbb72a5b8a948acffe
2026-01-10T08:00:00Z,BSV_USDT,OK,2026-01-10T07:30:00Z,2026-01-10T08:00:00Z,30,47,93.364,1811.01896,19.397401139625551604472816074718306842037616211816,963bceceb82fc86bdb9ab2e7d5d747f8bb077321022ad30814a5eeead9eda680
2026-01-10T08:00:00Z,BTC_USDT,OK,2026-01-10T07:30:00Z,2026-01-10T08:00:00Z,30,2489,91.991843,8338033.891859,90638.839487746755981397176704025812375560298319059,ef924d55fd1e3202901b90faa413f71131c7039959e5b1143263b64c92f8daba
2026-01-10T08:00:00Z,BCH_USDT,OK,2026-01-10T07:30:00Z,2026-01-10T08:00:00Z,30,53,33.897,21648.95394,638.66872997610408000708027259049473404726081954155,f51d22fc1609614be3dce7f41c64f64d5727515ee556a0066fa4e879fd29e738
2026-01-10T08:00:00Z,LTC_USDT,OK,2026-01-10T07:30:00Z,2026-01-10T08:00:00Z,30,93,152.646,12448.95007,81.55438118260550554878608021173171914101908992047,a7ef8e76b55576b2178ab78e0403030d983d257cc49bb0417f9fb1b2c99670ca
2026-01-10T08:00:00Z,DOGE_USDT,OK,2026-01-10T07:30:00Z,2026-01-10T08:00:00Z,30,1064,5042809.09,707165.9779091,0.14023255001095034513789218223210587573522439256173,19e38797f19c8feaedfa21ffb8f8ed1d5fbc7d1ce48d549dfcc13b2937cf6713
2026-01-10T08:00:00Z,ETC_USDT,OK,2026-01-10T07:30:00Z,2026-01-10T08:00:00Z,30,56,1437.678,18097.147025,12.587760976379968254365720279506259398836178894022,74b8b45f9fb29aaa3a17d53afd807472f2a85a8d28b3a5aaf67e25d1869cdf77
2026-01-11T08:00:00Z,BSV_USDT,OK,2026-01-11T07:30:00Z,2026-01-11T08:00:00Z,30,52,76.385,1484.18969,19.430381488512142436342213785429076389343457485108,7dbe4f2da0b4f63fd4b317f482bc013e41cb0da87b78924afff8f8edd34dc30a
2026-01-11T08:00:00Z,BTC_USDT,OK,2026-01-11T07:30:00Z,2026-01-11T08:00:00Z,30,1085,76.701559,6957907.9064151,90714.034983501443562574784170944947807384201929976,d73c5ff978106ed6590574fd8303de60a138ed0ad204ec05f91d143d24290bb4
2026-01-11T08:00:00Z,BCH_USDT,OK,2026-01-11T07:30:00Z,2026-01-11T08:00:00Z,30,779,233.56,152113.37119,651.28177423360164411714334646343551978078438088714,f13340100db71f54176832d33ff305d46786ae0beb63d2a2e4016d6996e4dcb2
2026-01-11T08:00:00Z,LTC_USDT,OK,2026-01-11T07:30:00Z,2026-01-11T08:00:00Z,30,538,1358.449,110368.02309,81.245613998022745057046676025378943191831272281845,bc2b922015711bf1c8ce85a43bf4a97c198be3654453b7b2f2e5f53a2d488c70
2026-01-11T08:00:00Z,DOGE_USDT,OK,2026-01-11T07:30:00Z,2026-01-11T08:00:00Z,30,774,2495798.51,349120.4364806,0.13988326184255955822331186502711711291149059945548,6b625402d70d42ffbef3eaa8e0cc5d7438c126916ab17ab98e0193679c5a3dea
2026-01-11T08:00:00Z,ETC_USDT,OK,2026-01-11T07:30:00Z,2026-01-11T08:00:00Z,30,22,325.334,4081.353093,12.54511699668648219983155772221778234060995776648,dc9d82d8c3764a6ad30e48661d7985bda0afe1692c3618fa022c1e97922b937a
2026-01-12T08:00:00Z,BSV_USDT,OK,2026-01-12T07:30:00Z,2026-01-12T08:00:00Z,30,218,831.158,16223.56861,19.519235343941825741916699351988430599236246297335,0292ce380d4f9f37042534e76376cd52cce0b33844c3a2bb68288ba0eb4bf5c0
2026-01-12T08:00:00Z,BTC_USDT,OK,2026-01-12T07:30:00Z,2026-01-12T08:00:00Z,30,11029,330.200287,30226735.0502246,91540.608049879132903358136693563806623826465662642,f3365207861714ffebc5218125330afed6ea98e95f7b02775fa45e50be0d8519
2026-01-12T08:00:00Z,BCH_USDT,OK,2026-01-12T07:30:00Z,2026-01-12T08:00:00Z,30,1417,969.2,602653.43332,621.80502818819645068097399917457697069748245976063,75a2850b4731d1e71ce3c8060c11b3c15da0708895a6c877e55398f19d058226
2026-01-12T08:00:00Z,LTC_USDT,OK,2026-01-12T07:30:00Z,2026-01-12T08:00:00Z,30,703,2187.096,172126.38684,78.700883198542725147867308979578399850761009118941,7e57ca715b4bc49d2f0452463334381da5775f0ef3c787e0db0153a93c8f1502
2026-01-12T08:00:00Z,DOGE_USDT,OK,2026-01-12T07:30:00Z,2026-01-12T08:00:00Z,30,1884,7751443.55,1072300.3074557,0.13833556298758055201214746639030867998774241218592,32ad5d6e7e2b850da4cb617a3b1cc32ef2976b22da8c913942d304439c732ec7
2026-01-12T08:00:00Z,ETC_USDT,OK,2026-01-12T07:30:00Z,2026-01-12T08:00:00Z,30,91,1725.521,21352.908818,12.374760329199123047473777485176940761659811732225,6c74200acb74711777866056ad6207745f42dbe09a93cd7ed5fe12c151d9816c
2026-01-13T08:00:00Z,BSV_USDT,OK,2026-01-13T07:30:00Z,2026-01-13T08:00:00Z,30,55,164.402,3177.52143,19.327754102748141750100363742533545820610454860646,1ab498dbad4bc542cdf7c77d9e90ec25ca96a30a329f8375f9840e9d7f6adca7
2026-01-13T08:00:00Z,BTC_USDT,OK,2026-01-13T07:30:00Z,2026-01-13T08:00:00Z,30,3651,222.594614,20472983.7352833,91974.299680419491192181316660249470366789737329404,7990b93a809a3237004a925053e5fd2db659e69cb8509e0bf88fa84ae2d468fc
2026-01-13T08:00:00Z,BCH_USDT,OK,2026-01-13T07:30:00Z,2026-01-13T08:00:00Z,30,191,46.954,28686.01217,610.93862439834731865229799378114750606977041359629,0c80b9d2482bcf183b46b256d2de0c90d6b4a532dcc3ce1a86d78a738ab18738
2026-01-13T08:00:00Z,LTC_USDT,OK,2026-01-13T07:30:00Z,2026-01-13T08:00:00Z,30,1018,3660.536,281205.56121,76.820870279653034419003118668959955591203036932296,9722b0647654202922ed4059617e03b319608c0d45f9e41d469b123fe4322d02
2026-01-13T08:00:00Z,DOGE_USDT,OK,2026-01-13T07:30:00Z,2026-01-13T08:00:00Z,30,695,1998726.24,276938.2577565,0.13855737329815612967586796679068965442711153879683,46700b07bddd74a6263c8dd4a03fc3d48e672404f42585b84850697e749b7fbc
2026-01-13T08:00:00Z,ETC_USDT,OK,2026-01-13T07:30:00Z,2026-01-13T08:00:00Z,30,43,223.398,2778.659695,12.438158331766622798771698940903678636335150717553,754d19992da0faba47635b2d192cafb58f2c1c8dc92bf8430e956ac97452727f
2026-01-14T08:00:00Z,BSV_USDT,OK,2026-01-14T07:30:00Z,2026-01-14T08:00:00Z,30,43,231.67,4655.32082,20.094620883152760391936806664652307161048042474209,845bc9da80502ee4503ba6d414c03faf6926989c72be11de654549eaff7fa29d
2026-01-14T08:00:00Z,BTC_USDT,OK,2026-01-14T07:30:00Z,2026-01-14T08:00:00Z,30,6687,315.339279,29980289.4975702,95073.121219289018543103854816640206753310931493568,be5d997041ca8af530af51fa9885e0f7fa586156b745a0eab497884f4fffd26c
2026-01-14T08:00:00Z,BCH_USDT,OK,2026-01-14T07:30:00Z,2026-01-14T08:00:00Z,30,489,307.857,189084.10497,614.19459349633108878472797435172823746089905378146,1753d9e09737239748ce415ac2f3a4972e39ddd172023491dfffeda6378426d3
2026-01-14T08:00:00Z,LTC_USDT,OK,2026-01-14T07:30:00Z,2026-01-14T08:00:00Z,30,346,2872.171,227109.53916,79.072429587235578940111852671724629209054753355563,09b12e6589d4155a0ef17c6fe4650d606d9a77af2ed590da5bc10f0a24ec9611
2026-01-14T08:00:00Z,DOGE_USDT,OK,2026-01-14T07:30:00Z,2026-01-14T08:00:00Z,30,1040,5291584.69,784754.997192,0.14830245439991247688034262567949186503523578680548,cd1cfe3984655160e79c2576bf047d93ce284aad676237833f97aea3a853fedf
2026-01-14T08:00:00Z,ETC_USDT,OK,2026-01-14T07:30:00Z,2026-01-14T08:00:00Z,30,411,13517.761,178903.311429,13.23468519890239219350009221201647225453978658152,a026fcedf01c8456f7efdd05589e6875a9f6b62af836a05ac23ce0b842a5e365
2026-01-15T08:00:00Z,BSV_USDT,OK,2026-01-15T07:30:00Z,2026-01-15T08:00:00Z,30,54,159.13,3199.34954,20.10525695971846917614529001445359140325520015082,2b567be65f04349226f1a8724f407954c052e565795971e41c584b122562c50e
2026-01-15T08:00:00Z,BTC_USDT,OK,2026-01-15T07:30:00Z,2026-01-15T08:00:00Z,30,7720,249.418852,24089407.7899504,96582.145241973930663428761190834123476761091018092,235b0d92e236a513b28312f2ef6d516f0b978b799402854c2b386e0a5ffcb5f5
2026-01-15T08:00:00Z,BCH_USDT,OK,2026-01-15T07:30:00Z,2026-01-15T08:00:00Z,30,515,309.051,188936.48584,611.3440365506016806287635374096831914473662922948,f8f031144d41d3e51d0380d04699ca67f1dd4f81202eee81d55068c37166e988
2026-01-15T08:00:00Z,LTC_USDT,OK,2026-01-15T07:30:00Z,2026-01-15T08:00:00Z,30,344,991.2,73978.35496,74.635144229217110573042776432606941081517352703793,4c1d79aff100aa12e2d6f8a0f42b1e709c6e2577869c5cb11676d722578209d3
2026-01-15T08:00:00Z,DOGE_USDT,OK,2026-01-15T07:30:00Z,2026-01-15T08:00:00Z,30,1227,7583336.49,1092820.4899352,0.14410813648798010808036819687530442157657704043145,44278bb843e30ddf3cdfac14c55a4c6e9fd026a2888b10e03fb544933b74f3c6
2026-01-15T08:00:00Z,ETC_USDT,OK,2026-01-15T07:30:00Z,2026-01-15T08:00:00Z,30,175,1510.914,19703.807884,13.040985710636078559070867038097469478739359089928,4f5b80a5ff133accc7c2df066246068edeebf82961c514ada39ac54a159a0374
2026-01-16T08:00:00Z,BSV_USDT,OK,2026-01-16T07:30:00Z,2026-01-16T08:00:00Z,30,44,56.473,1113.67907,19.720557965753545942308713898677243992704478246242,a26ccbf594fb6898c5c602512ea5f1fd61e6d6ca69cfa468d979f79119b681bb
2026-01-16T08:00:00Z,BTC_USDT,OK,2026-01-16T07:30:00Z,2026-01-16T08:00:00Z,30,4440,184.877507,17666103.8450864,95555.722985200141194028541287069605498304344833036,e0a47ec9931d603bab10040c2142a2ffd42ecba00d2bce6b1a11fe5bcc6ea5a8
2026-01-16T08:00:00Z,BCH_USDT,OK,2026-01-16T07:30:00Z,2026-01-16T08:00:00Z,30,162,115.272,69091.94169,599.38182464084946908182386008744534665833853841349,6cf459274322fcfd71c9f0b67bd63c4874e8f31cb02fed9b56b946b58d8e857a
2026-01-16T08:00:00Z,LTC_USDT,OK,2026-01-16T07:30:00Z,2026-01-16T08:00:00Z,30,276,1084.161,78147.62586,72.08119998782468655485670486210073965029179245518,e346e0bd842541efc19367d35c042556807ea2ab0066dcb621a5ab172c152c02
2026-01-16T08:00:00Z,DOGE_USDT,OK,2026-01-16T07:30:00Z,2026-01-16T08:00:00Z,30,618,2591967.21,362525.5289825,0.13986501356338531767151483370810080579684493771046,fb8f0c8c38a9d3810021afe6ba41802f69e408513f8caa87f49eeced70b2028b
2026-01-16T08:00:00Z,ETC_USDT,OK,2026-01-16T07:30:00Z,2026-01-16T08:00:00Z,30,62,1144.08,14398.538369,12.585254850185301727151947416264596881336969442696,304ca7c3b09f2b01e67e2a10a3049b3b813a6ad54c87ab0b4f79edf8ef9fcb59
2026-01-17T08:00:00Z,BSV_USDT,OK,2026-01-17T07:30:00Z,2026-01-17T08:00:00Z,30,30,75.153,1459.33271,19.418156427554455577288997112557050284087128923662,6f8e6c2ff4f0de76b2b04c6101aa19abbf6c8fd62d00ccedaf88b53fa6d7d632
2026-01-17T08:00:00Z,BTC_USDT,OK,2026-01-17T07:30:00Z,2026-01-17T08:00:00Z,30,2382,70.00697,6658887.5514167,95117.494035475324814086368828703770495994898793649,f4bb2c7562529cb7279197a1e6b7b97aef5dcdc0ecede8b676ddc6c3ab9ba8ab
2026-01-17T08:00:00Z,BCH_USDT,OK,2026-01-17T07:30:00Z,2026-01-17T08:00:00Z,30,101,23.056,13680.5554,593.36204892435808466342817487855655794587092297016,167881cc3b941920c95db0f2be50d269c80529561d7ad23076cc8d8ebc73178c
2026-01-17T08:00:00Z,LTC_USDT,OK,2026-01-17T07:30:00Z,2026-01-17T08:00:00Z,30,305,706.416,52766.29731,74.695784509410885370659781205408711014473058367874,46a4c2581c8a4ca191aa1539f68122406023b010458df4523dfd5c2a05d644bf
2026-01-17T08:00:00Z,DOGE_USDT,OK,2026-01-17T07:30:00Z,2026-01-17T08:00:00Z,30,545,1720908.85,236386.9969632,0.13736171846823845434928177631255717000932385233535,fd35f1c7650deabba5cb67a83b8986bef1e1427f7af748afff4e8551480764ff
2026-01-17T08:00:00Z,ETC_USDT,OK,2026-01-17T07:30:00Z,2026-01-17T08:00:00Z,30,85,2482.804,32036.214271,12.9032393499446593448375304695819726406111799401,0e9f7301b899e8463f11add9964a7b5d9c2e051afcf12eea78a58af71a68e1ef
2026-01-18T08:00:00Z,BSV_USDT,OK,2026-01-18T07:30:00Z,2026-01-18T08:00:00Z,30,89,290.772,5643.97204,19.410300991842405733702007070832129641093365248373,41846d283dd14242326d580aa0af25be9e615110c39cd7fdf3f7e2bf1ef58204
2026-01-18T08:00:00Z,BTC_USDT,OK,2026-01-18T07:30:00Z,2026-01-18T08:00:00Z,30,3652,82.129182,7807049.8893656,95058.17176366860685401688281760799711849072111786,132cf22124864929293961713f2297ef8efc54004e88b04b2ea753f737737481
2026-01-18T08:00:00Z,BCH_USDT,OK,2026-01-18T07:30:00Z,2026-01-18T08:00:00Z,30,130,37.431,22279.4774,595.21459218294996126205551548181988191605888167562,c9c62b61360dc984ba811a8fe703f8ea551729c54fdecf0f75e5923551b242e7
2026-01-18T08:00:00Z,LTC_USDT,OK,2026-01-18T07:30:00Z,2026-01-18T08:00:00Z,30,146,648.052,48523.72505,74.876283153203755254207995654669687000425891749428,a64365e9af50690d5edf4aad002267ac555727a295e24cf81e1069f302b9831d
2026-01-18T08:00:00Z,DOGE_USDT,OK,2026-01-18T07:30:00Z,2026-01-18T08:00:00Z,30,643,1509289.12,206888.4209664,0.13707673249933717139629284546886550139578293653902,481b118aa4510963d6cc4d63abf77029f98f74b09ebc971bc7190558f0183aab
2026-01-18T08:00:00Z,ETC_USDT,OK,2026-01-18T07:30:00Z,2026-01-18T08:00:00Z,30,104,2357.639,30051.247686,12.746331260214137957507489484183117092990063364239,4f1bf2108ba372ae37f1789988b0be1ece1b71566bc87340fc010ccc91055712
2026-01-19T08:00:00Z,BSV_USDT,OK,2026-01-19T07:30:00Z,2026-01-19T08:00:00Z,30,76,187.126,3543.18003,18.934728632044718531898293128694035035216912668469,2de23d1a79df81f5c59e4aa691c5e7bfba969f0e8cd94398b3bdafad6dc55a7f
2026-01-19T08:00:00Z,BTC_USDT,OK,2026-01-19T07:30:00Z,2026-01-19T08:00:00Z,30,5706,326.652003,30282520.9227032,92705.756109210816625545075870849627087699198954552,c983a179f950d9c1800b18d14817a36e67b4d6c58b18de7b22f71c95397161f5
2026-01-19T08:00:00Z,BCH_USDT,OK,2026-01-19T07:30:00Z,2026-01-19T08:00:00Z,30,171,90.31,53247.71284,589.61037360203742664156793267633706123352895581885,415537bd9c6775c6042c8e7f3180cc0564527169ada9a53ee832005cb25cb410
2026-01-19T08:00:00Z,LTC_USDT,OK,2026-01-19T07:30:00Z,2026-01-19T08:00:00Z,30,243,1261.759,88857.17374,70.423253362963925757612983144958744102479158064258,af1cfd10b640084656a02c1d0615b271bb5763420a7fae41b38d8808ffe4fff8
2026-01-19T08:00:00Z,DOGE_USDT,OK,2026-01-19T07:30:00Z,2026-01-19T08:00:00Z,30,786,4766950.72,605979.0060059,0.12712088746029663172183999418395497908566589922708,060caf5dfef12c12f9666d3f3fc25b91afbdb567af37b34d2f6cf0a1a6d214fc
2026-01-19T08:00:00Z,ETC_USDT,OK,2026-01-19T07:30:00Z,2026-01-19T08:00:00Z,30,110,1341.63,15932.19937,11.875255748604309682997547759069191953072009421375,437d68b74bde21bc7af39d91e94733843fd16c2bf16321a2ce0403278a63800a
2026-01-20T08:00:00Z,BSV_USDT,OK,2026-01-20T07:30:00Z,2026-01-20T08:00:00Z,30,60,163.33,3030.56043,18.554830282250658176697483622114737035449703055164,d59612339f082b7f731148a4f24bedaeb59fb78f2dafbb5d94d976c08c34c782
2026-01-20T08:00:00Z,BTC_USDT,OK,2026-01-20T07:30:00Z,2026-01-20T08:00:00Z,30,8821,208.358456,18997498.8467185,91176.999539286756857134706354322379889395993604406,32c90f02607b256b5d5cc458f463fc285e6a25cf09768374a9736b35566ff207
2026-01-20T08:00:00Z,BCH_USDT,OK,2026-01-20T07:30:00Z,2026-01-20T08:00:00Z,30,177,108.819,62987.40996,578.8273183910897913048272820003859620103106994183,fa7f79260a4f2cc88b6e8fc4c38eb2042fc0c408312a004e4477851eb9831731
2026-01-20T08:00:00Z,LTC_USDT,OK,2026-01-20T07:30:00Z,2026-01-20T08:00:00Z,30,917,3515.085,245485.48,69.837708049734216953501835659735113091148578199389,1db0ba80051751e72466d1b7bfde74899aff18081f0d4c8ebc3ea955c8daa4dc
2026-01-20T08:00:00Z,DOGE_USDT,OK,2026-01-20T07:30:00Z,2026-01-20T08:00:00Z,30,927,3766539.7,478712.7554894,0.12709616614140559835331086514234802835079635560459,67426f5d72880e183b77d7344268102bd01027edfe3f6166e06c876b6f0b109a
2026-01-20T08:00:00Z,ETC_USDT,OK,2026-01-20T07:30:00Z,2026-01-20T08:00:00Z,30,157,2905.947,34445.821663,11.853561562891546198192878259651672931405837752719,18e46c02d411c0e90fbbd4396b1e216666af3ad8667dc09181c438c246c1a811
2026-01-21T08:00:00Z,BSV_USDT,OK,2026-01-21T07:30:00Z,2026-01-21T08:00:00Z,30,62,154.165,2840.25181,18.423454156261148769175882982518729932215483410631,dc23ba9e7ab9386e625964f39ffc35dd45877b3232165e6606fa5edb666c334c
2026-01-21T08:00:00Z,BTC_USDT,OK,2026-01-21T07:30:00Z,2026-01-21T08:00:00Z,30,10383,397.146583,35442365.2384491,89242.528465740570151147441699126994629083841318106,542ae206a45edce50871f71316450c34fa3978328451b89112ad059a702a6716
2026-01-21T08:00:00Z,BCH_USDT,OK,2026-01-21T07:30:00Z,2026-01-21T08:00:00Z,30,422,253.652,150056.20705,591.58298397016384652989134720010092567770015611941,850ffa996f9d31bb58ae758694a94f6ac3d43971940490f92d08d92f2ee82424
2026-01-21T08:00:00Z,LTC_USDT,OK,2026-01-21T07:30:00Z,2026-01-21T08:00:00Z,30,154,705.091,48595.71895,68.921201589582053947646474001228210259384958820918,b0d1d860e46d9420b205f8981171d071a17a0c396f8b25169fbd805f951ab025
2026-01-21T08:00:00Z,DOGE_USDT,OK,2026-01-21T07:30:00Z,2026-01-21T08:00:00Z,30,1116,3935177.61,492016.8877137,0.1250304145010877920704575263122621802069055785261,b974221ddd07dec7707c12438bbf9a1f8477154aed3f3584d3b21111a1fdbf3d
2026-01-21T08:00:00Z,ETC_USDT,OK,2026-01-21T07:30:00Z,2026-01-21T08:00:00Z,30,131,2523.959,29734.789256,11.781011203430800579565674402793389274548437593479,1b7f89b14576d46134be18ffc2bf6a8cf5cc80ffb3f1bdbc65c68866a8ea9083
2026-01-22T08:00:00Z,BSV_USDT,OK,2026-01-22T07:30:00Z,2026-01-22T08:00:00Z,30,39,86.916,1588.27929,18.273727391964655529476736159050117354687284274472,bf09c5f7ae1f1932e65b3497942a1a922ba09abcbab495c9fcb900462a6c55b9
2026-01-22T08:00:00Z,BTC_USDT,OK,2026-01-22T07:30:00Z,2026-01-22T08:00:00Z,30,4339,160.614928,14442107.4539806,89917.591308702015543661047496158015897501133892112,6c5873cb3811b21f4822ed0de23eb15205d34543e5a4d9db53df0575ed4a6ea7
2026-01-22T08:00:00Z,BCH_USDT,OK,2026-01-22T07:30:00Z,2026-01-22T08:00:00Z,30,531,381.621,227965.10439,597.35995762811794948391204886523540371205987091905,8ed438994bb7ffb5162a9f3de42213d747ae77bb36fc72cc0b3dbbea303f6444
2026-01-22T08:00:00Z,LTC_USDT,OK,2026-01-22T07:30:00Z,2026-01-22T08:00:00Z,30,280,607.645,41596.46667,68.455210970221099490656551111257395354195294950177,f584437bf17d9b79e70d20462799c8f13ae12f30cbb3798f11492824e169def9
2026-01-22T08:00:00Z,DOGE_USDT,OK,2026-01-22T07:30:00Z,2026-01-22T08:00:00Z,30,638,2372128.85,299667.0807449,0.12632833193057788576704001555396116024641747432902,ef386c52fb18fcf5b9f0b50c433b3408cc4cec6ffe1e6e0d8f131fb3068e20a9
2026-01-22T08:00:00Z,ETC_USDT,OK,2026-01-22T07:30:00Z,2026-01-22T08:00:00Z,30,190,3613.753,42127.004767,11.657411219582522657193228203477105380472876812555,47fb0440df18df96514ebbfe42202e151f47b27c0c43a250ebd8ba71820a231e
2026-01-23T08:00:00Z,BSV_USDT,OK,2026-01-23T07:30:00Z,2026-01-23T08:00:00Z,30,73,154.766,2780.60097,17.966484693020430843983820735820529056769574712792,2ef2f400e0e1bcf39c53561d00e0cb2aa35bb6754e56e5604f39f1640d637cc6
2026-01-23T08:00:00Z,BTC_USDT,OK,2026-01-23T07:30:00Z,2026-01-23T08:00:00Z,30,6602,261.483852,23421819.7396565,89572.719540847593143151340756598613974831608339623,fcf21f9fe8bedbef30bd2a4c559dd11b8448dc808bb522d79dd1462901021d32
2026-01-23T08:00:00Z,BCH_USDT,OK,2026-01-23T07:30:00Z,2026-01-23T08:00:00Z,30,231,44.436,26476.94281,595.84442366549644432442164011162120802952560986587,be99f18f74c4b3aa759802e3f0e895b2bb7562c9224e8c068407122ab87c0d8e
2026-01-23T08:00:00Z,LTC_USDT,OK,2026-01-23T07:30:00Z,2026-01-23T08:00:00Z,30,163,392.725,27008.91526,68.773098885988923547011267426316124514609459545483,bc3b18f8aa0476a90969565d6279795e688203929c538e2d37154ca09fc75f44
2026-01-23T08:00:00Z,DOGE_USDT,OK,2026-01-23T07:30:00Z,2026-01-23T08:00:00Z,30,623,2032271.77,254386.3624151,0.12517339765788312849516184540613876656860711104598,3eee8ff3bb35aa666b9097ac77eb7872d7314bc05435786f2da9e08109c3f116
2026-01-23T08:00:00Z,ETC_USDT,OK,2026-01-23T07:30:00Z,2026-01-23T08:00:00Z,30,134,2608.096,30624.355503,11.742035378682379789700992601499331312957805234163,e2721653255d71be8f7e6bb41e976c9ebba4132c329f13f27725d8dd38f66984
2026-01-24T08:00:00Z,BSV_USDT,OK,2026-01-24T07:30:00Z,2026-01-24T08:00:00Z,30,154,803.044,14486.84511,18.039914512778876375391634829473851993166003357226,197eff513604f381d1cf53f51ac1ab74abfc6c7db010dafc45282d5b238a5f49
2026-01-24T08:00:00Z,BTC_USDT,OK,2026-01-24T07:30:00Z,2026-01-24T08:00:00Z,30,1642,87.975463,7886303.0852144,89642.075372929836129421677496599250634236502966742,87847ff688952e2326e3c662502ab8400f78ca6c6c9a72e1b28f2644eb991802
2026-01-24T08:00:00Z,BCH_USDT,OK,2026-01-24T07:30:00Z,2026-01-24T08:00:00Z,30,202,32.736,19406.61428,592.82179496578690127077223851417399804496578690127,15b4ab1058f50705123535fc1fc8de15ec3db45191944daf81afe9fe8b376044
2026-01-24T08:00:00Z,LTC_USDT,OK,2026-01-24T07:30:00Z,2026-01-24T08:00:00Z,30,150,452.61,31067.17497,68.640054285146152316563929210578643865579638099026,b944ad82496794887081ff35e1c9e8bdbce4935d4b1698300db7edebe17c3d0a
2026-01-24T08:00:00Z,DOGE_USDT,OK,2026-01-24T07:30:00Z,2026-01-24T08:00:00Z,30,563,986731.2,122509.7916717,0.12415720884441477070959142672290082648648385700179,6b87a9741f7ee3798962d550e5f5150057fbfaaf6286abc9e12d15f901134972
2026-01-24T08:00:00Z,ETC_USDT,OK,2026-01-24T07:30:00Z,2026-01-24T08:00:00Z,30,40,814.012,9502.865518,11.674109863245259283646924123968688422283700977381,90750b4a31485a7dc903631934c3518ec11fa9887bbe6e44334f4b754048fece
2026-01-25T08:00:00Z,BSV_USDT,OK,2026-01-25T07:30:00Z,2026-01-25T08:00:00Z,30,42,51.88,925.7687,17.844423670007710100231303006939090208172706245181,32f47b5675ef7dfa86a9cf76ad92cf25780ed32db5ff107bfe41be6b1f4fcd74
2026-01-25T08:00:00Z,BTC_USDT,OK,2026-01-25T07:30:00Z,2026-01-25T08:00:00Z,30,3698,107.903758,9572765.1533697,88715.771635772870857750848677578032082997517102231,090e4a06d59559f3b131c493cffd36b0c5460b5fbd19f77997a447737d5a128a
2026-01-25T08:00:00Z,BCH_USDT,OK,2026-01-25T07:30:00Z,2026-01-25T08:00:00Z,30,176,69.352,41049.53426,591.90123226439035644249625100934363825124005075557,e4924fe1e14acd08a650a040b6fe48d443a0990c6bae3eee952659d2aa61de08
2026-01-25T08:00:00Z,LTC_USDT,OK,2026-01-25T07:30:00Z,2026-01-25T08:00:00Z,30,307,1007.532,69139.18924,68.622325881460836975897539730748006018667397164557,3cf4df30ffdbdd14414de540c4879f5c965b1df9f7f9da500ec335cc98d5ae15
2026-01-25T08:00:00Z,DOGE_USDT,OK,2026-01-25T07:30:00Z,2026-01-25T08:00:00Z,30,695,1210330.55,148847.8723146,0.12298117428713998832798197153661865347445786607634,378586b3e30602afb30bef270e0e1ed642206a88b4eb47857fe390f212132ee9
2026-01-25T08:00:00Z,ETC_USDT,OK,2026-01-25T07:30:00Z,2026-01-25T08:00:00Z,30,65,920.614,10583.03672,11.495628699976320151551030073407530191806772436656,599c105e5b1390009c869851e0b26962207585b6c009b7a8cb55184b6bccf024
2026-01-26T08:00:00Z,BSV_USDT,OK,2026-01-26T07:30:00Z,2026-01-26T08:00:00Z,30,57,107.78,1902.39011,17.650678326220077936537390981629244757840044535164,3773ac2c3b08e6a122c02c444d25d1b5b343f98c53540014a33a131205296502
2026-01-26T08:00:00Z,BTC_USDT,OK,2026-01-26T07:30:00Z,2026-01-26T08:00:00Z,30,6609,247.158237,21724882.3370828,87898.678194094741014033046367780977495805652635401,f2d4d86d2de3e95723b144ad201b376ab64000fa75b6317deef0205d2a232a70
2026-01-26T08:00:00Z,BCH_USDT,OK,2026-01-26T07:30:00Z,2026-01-26T08:00:00Z,30,291,40.43,23448.56533,579.97935518179569626514964135542913677961909473163,ff7e3738206b5f6e87d14c6370b0cdf469843b77756a3809f97d83363e532736
2026-01-26T08:00:00Z,LTC_USDT,OK,2026-01-26T07:30:00Z,2026-01-26T08:00:00Z,30,159,489.712,33462.95914,68.331915779070147351912961087332963047668833926879,cb22aff5cf3fa1cca9c7db86c41d2323fb07c4d9be5ffe0c3a628196536ccb4c
2026-01-26T08:00:00Z,DOGE_USDT,OK,2026-01-26T07:30:00Z,2026-01-26T08:00:00Z,30,792,3445353.37,419274.311753,0.12169268772363979605377894807927931061538689135971,7de492cb0049cfe1f7a5623dff90a7a0315a2a5f05983b6aa778cd6ef98aee22
2026-01-26T08:00:00Z,ETC_USDT,OK,2026-01-26T07:30:00Z,2026-01-26T08:00:00Z,30,157,2140.219,24350.328603,11.377493893381938951107339949790185023121465607024,ee251122d6e5c049adcfce890611d9cc4b28a5216416dd70c476e1385f2cccfb
2026-01-27T08:00:00Z,BSV_USDT,OK,2026-01-27T07:30:00Z,2026-01-27T08:00:00Z,30,41,113.032,2011.37185,17.794711674570033264916129945502158680727581569821,5f55a3309a5f21644b60a1dc4879091b2f09d2c4c95052f490991f0f1fe32b16
2026-01-27T08:00:00Z,BTC_USDT,OK,2026-01-27T07:30:00Z,2026-01-27T08:00:00Z,30,3204,164.728235,14572820.9239387,88465.835404226239660735756684335262864924158265886,1a7e170aff5a50616a378c2e3973c92c8b04b48792c7ff14752d92b8e302cabf
2026-01-27T08:00:00Z,BCH_USDT,OK,2026-01-27T07:30:00Z,2026-01-27T08:00:00Z,30,170,72.668,42940.22116,590.90963230032476468321682170969340012109869543678,d4451eb8b9dc7ead5555d399a270f3ff6bb9679ec7899f313c109e1d4e64944b
2026-01-27T08:00:00Z,LTC_USDT,OK,2026-01-27T07:30:00Z,2026-01-27T08:00:00Z,30,110,427.639,29590.22487,69.194401983916340651811457795009341991726666651077,5c796913bd3bd2d3c92084858f3230fb4136c7406875e84e58ba8bfa6c23b753
2026-01-27T08:00:00Z,DOGE_USDT,OK,2026-01-27T07:30:00Z,2026-01-27T08:00:00Z,30,572,1781178.59,217861.3149973,0.12231301017227026067049233956938590868645013299874,fb5f787ea7caff4a524695fdd1e7cfc2f13a2e8efd80cd988ee5ff09080d75c0
2026-01-27T08:00:00Z,ETC_USDT,OK,2026-01-27T07:30:00Z,2026-01-27T08:00:00Z,30,113,3738.214,42432.187617,11.350925232477327408222215207583086468564935019771,b6835b281c4690ae167b74b763c79c429d302e742f3c527cc8bb27280126ae39
2026-01-28T08:00:00Z,BSV_USDT,OK,2026-01-28T07:30:00Z,2026-01-28T08:00:00Z,30,43,49.684,884.34302,17.799352306577570243941711617422107720795427099267,d9dbd1174cd04ed0c01fef0441c8d393235ed0b9d76643fd4638591cb42e1ede
2026-01-28T08:00:00Z,BTC_USDT,OK,2026-01-28T07:30:00Z,2026-01-28T08:00:00Z,30,4211,263.170878,23478152.3498472,89212.577502010689799803760961727687818102730956424,77c48afe4acced62b3da703f0c22013751032b6fb620c3537b4c14eb7435c560
2026-01-28T08:00:00Z,BCH_USDT,OK,2026-01-28T07:30:00Z,2026-01-28T08:00:00Z,30,100,53.734,31881.0317,593.31208731901589310306323742881601965236163323036,f7974a45c963f50eb02f47d7d0d1c3a98279752103a8564be73728997d57ef3e
2026-01-28T08:00:00Z,LTC_USDT,OK,2026-01-28T07:30:00Z,2026-01-28T08:00:00Z,30,100,238.489,16608.1809,69.639190486772974854186146950173802565317477954958,de30e309c67116e9f30cc14d6982c9b6d103d98d504bea6b7ef35af2c0610a4d
2026-01-28T08:00:00Z,DOGE_USDT,OK,2026-01-28T07:30:00Z,2026-01-28T08:00:00Z,30,697,1956831.78,245566.6265587,0.12549194522929303611371233964730478774215328820958,fc061b893e6d7d2192c05b93404e80d60864b5a21b9da93f5b9155933cf35a67
2026-01-28T08:00:00Z,ETC_USDT,OK,2026-01-28T07:30:00Z,2026-01-28T08:00:00Z,30,56,1313.418,15164.965259,11.546183514311513927782320632121685556311851977055,721164db70db7204be2410d282d4d3ef135f223be18d74231a081001b526f56e
2026-01-29T08:00:00Z,BSV_USDT,OK,2026-01-29T07:30:00Z,2026-01-29T08:00:00Z,30,3510,9776.185,171661.24563,17.559124099022266865858205424713218909012053270269,fae5b5a5ad155c05421265473b4c19a706d42ebd30ed9f19ef46786d90d4c3e6
2026-01-29T08:00:00Z,BTC_USDT,OK,2026-01-29T07:30:00Z,2026-01-29T08:00:00Z,30,5820,234.958994,20756681.4342883,88341.719041784371957261614765000228082352106087073,66b3e651b4bca768d266a70f617a93a2496cb551a6ad284c6a77cb258fad0f9b
2026-01-29T08:00:00Z,BCH_USDT,OK,2026-01-29T07:30:00Z,2026-01-29T08:00:00Z,30,129,41.16,23969.65537,582.35314310009718172983479105928085519922254616132,e68dca6373b0cb1c77dc74cbfd1778025a8d90ef8776273772fff67adbbd8069
2026-01-29T08:00:00Z,LTC_USDT,OK,2026-01-29T07:30:00Z,2026-01-29T08:00:00Z,30,139,284.21,19389.65583,68.222989444424897083142746560641778966257344921009,992db23a88613c47a49c623b05020c436e69aab64a320d54a98d701f5c3e3ca2
2026-01-29T08:00:00Z,DOGE_USDT,OK,2026-01-29T07:30:00Z,2026-01-29T08:00:00Z,30,638,1940779.95,236929.4764992,0.12207951576334040342904408096342916155950601200306,a8b40ca381e3d5d2cc7b758d7b21496b0d0d611e5dc05ee0d171258c96673d7b
2026-01-29T08:00:00Z,ETC_USDT,OK,2026-01-29T07:30:00Z,2026-01-29T08:00:00Z,30,37,1065.828,12022.041121,11.279532083037788461177600888698739383840544628214,9812502512c2bb2ebaa599e59f68f88fcd8b7ff0cac14b9bcb68f5a4d04a60e7
2026-01-30T08:00:00Z,BSV_USDT,OK,2026-01-30T07:30:00Z,2026-01-30T08:00:00Z,30,85,351.438,5957.2516,16.951074158172992106715836079194623233685600305032,97264f0926ccc2cc7bd548b4224fef3825d1a2a06b0c07be27e4d8684859e742
2026-01-30T08:00:00Z,BTC_USDT,OK,2026-01-30T07:30:00Z,2026-01-30T08:00:00Z,30,12171,513.913592,42490591.0508594,82680.418872555135689036222260492382540448550736132,3c6f69c0b6510a6ddeb2936d050e0a6355868ae1541889c2aacc99f2e640de30
2026-01-30T08:00:00Z,BCH_USDT,OK,2026-01-30T07:30:00Z,2026-01-30T08:00:00Z,30,493,499.899,274033.67078,548.17807353085323235293529292917169268192174819314,7bb8a26021ed6b81aa7d7b0c529d8817cdf71d6599002e5857ee8ba929458624
2026-01-30T08:00:00Z,LTC_USDT,OK,2026-01-30T07:30:00Z,2026-01-30T08:00:00Z,30,258,1165.065,74727.31092,64.140035894992983224111959418573212653371271130795,b5a5e26ccc7536961bb5c91a759abb904a989bb0e02cabb0bb8095c7509bbca8
2026-01-30T08:00:00Z,DOGE_USDT,OK,2026-01-30T07:30:00Z,2026-01-30T08:00:00Z,30,1002,3030754.64,346056.1649222,0.11418151781570810364246443915367560074081087606617,47a0742e719c9bd1aef73700153448c017cff84cc9ed91cb84a3644d1e8a3efa
2026-01-30T08:00:00Z,ETC_USDT,OK,2026-01-30T07:30:00Z,2026-01-30T08:00:00Z,30,269,4114.783,43525.234709,10.577771588197968155307339414982515481375324045035,47f553badf985322a464f5393c5d474a679ddeb749b1923e0a46670c0cde6fd4
2026-01-31T08:00:00Z,BSV_USDT,OK,2026-01-31T07:30:00Z,2026-01-31T08:00:00Z,30,52,508.25,8585.24563,16.891776940482046237088047220855878012788981800295,5bf3479d4a78166e97ad9b924f497ba7ed06ff5e40be98b4fc5aa3f49245fd89
2026-01-31T08:00:00Z,BTC_USDT,OK,2026-01-31T07:30:00Z,2026-01-31T08:00:00Z,30,10675,520.377071,43457030.9422607,83510.656721961333304018693014243127557017207624046,b11daf0ae8f2d9bf41c40fdeea581314503fdfd01af80ce4921c05c9800cbd24
2026-01-31T08:00:00Z,BCH_USDT,OK,2026-01-31T07:30:00Z,2026-01-31T08:00:00Z,30,297,100.335,54291.64938,541.10379608312154283151442667065331140678726267006,786d8ebccd4e824b5fa94931554129ab2ba7562bfae531102d6a5213cb3f2ffb
2026-01-31T08:00:00Z,LTC_USDT,OK,2026-01-31T07:30:00Z,2026-01-31T08:00:00Z,30,442,2315.1,147627.5581,63.767248974126387629044101766662347198825104747095,5aaae8325c59d6f4c04768c333e8a18b395d3996708be9ec0e2457ce6d083132
2026-01-31T08:00:00Z,DOGE_USDT,OK,2026-01-31T07:30:00Z,2026-01-31T08:00:00Z,30,1430,3384651.83,381507.352406,0.11271686766257432156618602628915010144485082827559,9d562248ddb91ff22f387f6cfc812ba9a7bc05983664411237027a4a48d64caa
2026-01-31T08:00:00Z,ETC_USDT,OK,2026-01-31T07:30:00Z,2026-01-31T08:00:00Z,30,225,7620.924,78982.65346,10.36392089200732089704607997665374959781779742194,12970f4ff427b2a023a0d891fe6d875e870b350e135fb67a5957261880d7cb95
2026-02-01T08:00:00Z,BSV_USDT,OK,2026-02-01T07:30:00Z,2026-02-01T08:00:00Z,30,133,486.012,7700.95157,15.845188122927005917549360921129519435734097100483,ba33d88f9330ea27fe31fe329ba0a9e19380a829ddca44b5414af4c20bc2484a
2026-02-01T08:00:00Z,BTC_USDT,OK,2026-02-01T07:30:00Z,2026-02-01T08:00:00Z,30,10087,300.165715,23548045.6596485,78450.150976264894210186529797382089423503946811514,b6d75e4abee111bad55beed38e513460aeec8e03df3bd4b3baa26c524e29993b
2026-02-01T08:00:00Z,BCH_USDT,OK,2026-02-01T07:30:00Z,2026-02-01T08:00:00Z,30,661,404.642,212426.67155,524.97435152554603822638282728930758547061352998453,9dc161a5bd40c0ed809cd9fcffbf475e35dafb5406fd0ea4bc0d8a4996e3ca8e
2026-02-01T08:00:00Z,LTC_USDT,OK,2026-02-01T07:30:00Z,2026-02-01T08:00:00Z,30,295,1887.736,112420.16408,59.552905745294892929943593807608691045781825424742,c63c630b4bbe82723a08d038ff61773ed15c2a4b410b705b7b00df4db3e1b98c
2026-02-01T08:00:00Z,DOGE_USDT,OK,2026-02-01T07:30:00Z,2026-02-01T08:00:00Z,30,1547,4665125.73,493732.471217,0.10583476197478604719191566140276352208839610417102,b8d58cce241fb8ee47d1d7a345eabbe6aa5c054df34ea63231aa1d8e396b8782
2026-02-01T08:00:00Z,ETC_USDT,OK,2026-02-01T07:30:00Z,2026-02-01T08:00:00Z,30,180,4788.463,47223.713461,9.8619773110912624781688821653211061670519329480044,fbf267878f67a3c4f17dd8d38454dbe1a6eaa3705d9e583c4602f6d7a6165853
2026-02-02T08:00:00Z,BSV_USDT,OK,2026-02-02T07:30:00Z,2026-02-02T08:00:00Z,30,98,573.469,8671.97535,15.12196012338940727397644859617520737825409917537,6ef099f5f4720c6a8c68fdc231b9e5253d008a506cbe1ff555f0ab0b29dbcd3a
2026-02-02T08:00:00Z,BTC_USDT,OK,2026-02-02T07:30:00Z,2026-02-02T08:00:00Z,30,27818,460.31932,35280919.4826502,76644.446473917714337951316055993478613932606608821,5e6f4811e0acebd870bf61ee27bfd0897b6e3be0c0238d8bb0ffabf898c1b119
2026-02-02T08:00:00Z,BCH_USDT,OK,2026-02-02T07:30:00Z,2026-02-02T08:00:00Z,30,632,317.045,162713.53741,513.21906167894147518491065937012096074689712816793,def070bf6a048e4566df484d5b8160f4bfb08977e282684ee2cc27df4f50237b
2026-02-02T08:00:00Z,LTC_USDT,OK,2026-02-02T07:30:00Z,2026-02-02T08:00:00Z,30,472,2833.614,165482.48513,58.399797971777383934438494445609034963830641717609,8e06af85ab438b9b7d20355b074a0e0737ade4c7ce931e685e54372c0dfcad79
2026-02-02T08:00:00Z,DOGE_USDT,OK,2026-02-02T07:30:00Z,2026-02-02T08:00:00Z,30,1835,5548032.44,574177.9440329,0.10349217497237633311314956911102704367027817883487,575ec1f9ffb2e5dc4d33fdb2171013e6bcc68f0638accb8c71982593f8bbdb3a
2026-02-02T08:00:00Z,ETC_USDT,OK,2026-02-02T07:30:00Z,2026-02-02T08:00:00Z,30,406,8044.212,76356.246161,9.492072829632038539014138364329532836777548876136,dd189b80e94d4687a030d20e0689c1cf86abec6762089821544492e5e559c43b
2026-02-03T08:00:00Z,BSV_USDT,OK,2026-02-03T07:30:00Z,2026-02-03T08:00:00Z,30,62,291.524,4546.97902,15.597271648303398691016863105610515772286329770448,cc60453e897750019c06b2aa720c6a1bde0dad619fc62796d74eb74b7d31585f
2026-02-03T08:00:00Z,BTC_USDT,OK,2026-02-03T07:30:00Z,2026-02-03T08:00:00Z,30,10654,284.345335,22406834.4270859,78801.484213151940755419813727557724834838595118854,b4c8de1df8ecdfd574af024b90a7c8573e2a6fb1bd0a3c77e64e902803425ef1
2026-02-03T08:00:00Z,BCH_USDT,OK,2026-02-03T07:30:00Z,2026-02-03T08:00:00Z,30,398,82.206,43624.61175,530.6743029705860886066710459090577330121888913218,d0f2ff77ecd6b4a635f1c8f54c27a378105e568414f9b0497413739c81b61557
2026-02-03T08:00:00Z,LTC_USDT,OK,2026-02-03T07:30:00Z,2026-02-03T08:00:00Z,30,147,493.736,29772.58816,60.300622518916992076737365717711489540969262925936,061d29457c2210627d1ad67097346b098d5cdd9d32b7998500ca669dda7b2938
2026-02-03T08:00:00Z,DOGE_USDT,OK,2026-02-03T07:30:00Z,2026-02-03T08:00:00Z,30,1367,3893225.7,421284.9917462,0.1082097530965646301985523212794983861326097790837,51b3d952c70e1f0938530f1bb738430be7f592d977c4cb2eb6769dbd3602bd92
2026-02-03T08:00:00Z,ETC_USDT,OK,2026-02-03T07:30:00Z,2026-02-03T08:00:00Z,30,172,2733.244,26690.635126,9.7651856643607376436205475983849228243069407634298,b636c05ff6ddb3b3cad0b10511c91673e967622f534c53f46da3d98cec87cf85
2026-02-04T08:00:00Z,BSV_USDT,OK,2026-02-04T07:30:00Z,2026-02-04T08:00:00Z,30,51,163.332,2534.5153,15.517567286263561335194573016922587123160189062768,975bea97c7c5fb90cc9b5cada18d0cb44c2a1d19d3cdd1a8c941a99f93c55dcd
2026-02-04T08:00:00Z,BTC_USDT,OK,2026-02-04T07:30:00Z,2026-02-04T08:00:00Z,30,9056,340.655336,26061999.3666471,76505.478154750231183814481626085551761326292566866,73fa07e43e2d3cfb692abc01438af19d6e30a516d8efc4dbd8a6cbc65f79df3a
2026-02-04T08:00:00Z,BCH_USDT,OK,2026-02-04T07:30:00Z,2026-02-04T08:00:00Z,30,317,60.835,32329.1983,531.42431659406591600230130681351195857647735678475,ccfbdf32ea1d54c626ed23c7500980b4b395815e11e994a8e4e0db0f656ae7e0
2026-02-04T08:00:00Z,LTC_USDT,OK,2026-02-04T07:30:00Z,2026-02-04T08:00:00Z,30,559,3039.621,185069.42826,60.885692084638183510378432047942819186997326311405,ee0435a94afcaf3f7442306ab6427b8f4ed693158db8781443190e726bf05851
2026-02-04T08:00:00Z,DOGE_USDT,OK,2026-02-04T07:30:00Z,2026-02-04T08:00:00Z,30,1022,4154169.28,451125.9658014,0.10859595153556188254321691965330791719686492891306,0ed0f2640a4cd7bbcc1f1ecbefbeee164057129e3d442fdd826da3b7b1fc7fb1
2026-02-04T08:00:00Z,ETC_USDT,OK,2026-02-04T07:30:00Z,2026-02-04T08:00:00Z,30,422,17312.239,168821.72463,9.7515823707147296198949194266553274824821907784429,9e51e0bcbdfd6bd54102a26b77fee5dce15d01ad4de8e5aeea629be275029888
2026-02-05T08:00:00Z,BSV_USDT,OK,2026-02-05T07:30:00Z,2026-02-05T08:00:00Z,30,104,754.393,10580.98238,14.025822588491674763684180526595554306574954963792,b9fab1875c47b9a00dc71cfc099da89ee3310e94e3992ec58437c40dea5bcf31
2026-02-05T08:00:00Z,BTC_USDT,OK,2026-02-05T07:30:00Z,2026-02-05T08:00:00Z,30,13183,480.302325,34140054.4402935,71080.343906920500540987387475169935935663022243334,06f8c6ace9929395c55f18468c8c89722cda7f3898e96020dd7c9c0494207dfc
2026-02-05T08:00:00Z,BCH_USDT,OK,2026-02-05T07:30:00Z,2026-02-05T08:00:00Z,30,651,446.982,236789.75239,529.75232199506915267281456523976356989766925737502,4b481f68b8ddfdcdc297344512de03052a4a11eb0a6818b4a1c0bf3e5ef51a12
2026-02-05T08:00:00Z,LTC_USDT,OK,2026-02-05T07:30:00Z,2026-02-05T08:00:00Z,30,610,1271.998,73609.18212,57.868944856831535898641350065015825496580969466933,eb1035d8b40531bc6836bc5be79cfbda051c8226c6fc72b011b45ff388ade704
2026-02-05T08:00:00Z,DOGE_USDT,OK,2026-02-05T07:30:00Z,2026-02-05T08:00:00Z,30,999,2784192.22,283256.5265012,0.10173741757715277287859097602104498374038269527238,32a00d7f6e2bdac43a76cdad6db9260ab8960e2820b3d7d55b6f05c399351199
2026-02-05T08:00:00Z,ETC_USDT,OK,2026-02-05T07:30:00Z,2026-02-05T08:00:00Z,30,333,9578.04,87689.218825,9.1552362304813928528174866674183862251567126468463,11db3b13e072e74a2d917bab6c848160578a4f138a34528299e7c26cf78d6b9f
2026-02-06T08:00:00Z,BSV_USDT,OK,2026-02-06T07:30:00Z,2026-02-06T08:00:00Z,30,35,172.75,2189.03904,12.671716584659913169319826338639652677279305354559,906b5f65f1081d8ddfe918e37ddffb6e71c51f217a2430f4715ba2029aaf49c8
2026-02-06T08:00:00Z,BTC_USDT,OK,2026-02-06T07:30:00Z,2026-02-06T08:00:00Z,30,20532,1334.950856,86866084.8397087,65070.623723176742919740859733940647774677332391628,62ac8cec41a4fc69f0119a65e78152c5b28a9b43b4a6e436b9279c86b1eb0728
2026-02-06T08:00:00Z,BCH_USDT,OK,2026-02-06T07:30:00Z,2026-02-06T08:00:00Z,30,448,361.591,168568.60614,466.18584572071760635635289595150321772389246413766,f92bfc634ed96142c004bb195349a4186274df523b3c08104f3fa3f1c88cab00
2026-02-06T08:00:00Z,LTC_USDT,OK,2026-02-06T07:30:00Z,2026-02-06T08:00:00Z,30,729,2797.19,142969.67639,51.111893146336144487861031964221236312156128114286,176ed81dca5060fdd235c3df4a0c720b8a2903d998795019ea9c7d33bd845687
2026-02-06T08:00:00Z,DOGE_USDT,OK,2026-02-06T07:30:00Z,2026-02-06T08:00:00Z,30,1573,6513454.9,593537.2722802,0.091124799571453239048296780254055340123718366423325,5f3c9fd509a9c3b431f9581dddc098d645c09de8319e3b0939b51328ba2a7739
2026-02-06T08:00:00Z,ETC_USDT,OK,2026-02-06T07:30:00Z,2026-02-06T08:00:00Z,30,339,17096.749,140060.851921,8.1922505805635913588016060831214168260878135369479,37d29a217f1b64432b5ed35d75a87b3acfde7ab5d0c90673594edb3dfd788553
2026-02-07T08:00:00Z,BSV_USDT,OK,2026-02-07T07:30:00Z,2026-02-07T08:00:00Z,30,691,2200.02,30892.81163,14.042059449459550367723929782456523122517068026654,be6aeb9b6c0bad45a21155ba12e7320bbf64f4b2ff89ab3f79a19024d19f61e0
2026-02-07T08:00:00Z,BTC_USDT,OK,2026-02-07T07:30:00Z,2026-02-07T08:00:00Z,30,30886,1203.780228,82006932.1283928,68124.504972674131677132015496104327109782035728867,f03da329e67df157cf0865a806e341d40dde9a9a8c9a06b6359b7cb1d8d67d2c
2026-02-07T08:00:00Z,BCH_USDT,OK,2026-02-07T07:30:00Z,2026-02-07T08:00:00Z,30,945,954.619,497264.86322,520.90400800738305020117973767544957726590398892123,c05b78893e2b82cef239fec9802df23b76988d4725122b9644e66e39075016cf
2026-02-07T08:00:00Z,LTC_USDT,OK,2026-02-07T07:30:00Z,2026-02-07T08:00:00Z,30,731,2448.153,131421.31535,53.681822725131966833772235640501226843256936964316,e288d621fc3bb362737fdc9bc645ab982cb3da2e1d9c174d68e0aa88f287a54b
2026-02-07T08:00:00Z,DOGE_USDT,OK,2026-02-07T07:30:00Z,2026-02-07T08:00:00Z,30,1926,6026503.75,578073.0777322,0.095921798394666227495502678480868779016357535660705,5b4b24ec0fa9c5c6bef934e667fdc79af64878ce5dacbb44381cb936e0fcb327
2026-02-07T08:00:00Z,ETC_USDT,OK,2026-02-07T07:30:00Z,2026-02-07T08:00:00Z,30,488,11183.421,95723.255275,8.5593894100025385792057725449126881658125899042878,707bd05c8ff4f4443df33dd55b922e2675492345d30a48ee6e65936e02cb8b78
2026-02-08T08:00:00Z,BSV_USDT,OK,2026-02-08T07:30:00Z,2026-02-08T08:00:00Z,30,33,143.124,1979.75786,13.832465973561387328470417260557279002822727145692,99e7339ab152baa1fb744b653c27768b0697807b04537627c8287706a10da12e
2026-02-08T08:00:00Z,BTC_USDT,OK,2026-02-08T07:30:00Z,2026-02-08T08:00:00Z,30,5232,210.950503,14674445.5791259,69563.453845501852157233301311445557444345131521208,d865cf253ab3a406628f21a308697782519f39b7909f137e30526542124f6699
2026-02-08T08:00:00Z,BCH_USDT,OK,2026-02-08T07:30:00Z,2026-02-08T08:00:00Z,30,84,36.751,19226.4584,523.15470055236592201572746319828031890288699627221,9a9909ecc8adb7ad1961861a782ec68af9d37e9731ccb14fafc29f1ed14cd3fb
2026-02-08T08:00:00Z,LTC_USDT,OK,2026-02-08T07:30:00Z,2026-02-08T08:00:00Z,30,175,1197.96,65861.5506,54.978088250025042572373034158068716818591605729741,0ccb84a47853a7749faf195b6adffd17bca077035c10c89a41536003184ec9e2
2026-02-08T08:00:00Z,DOGE_USDT,OK,2026-02-08T07:30:00Z,2026-02-08T08:00:00Z,30,641,1921563.23,185920.34399,0.096754736501697110430240695228124239242442206806799,f9b473080f171ee344f2c6294879234085fbdfdf4e8dcdbac8c2634a5f12a5f1
2026-02-08T08:00:00Z,ETC_USDT,OK,2026-02-08T07:30:00Z,2026-02-08T08:00:00Z,30,54,2725.052,23551.022315,8.6424120769071562671097652448467038427156619396621,e0cfe324eae520470bbacb24fb5b4939ef3de1a36cc3c58f0f8e534f3d45c1cf
2026-02-09T08:00:00Z,BSV_USDT,OK,2026-02-09T07:30:00Z,2026-02-09T08:00:00Z,30,177,589.507,8345.37289,14.156528913142676846924633634545476135143433411308,4e6d17c5a499f7d3edc68d4fc9ce615f3bd99a3a6ab2a77ffab473ce14a26374
2026-02-09T08:00:00Z,BTC_USDT,OK,2026-02-09T07:30:00Z,2026-02-09T08:00:00Z,30,7785,302.16065,21307336.5524182,70516.582991260443740771672287572852388290798288923,47d64f9124fbf4a2a5bc4f64aba9c62610ecf6410122dd6468733fa4ce42fd0e
2026-02-09T08:00:00Z,BCH_USDT,OK,2026-02-09T07:30:00Z,2026-02-09T08:00:00Z,30,254,82.892,43311.91836,522.51023452202866380350335376152101529701298074603,b2caf4028d774f96cf7d3e0e7fa47ef68488c660bc48805d6875197f7c118d7c
2026-02-09T08:00:00Z,LTC_USDT,OK,2026-02-09T07:30:00Z,2026-02-09T08:00:00Z,30,212,685.751,37146.85254,54.169592957210416025641960420035843914190427720849,c106ecc58c09770cedfbf29b7f8f7038a79d882a5a0c8c741d3a808a6f4c4117
2026-02-09T08:00:00Z,DOGE_USDT,OK,2026-02-09T07:30:00Z,2026-02-09T08:00:00Z,30,711,3376712.52,322060.6952607,0.095376995629080085265890505834355125973235056444781,9f3936a7b7668545d88997711977cc7c073f42c7937f5d5fe4d16385dec1d24c
2026-02-09T08:00:00Z,ETC_USDT,OK,2026-02-09T07:30:00Z,2026-02-09T08:00:00Z,30,114,3225.058,27476.222978,8.5196058421274904203273243457947112889132536531126,a34da853786fe03b1fa7b3603e1417952db889b3df404adfaacd97c68e051b50
2026-02-10T08:00:00Z,BSV_USDT,OK,2026-02-10T07:30:00Z,2026-02-10T08:00:00Z,30,43,165.085,2309.29504,13.988521307205379047157524911409274010358300269558,1ccd26ce40d77ddb6452e08a45d14ec62063730690f4459c04318c75db03abe4
2026-02-10T08:00:00Z,BTC_USDT,OK,2026-02-10T07:30:00Z,2026-02-10T08:00:00Z,30,6767,222.379147,15338631.3111339,68975.133316497072452571283583527730682409713533077,2cfd7a5479e867d69070946c4070aab6dd53d951cd5029a3469c26e4205f0c89
2026-02-10T08:00:00Z,BCH_USDT,OK,2026-02-10T07:30:00Z,2026-02-10T08:00:00Z,30,53,4.201,2184.78051,520.06201142585098786003332539871459176386574625089,a3a4e887c4d6e4de248d66fb05165bd6958f4a010aea4d1c86f46575550c5365
2026-02-10T08:00:00Z,LTC_USDT,OK,2026-02-10T07:30:00Z,2026-02-10T08:00:00Z,30,145,332.797,17681.30552,53.129401767443817101716662109333918274503676415352,5ec8df871cf51ca52055e2bb6064305df140279e902531fc2c530e3810f9151b
2026-02-10T08:00:00Z,DOGE_USDT,OK,2026-02-10T07:30:00Z,2026-02-10T08:00:00Z,30,539,2451629.08,229550.773059,0.093631934345875845133962923950959172013084458926389,75ad4f470eabc47adf0303974f93af1c54b334941720acdfe02858d8dafd3e77
2026-02-10T08:00:00Z,ETC_USDT,OK,2026-02-10T07:30:00Z,2026-02-10T08:00:00Z,30,60,4228.396,35442.998319,8.3821378884569940942144491670127395825745743776127,06b59acdcfa68af41957c63305f2ce6700bb241eb536dbb3ef01d1b12bd74f63
2026-02-11T08:00:00Z,BSV_USDT,OK,2026-02-11T07:30:00Z,2026-02-11T08:00:00Z,30,56,321.605,4406.25676,13.700834128822624026367749257629701030767556474557,693a85c3002d3decefea2b8e76f6a17ca07fe3251d80373c7fe729a4df7cf0f7
2026-02-11T08:00:00Z,BTC_USDT,OK,2026-02-11T07:30:00Z,2026-02-11T08:00:00Z,30,10013,421.931763,28312511.1517788,67102.109000925820320381995038377805180787017449549,f2f0cf1d346ef88abc8be891ba7c7fd565716e9de6e3a26b6bfa329020c5f1bc
2026-02-11T08:00:00Z,BCH_USDT,OK,2026-02-11T07:30:00Z,2026-02-11T08:00:00Z,30,118,46.208,23989.01569,519.152867252423822714681440443213296398891966759,e9b32fbea4982340ffda578c973b1473380084dc6808aa137b49a33fc51e7927
2026-02-11T08:00:00Z,LTC_USDT,OK,2026-02-11T07:30:00Z,2026-02-11T08:00:00Z,30,211,414.48,21633.06019,52.19325465643698127774560895580003860258637328701,dadbcea83ba9a8e52955ac14dc892828c43b3a65736e90db4007f197ec0e4cfe
2026-02-11T08:00:00Z,DOGE_USDT,OK,2026-02-11T07:30:00Z,2026-02-11T08:00:00Z,30,766,3072827.33,278883.7322583,0.090758022598783642034321531499786549997913485102985,d6ee87390d1a374072f9454e5791268d0f2756a566b46d4fda10fdda29ba11e0
2026-02-11T08:00:00Z,ETC_USDT,OK,2026-02-11T07:30:00Z,2026-02-11T08:00:00Z,30,61,3166.94,25631.973232,8.0936087301938148496656078106942348134161051361882,fb931b4964a5af0b3d6a1349b71c081d6236f806c19246b700bc9be9baa48149
2026-02-12T08:00:00Z,BSV_USDT,OK,2026-02-12T07:30:00Z,2026-02-12T08:00:00Z,30,25,160.108,2317.12443,14.472258912733904614385289929297724036275514028031,ea84341dfd8650a8134f7f31182faf88710b3a395c081a33f25f51d86dd46163
2026-02-12T08:00:00Z,BTC_USDT,OK,2026-02-12T07:30:00Z,2026-02-12T08:00:00Z,30,5353,225.606117,15155731.645008,67177.840062767447036908134897778503053620660471719,514bd4a66b901feee1f614b966512ce6d1bc01e8cdc9cb6e0104e9c1f9a40165
2026-02-12T08:00:00Z,BCH_USDT,OK,2026-02-12T07:30:00Z,2026-02-12T08:00:00Z,30,170,41.26,21071.93306,510.71093213766359670382937469704314105671352399418,ddb6504e5da8a49d07a634a9481d1e521be06cac4230c281fd728b1c2c2ce6c1
2026-02-12T08:00:00Z,LTC_USDT,OK,2026-02-12T07:30:00Z,2026-02-12T08:00:00Z,30,108,158.943,8454.05082,53.189198769370151563768143296653517298654234536909,978d65833dec027a6d61266652d9b42f1f898b5d657c0af04fd0c651c3289997
2026-02-12T08:00:00Z,DOGE_USDT,OK,2026-02-12T07:30:00Z,2026-02-12T08:00:00Z,30,583,2439029.5,226584.0943985,0.092899284079384853688731522107461184868817699826919,319b3451271045e107bfddc2c11e6049b603c5201a029b11f02c9ec4e6ee50f0
2026-02-12T08:00:00Z,ETC_USDT,OK,2026-02-12T07:30:00Z,2026-02-12T08:00:00Z,30,42,2166.617,18053.213768,8.3324435135513106377361573365297142965277204046677,3c82fc18865bd2717f927c2ed07b892f417e8f19d431e73a77c03ff56a7067b4
2026-02-13T08:00:00Z,BSV_USDT,OK,2026-02-13T07:30:00Z,2026-02-13T08:00:00Z,30,222,904.556,13968.04502,15.441879795170227161170784340604672347538460858145,8239901eacb8c39aaa68e6f8ef1cf3bea24adc20e383a1ac80dc2b1b2b812c18
2026-02-13T08:00:00Z,BTC_USDT,OK,2026-02-13T07:30:00Z,2026-02-13T08:00:00Z,30,4769,311.848156,20649471.8615535,66216.430863081646697311238871010030920304688285539,32645c0dd3896d663f36e8ed726cad799bd3a1a862c187486d7b3d361d34d723
2026-02-13T08:00:00Z,BCH_USDT,OK,2026-02-13T07:30:00Z,2026-02-13T08:00:00Z,30,64,20.834,10656.62148,511.5014629931842181050206393395411346836901219161,a965b9d19b28c4207b1675404aeb9ccf6081a57c301ae6d4cc0076435e003c53
2026-02-13T08:00:00Z,LTC_USDT,OK,2026-02-13T07:30:00Z,2026-02-13T08:00:00Z,30,54,108.851,5747.2612,52.799342220099034459949839689116314962655372940993,e84da63269e54df63f485c4d5fe06bb6163d536d20a37821960816bb1a448b7b
2026-02-13T08:00:00Z,DOGE_USDT,OK,2026-02-13T07:30:00Z,2026-02-13T08:00:00Z,30,679,3338837.73,310837.9590469,0.093097653789511956904835863346973738672828523475443,4f84fc4f288f748bf5ad377b1d9fd4c597a4a8d3670c740b93769791647a9453
2026-02-13T08:00:00Z,ETC_USDT,OK,2026-02-13T07:30:00Z,2026-02-13T08:00:00Z,30,22,1323.993,10841.129708,8.1882077231526148552144913152864101245248275481819,ad92df74a9704265bb4c16c47e02989a4aa085c8375f70bd7b4bacb6231aefad
2026-02-14T08:00:00Z,BSV_USDT,OK,2026-02-14T07:30:00Z,2026-02-14T08:00:00Z,30,111,452.417,7391.57176,16.337962012921707186069488989140549537263188606971,52ef7acef8363a125841113d0127852df2a3579fc1f97c824314b0fea9ed948e
2026-02-14T08:00:00Z,BTC_USDT,OK,2026-02-14T07:30:00Z,2026-02-14T08:00:00Z,30,5181,362.28744,25058438.3033019,69167.284141293719704994465168320491596396496660221,6c8e6e6318bc21529d07750ff55c4d0895b2b2eebf7530af3451109c8ca0111c
2026-02-14T08:00:00Z,BCH_USDT,OK,2026-02-14T07:30:00Z,2026-02-14T08:00:00Z,30,275,97.358,54802.25194,562.89418373425912611187575751350685100351280839787,0d597b1e2a15bc55d8035c4a2b38c26e0cf420bda599d2ef4e5ac56c9b1f2da7
2026-02-14T08:00:00Z,LTC_USDT,OK,2026-02-14T07:30:00Z,2026-02-14T08:00:00Z,30,104,385.119,21272.4089,55.235937203825311137596431232943583671540484889086,c249d10fe4a212f2aad30b0109f298549f3bcd3343d9ad08e99622310042c7e7
2026-02-14T08:00:00Z,DOGE_USDT,OK,2026-02-14T07:30:00Z,2026-02-14T08:00:00Z,30,592,2545516.51,245827.9992279,0.0965729345153216075585382865970883056657133997532,c11981651d6b467aa717c81fb90bd7f9a4b4b2c9dcb6febbfcc66f99665b81e2
2026-02-14T08:00:00Z,ETC_USDT,OK,2026-02-14T07:30:00Z,2026-02-14T08:00:00Z,30,59,3257.761,28111.391045,8.6290526054550963069420991902106999255009805814484,c0dd36b241011f1d3369b48123e5203b8d1099344cb891d174931428e2874ff5
2026-02-15T08:00:00Z,BSV_USDT,OK,2026-02-15T07:30:00Z,2026-02-15T08:00:00Z,30,126,498.083,8844.27213,17.756623153169250907981199920495178514424302776846,6d374615f340e044b44452ccaea749bbb742667ca172f735530c6ca01ab27cd4
2026-02-15T08:00:00Z,BTC_USDT,OK,2026-02-15T07:30:00Z,2026-02-15T08:00:00Z,30,7518,305.82566,21641742.8254691,70764.967287143596779943187239422617448123875543995,fe6046c5ca1976b465e0dc5fc14e8ea8520df50b52362659a417fcf757cae0ba
2026-02-15T08:00:00Z,BCH_USDT,OK,2026-02-15T07:30:00Z,2026-02-15T08:00:00Z,30,137,130.388,73214.89405,561.51558463969076908917998588827192686443537748873,670250c1f61cd1d0f468e428ad6c7238b83ae4fb3ee6560fc0ccf24800f7d014
2026-02-15T08:00:00Z,LTC_USDT,OK,2026-02-15T07:30:00Z,2026-02-15T08:00:00Z,30,150,640.71,36194.83197,56.491754413072997143793603970595121037598913705108,3b5d81a192545e81878cf5f1ac9e7afc5192fcdc7318d13d9be0815ebbac3957
2026-02-15T08:00:00Z,DOGE_USDT,OK,2026-02-15T07:30:00Z,2026-02-15T08:00:00Z,30,1906,4631156.18,537318.0932384,0.11602245149037491540611355499567712700200924772094,6f04db23358a16f79c5cf8156adff77bd2a5480993f3e3d1d51098e5ba1e6b13
2026-02-15T08:00:00Z,ETC_USDT,OK,2026-02-15T07:30:00Z,2026-02-15T08:00:00Z,30,95,3108.991,28371.467932,9.1256191902774887415241793881037288303504255882375,caf20e49e28b470fe3c79068e5ae34508d19d365def7ee2383a7e4eae7e16d82
2026-02-16T08:00:00Z,BSV_USDT,OK,2026-02-16T07:30:00Z,2026-02-16T08:00:00Z,30,102,355.278,5993.56637,16.870074617623382252771069416062914112328936776271,63c2db6dc2788a4910aee5473c505999b370a818e71cb2be504b62608aeb309f
2026-02-16T08:00:00Z,BTC_USDT,OK,2026-02-16T07:30:00Z,2026-02-16T08:00:00Z,30,4151,188.085297,12893351.2582071,68550.553732050092145161139310107796464281841232917,7602e389dc8445a4466e305d8ac6eb5360b2d9d0c2f7f4754f4f98bbb6812235
2026-02-16T08:00:00Z,BCH_USDT,OK,2026-02-16T07:30:00Z,2026-02-16T08:00:00Z,30,218,100.222,55854.68236,557.30959629622238630240865279080441420047494562072,eb777f562731bc093e4e79e58a75a5f4e2e07dbfc81088bf3891bc2f06d30ba1
2026-02-16T08:00:00Z,LTC_USDT,OK,2026-02-16T07:30:00Z,2026-02-16T08:00:00Z,30,101,745.6,40359.45929,54.130176086373390557939914163090128755364806866953,c65b2e94bc3440e15fcfe605068d41dcb8eefe98a6429249c1f326b36accc8c5
2026-02-16T08:00:00Z,DOGE_USDT,OK,2026-02-16T07:30:00Z,2026-02-16T08:00:00Z,30,731,2401146.53,244968.3232641,0.10202139694660783571588194578029355001504218903292,8ca4c93cc5862f6575ea0efac30fa113cedb02d822a6c94739b74c3c4f6359ee
2026-02-16T08:00:00Z,ETC_USDT,OK,2026-02-16T07:30:00Z,2026-02-16T08:00:00Z,30,39,1838.405,15999.504323,8.7029268975008227240461160625651039895996801575279,b9be1c5803b4694471a81e1444a27afeef695fa5718bbb562ae757d6a19289ec
2026-02-17T08:00:00Z,BSV_USDT,OK,2026-02-17T07:30:00Z,2026-02-17T08:00:00Z,30,39,202.343,3440.81623,17.004869108395150808280988222967930691943877475376,1a8c323be53aca54788ef509d9e064cffcf35e7e46c0d7aada55de0143d1f428
2026-02-17T08:00:00Z,BTC_USDT,OK,2026-02-17T07:30:00Z,2026-02-17T08:00:00Z,30,4231,185.037145,12654772.4281595,68390.443595308931079756986090549548848691974792413,926b4ef1e7d5379d692b1e3c7f26da8234c957e9753b43d1c085c3b24a3a2317
2026-02-17T08:00:00Z,BCH_USDT,OK,2026-02-17T07:30:00Z,2026-02-17T08:00:00Z,30,58,6.191,3478.10126,561.79958972702309804554999192376029720562106283314,289ea05586f8e1a78a606d237bcc1c4834e6bf05ca3c67f6d0394e7a0c8ab37e
2026-02-17T08:00:00Z,LTC_USDT,OK,2026-02-17T07:30:00Z,2026-02-17T08:00:00Z,30,172,644.49,35767.88257,55.497963614641033995872705550124904963614641033996,c5286a1f826285c6c5b1e5c3da6218eda3589c2c2320f80ec2684e3e5d216689
2026-02-17T08:00:00Z,DOGE_USDT,OK,2026-02-17T07:30:00Z,2026-02-17T08:00:00Z,30,705,2563741.15,256079.8930528,0.099885237264612303001026449179551531557700355201616,a8f2effcbbe428287bcc75328cc527e1dc01d4d26bf826ac7504095117510391
2026-02-17T08:00:00Z,ETC_USDT,OK,2026-02-17T07:30:00Z,2026-02-17T08:00:00Z,30,23,1007.3,8830.604729,8.7666084870445746053807207386081604288692544425692,00af19c828b5a0ff8ecfed2e4ba3945e2527acf008d3265b342583346d4b1747
2026-02-18T08:00:00Z,BSV_USDT,OK,2026-02-18T07:30:00Z,2026-02-18T08:00:00Z,30,92,315.562,5270.87629,16.703140080237797960464187703208878128545262103802,ed1e5a51a1007a0c8109090ee20f6cbc79f16dc5642d8e7a375d916a95875814
2026-02-18T08:00:00Z,BTC_USDT,OK,2026-02-18T07:30:00Z,2026-02-18T08:00:00Z,30,5635,219.925489,14971236.4757396,68074.13066949961402609408316468492653891518686131,28dd942bee3d5126dcb9cd4866e6cff19dcb22b50d2f60c359edb964aec3c016
2026-02-18T08:00:00Z,BCH_USDT,OK,2026-02-18T07:30:00Z,2026-02-18T08:00:00Z,30,225,59.063,33451.93596,566.37718978040397541608113370468821427966747371451,69be6264c9861dd4d9dbb24ddf5d099d36ee4e34779c654071a60d48326a04c2
2026-02-18T08:00:00Z,LTC_USDT,OK,2026-02-18T07:30:00Z,2026-02-18T08:00:00Z,30,150,441.105,24002.35446,54.414151868602713639609616757914782194715543918115,f5a03cd2f33f4ee422e5dc7db2a3f8ad09efa04135a2fa866bd049a40686984c
2026-02-18T08:00:00Z,DOGE_USDT,OK,2026-02-18T07:30:00Z,2026-02-18T08:00:00Z,30,964,2527008.61,256287.0668275,0.10141915061678400850403117542207345308570199133591,7eeb556ffb9ab3dc1de0c5e9938d8a68e6a76e2bf032ab2ace656fe1d4a380eb
2026-02-18T08:00:00Z,ETC_USDT,OK,2026-02-18T07:30:00Z,2026-02-18T08:00:00Z,30,50,2444.563,21363.154339,8.7390483857442004971849774376851813596131496713318,95dc174226447b06901677b1ddc0f43676e1cffc637b95560ad25e9a206acd15
2026-02-19T08:00:00Z,BSV_USDT,OK,2026-02-19T07:30:00Z,2026-02-19T08:00:00Z,30,73,299.79,4911.18845,16.382095633610193802328296474198605690650121751893,f44a1bea28715654671aed1f0bd15c6bd8cf114db1a4419778542ad09f7b12c2
2026-02-19T08:00:00Z,BTC_USDT,OK,2026-02-19T07:30:00Z,2026-02-19T08:00:00Z,30,3519,145.814335,9798278.3234904,67196.948252655680252562273798388889542307345844975,c4709adbfaf729f12065e7e7346ddaa0933d2531fea2134f7de21acd2763bdfb
2026-02-19T08:00:00Z,BCH_USDT,OK,2026-02-19T07:30:00Z,2026-02-19T08:00:00Z,30,111,55.324,31075.39598,561.69828609645000361506760176415298966090665895452,41a5b1b7b849bc18b77fd5ab4c2169e4137f4f6c0615fd69e37a9243640ed937
2026-02-19T08:00:00Z,LTC_USDT,OK,2026-02-19T07:30:00Z,2026-02-19T08:00:00Z,30,33,84.432,4507.02366,53.380515207504263786242183058555997725980670835702,8e00e3b61f3a2dd3d3beddc8ea3f231a21e5bf5ae60493e6f9750a5d1b1b5cfc
2026-02-19T08:00:00Z,DOGE_USDT,OK,2026-02-19T07:30:00Z,2026-02-19T08:00:00Z,30,1053,9136948.32,899963.9828049,0.09849721715454553430154456646855588212410946415422,92826402821249c14a9b8beeb973534091ed387110de0c89721a226c51619018
2026-02-19T08:00:00Z,ETC_USDT,OK,2026-02-19T07:30:00Z,2026-02-19T08:00:00Z,30,60,3662.913,30961.973213,8.4528279030924294407210872876314561661715689125022,0d73fc0105d5802d6576ca3ed347e46fc802b21ad341bd1f1f3049d72335d281
2026-02-20T08:00:00Z,BSV_USDT,OK,2026-02-20T07:30:00Z,2026-02-20T08:00:00Z,30,41,153.909,2478.28625,16.102282842458855557504759305823571071217407688959,089f703f89af3e3c84027ca5b077097976ae356f2a726de74c5fc81f2af39ad2
2026-02-20T08:00:00Z,BTC_USDT,OK,2026-02-20T07:30:00Z,2026-02-20T08:00:00Z,30,4549,234.292891,15905996.941475,67889.370751223518770785068335684158679829513051679,62b91b03c0c5a9a65d7cde1ba990b2f72e972d3482052767004358126860a6d5
2026-02-20T08:00:00Z,BCH_USDT,OK,2026-02-20T07:30:00Z,2026-02-20T08:00:00Z,30,70,12.598,7048.78424,559.51613271947928242578187013811716145419907921892,2a4dcf33205538610ff45c38933c73e8937722ab1cf347a678655c6d90834b05
2026-02-20T08:00:00Z,LTC_USDT,OK,2026-02-20T07:30:00Z,2026-02-20T08:00:00Z,30,33,120.379,6451.34942,53.591983817775525631547030628265727410927155068575,bb14b1ea19a200571a44463e3573c6b58ce45cb2f05571c462a8ae4a231f2d66
2026-02-20T08:00:00Z,DOGE_USDT,OK,2026-02-20T07:30:00Z,2026-02-20T08:00:00Z,30,639,2056588.1,202947.1831122,0.098681492473966955269263689700431505949100843285051,566bbccda6af700a65a939ce68bb337089034cc50d89789c6087ada06471585c
2026-02-20T08:00:00Z,ETC_USDT,OK,2026-02-20T07:30:00Z,2026-02-20T08:00:00Z,30,33,2120.157,17607.469364,8.3047950524418710501156282294188590750590640221455,17bc8dd85f748568fa5d888a715bd784e30df0b00ac980ce48009490518633a2
2026-02-21T08:00:00Z,BSV_USDT,OK,2026-02-21T07:30:00Z,2026-02-21T08:00:00Z,30,41,204.06,3305.96645,16.200952906008036851906302068019210036263843967461,5b895fe617a801802ed6d51c19a7d11e9659d3b12de5525fb42d034236aaba58
2026-02-21T08:00:00Z,BTC_USDT,OK,2026-02-21T07:30:00Z,2026-02-21T08:00:00Z,30,1732,111.936008,7595142.4994983,67852.540350539390327373475745177548229163219756774,54b9a2b2bc0cf3ab5e091e1518466ea8e9f835d7cd6311e7ab8dc8a3d75d6556
2026-02-21T08:00:00Z,BCH_USDT,OK,2026-02-21T07:30:00Z,2026-02-21T08:00:00Z,30,46,17.414,9834.27435,564.73379751923739519926495922820718961754909842655,d8a59fecc299915e730d5ace2463fdc9e9c5a6f266c85ff68bd48c49c74e6416
2026-02-21T08:00:00Z,LTC_USDT,OK,2026-02-21T07:30:00Z,2026-02-21T08:00:00Z,30,47,45.449,2503.19032,55.076906422583555193733635503531430834561816541618,b1f3cbf5158f0409929c5d19cd9618354a51b8998ceeecf02c09048e9bb020e8
2026-02-21T08:00:00Z,DOGE_USDT,OK,2026-02-21T07:30:00Z,2026-02-21T08:00:00Z,30,549,1427491.5,142856.0942939,0.10007491763971974614209611756006953456465415030492,fadb569afa8bc79337c36871574fc2e88ccf65190d4fee8427ce1d226a44a99d
2026-02-21T08:00:00Z,ETC_USDT,OK,2026-02-21T07:30:00Z,2026-02-21T08:00:00Z,30,81,4504.835,40532.713347,8.9976022089599286100378815206328311691771174748909,70bacb34bab788c67a15caafbccf8c0df3872bd2765686d144926d85328a3246
2026-02-22T08:00:00Z,BSV_USDT,OK,2026-02-22T07:30:00Z,2026-02-22T08:00:00Z,30,34,194.412,3080.02955,15.84279545501306503713762524947019731292307059235,bfc8794c598b656ebb534e7c8a403cabd55da4adf45aa2487ce01e9fda739247
2026-02-22T08:00:00Z,BTC_USDT,OK,2026-02-22T07:30:00Z,2026-02-22T08:00:00Z,30,1803,110.447731,7515451.1539821,68045.319590875977343527319723752405560961682408849,2da149a9636dd4c4a3c3a08e87d7e13129ba1a6d682342054b67b2e0ff9c8ef7
2026-02-22T08:00:00Z,BCH_USDT,OK,2026-02-22T07:30:00Z,2026-02-22T08:00:00Z,30,894,845.713,491078.72682,580.66829624234226031762548287657869750139822847704,da847d03374c5a30730d4a4bc29297b14c97643e5253ff313a5d701bcd2517fa
2026-02-22T08:00:00Z,LTC_USDT,OK,2026-02-22T07:30:00Z,2026-02-22T08:00:00Z,30,108,600.989,32903.19413,54.748413248828181547416009278040030682757920694056,dafcb9c04899b08851651fe0f8d9e2f3f1659b92d3d8cd89736939e3fac05b1f
2026-02-22T08:00:00Z,DOGE_USDT,OK,2026-02-22T07:30:00Z,2026-02-22T08:00:00Z,30,584,1955511.63,190377.2466862,0.097354187909483310002099041466708126916125781363929,7c4d20664ae0e4ca15ef060c124415670e51e43c98a3ddfb5962fd5e6e677daf
2026-02-22T08:00:00Z,ETC_USDT,OK,2026-02-22T07:30:00Z,2026-02-22T08:00:00Z,30,42,1730.132,15279.405635,8.8313525413089868287506386795920773675072191023575,40e28b1475dc52d8a844c54bafbe9da4ba066cfe91304c8726409c26ffd218fe
2026-02-23T08:00:00Z,BSV_USDT,OK,2026-02-23T07:30:00Z,2026-02-23T08:00:00Z,30,24,94.992,1455.58418,15.323229114030655213070574364156981640559204985683,467aef56b9efff8218f0bb71bf1694a0b653479fe143e9d2e59f7e9ffc4460cc
2026-02-23T08:00:00Z,BTC_USDT,OK,2026-02-23T07:30:00Z,2026-02-23T08:00:00Z,30,5517,334.231313,22023253.9329993,65892.252091291338702307644047701778319017045539357,5624c564a062275a4f28182b6ac51c91d6f8bce52108331c5e1144c5d8ee4d15
2026-02-23T08:00:00Z,BCH_USDT,OK,2026-02-23T07:30:00Z,2026-02-23T08:00:00Z,30,109,8.395,4552.84574,542.32825967837998808814770696843359142346634901727,e369df1d20a0829047983962374b8d44247942e7d14b401514c21549a6a1fd53
2026-02-23T08:00:00Z,LTC_USDT,OK,2026-02-23T07:30:00Z,2026-02-23T08:00:00Z,30,54,247.923,12925.07875,52.133439616332490329658805354888412934661164958475,42cef9b38261e0bbe450637a1d3da31520523ab37dc8d7a475642c23c1eae349
2026-02-23T08:00:00Z,DOGE_USDT,OK,2026-02-23T07:30:00Z,2026-02-23T08:00:00Z,30,694,2395591.65,227372.2054006,0.09491275585327741478811716512703657152920866125076,83185d7b6ddf2f22dd85744888b625662c0fe8ab6d9a9bcfaaf6d116f37ee896
2026-02-23T08:00:00Z,ETC_USDT,OK,2026-02-23T07:30:00Z,2026-02-23T08:00:00Z,30,57,2956.985,24524.271996,8.2936748059256303295417460690534446404023016687606,01fa461ed012956d9540f07fd9234da0822c7e0f6fec9721e7d2bfa147ef8211
2026-02-24T08:00:00Z,BSV_USDT,OK,2026-02-24T07:30:00Z,2026-02-24T08:00:00Z,30,13,77.722,1155.64213,14.868919096266179460127119734438125627235531767067,ed23eab799494cca7b04cb24615757004716d12c58d6daa52a80695c73d353fd
2026-02-24T08:00:00Z,BTC_USDT,OK,2026-02-24T07:30:00Z,2026-02-24T08:00:00Z,30,6901,519.779536,32810600.0697661,63124.070490081971984368388062126401220997665440988,5627861395f53a737cf4b8522ee034d844da5e51639f0ade75ed2731c22f3d54
2026-02-24T08:00:00Z,BCH_USDT,OK,2026-02-24T07:30:00Z,2026-02-24T08:00:00Z,30,116,28.252,13620.34705,482.10204764264476851196375477842276652980319977347,397ae35df910d4d32672c23163764d423739cff5381465321902aadc6ecbea45
2026-02-24T08:00:00Z,LTC_USDT,OK,2026-02-24T07:30:00Z,2026-02-24T08:00:00Z,30,75,325.944,16545.73069,50.762495060501190388532999533662224185749699334855,cc50ce1d5b18bdac9f4b12d960b4e2bd46a8b826fe3949bdba8acb0736a3f6e8
2026-02-24T08:00:00Z,DOGE_USDT,OK,2026-02-24T07:30:00Z,2026-02-24T08:00:00Z,30,643,2593251.77,236591.0531464,0.091233352612885712982661918707569223022259809351253,a266f7b8105670463e62a9f3fa6649c9276333ee32da679a547a39f18eb412dd
2026-02-24T08:00:00Z,ETC_USDT,OK,2026-02-24T07:30:00Z,2026-02-24T08:00:00Z,30,74,2916.632,23939.895888,8.2080618631352875508463186305300085852448989107985,c828468dc44334bfc57499ddb14644ba7cbeb2fbaf31e1b5f3538f62722fe859
2026-02-25T08:00:00Z,BSV_USDT,OK,2026-02-25T07:30:00Z,2026-02-25T08:00:00Z,30,20,105.55,1683.35863,15.948447465656087162482235907153008053055423969683,c6b3ecef6acd98fb4a9a4b8f8245201a19ebe25361e463b7da96c055667d60e8
2026-02-25T08:00:00Z,BTC_USDT,OK,2026-02-25T07:30:00Z,2026-02-25T08:00:00Z,30,7118,491.927679,31978025.3522458,65005.541906589484670977418207036892510372444401528,44f2523bcf0d116e6cf41b2f1402015afa39c804f54bda9ae1c119a2205e7369
2026-02-25T08:00:00Z,BCH_USDT,OK,2026-02-25T07:30:00Z,2026-02-25T08:00:00Z,30,95,24.882,12214.3096,490.88938188248533076119283015834739972671007153766,a7dd5f74a4b92f71b1c358ae6af18c5894b4b3b79f54b9771b98d9c87e4ad3fb
2026-02-25T08:00:00Z,LTC_USDT,OK,2026-02-25T07:30:00Z,2026-02-25T08:00:00Z,30,168,1317.762,69279.64163,52.573713333667232777997847866306662356328380997479,1947a17b0d628e77fe175460ac2c74163104682e6907846b460f3ecbc178ca67
2026-02-25T08:00:00Z,DOGE_USDT,OK,2026-02-25T07:30:00Z,2026-02-25T08:00:00Z,30,691,2297719.52,212948.2459574,0.092678085425065283860233732966676454922574710076015,be71a89b7685912e97dc946d1fa440d38e1e27f346cef59e53ea999ef1e1dac4
2026-02-25T08:00:00Z,ETC_USDT,OK,2026-02-25T07:30:00Z,2026-02-25T08:00:00Z,30,19,903.056,7544.62304,8.3545461632501195939122269272337485161496075547917,ac4624b2ed69e96318b6ea0097168d2ec6f68ce68a9e96224f2470423b0cd184
2026-02-26T08:00:00Z,BSV_USDT,OK,2026-02-26T07:30:00Z,2026-02-26T08:00:00Z,30,12,25.873,421.30817,16.283699996134966953967456421752405983071155258377,fe442a2068e4274947baf634f5010101ca993629731fef9a66ed5bcb5007504a
2026-02-26T08:00:00Z,BTC_USDT,OK,2026-02-26T07:30:00Z,2026-02-26T08:00:00Z,30,7596,398.274532,27074982.253053,67980.701947201082895252764994775011122227619615909,09c24f1ec2f784a1381eb56ccf1e7334a35025398b97c0082d69220e51fd370b
2026-02-26T08:00:00Z,BCH_USDT,OK,2026-02-26T07:30:00Z,2026-02-26T08:00:00Z,30,133,40.826,20467.87166,501.34403713319943173467888110517807279674717092049,a5ffcdd2d0f60f20be9df8a8c140f96dcf3af565f69aeb0723c7f5e60b16ac16
2026-02-26T08:00:00Z,LTC_USDT,OK,2026-02-26T07:30:00Z,2026-02-26T08:00:00Z,30,124,255.595,14402.52706,56.349017234296445548621843150296367299829808877325,df227a2fefff3c79f6cd80b2055db17bad450f8b94c3400d24e2ea7694aed7aa
2026-02-26T08:00:00Z,DOGE_USDT,OK,2026-02-26T07:30:00Z,2026-02-26T08:00:00Z,30,1037,5149588.64,513002.1537862,0.099620025918458605268322947053883511751727027267949,e1f5bf82d079392ed40b87be44c02eef37bcc5d7cd6543f87991497fee4f6537
2026-02-26T08:00:00Z,ETC_USDT,OK,2026-02-26T07:30:00Z,2026-02-26T08:00:00Z,30,122,3552.158,31805.370852,8.9538164833884078354622739191218408640606639682131,1db9764babec1acdfe1ecb429f84159a53042332218c18be9274015f585e9535
2026-02-27T08:00:00Z,BSV_USDT,OK,2026-02-27T07:30:00Z,2026-02-27T08:00:00Z,30,213,819.213,13123.62727,16.019798599387460892344237701306009548188322206801,3b43d4eecd8004f47e55cdf78c986351a1df97d2bd9af161f9fb820395a23cbd
2026-02-27T08:00:00Z,BTC_USDT,OK,2026-02-27T07:30:00Z,2026-02-27T08:00:00Z,30,7193,445.200413,30103673.0946458,67618.250602669139931817628390205469104090880526654,aab2b8e1d72274b95f7ac6af88b99db52e159127edff7f02874e950c593165bb
2026-02-27T08:00:00Z,BCH_USDT,OK,2026-02-27T07:30:00Z,2026-02-27T08:00:00Z,30,57,24.438,11737.95366,480.31564203289958261723545298305917014485637122514,e17c6c30244b1c6f4e205018929961959f72faf215be8223486bfdfacc8335c8
2026-02-27T08:00:00Z,LTC_USDT,OK,2026-02-27T07:30:00Z,2026-02-27T08:00:00Z,30,217,1522.609,84956.17395,55.796448037546080444815445068300528894811471625348,16a171bef6d3eb532831931b257728edd5b73c766a719cbc597bff03fcf87331
2026-02-27T08:00:00Z,DOGE_USDT,OK,2026-02-27T07:30:00Z,2026-02-27T08:00:00Z,30,1047,6305309.89,618850.7133697,0.098147549314138468141174897908150236847439071705959,31ff9ede6999fc7196cd79e4bedd60ff040423dc1e39e9895b7f21c25b1a9512
2026-02-27T08:00:00Z,ETC_USDT,OK,2026-02-27T07:30:00Z,2026-02-27T08:00:00Z,30,102,4457.354,40087.485342,8.9935610548320819930389195024671587672866009744795,8733ef22cda744dcb2d5690eddd3b2ae2599ad2b7a560612152d0f87704e21cc
2026-02-28T08:00:00Z,BSV_USDT,OK,2026-02-28T07:30:00Z,2026-02-28T08:00:00Z,30,516,2221.575,33356.42907,15.014766132135984605516356638871071199486850545221,e9ff8e59bc1e4bbe11e3e69faca2aa726bb0cc39577f8c3f8e48d6c5662e483b
2026-02-28T08:00:00Z,BTC_USDT,OK,2026-02-28T07:30:00Z,2026-02-28T08:00:00Z,30,19321,925.364787,59134791.0660757,63904.302278227602364990359201986794425104918110527,89b079877eae34b371bb73fd09ae013ed0d3993960d4ae0e2f5120be20e20849
2026-02-28T08:00:00Z,BCH_USDT,OK,2026-02-28T07:30:00Z,2026-02-28T08:00:00Z,30,535,548.923,246269.38599,448.64104071062790227408944423899162541923001951093,bb830efeba19750fe1e929d4f5e69f3378175cc8a76b2b53c17d36ac82fdd5c6
2026-02-28T08:00:00Z,LTC_USDT,OK,2026-02-28T07:30:00Z,2026-02-28T08:00:00Z,30,561,3620.349,191175.47056,52.805812522494378304412088447826438832278324548269,c5dfe64fe8740dae38aa517663685450be7af06a94f3e51a1c76cae77884a37d
2026-02-28T08:00:00Z,DOGE_USDT,OK,2026-02-28T07:30:00Z,2026-02-28T08:00:00Z,30,2265,10540375.54,944910.3345594,0.089646742753474986717598488905453173255722537567196,51c9dd117e5da438f5ad89959cb11fa158893432dcf4e5f32412d4baa6706a47
2026-02-28T08:00:00Z,ETC_USDT,OK,2026-02-28T07:30:00Z,2026-02-28T08:00:00Z,30,311,13642.864,113636.003014,8.3293363485848719154570477283948590266677143450232,57c4c7f665ec1dea43c3c83385074b70406c400458b541edf8ea15e528b6b9eb
